-- MariaDB dump 10.19  Distrib 10.9.8-MariaDB, for debian-linux-gnu (x86_64)
--
-- Host: localhost    Database: darkpatterns
-- ------------------------------------------------------
-- Server version	10.9.8-MariaDB-1:10.9.8+maria~ubu2204

/*!40101 SET @OLD_CHARACTER_SET_CLIENT=@@CHARACTER_SET_CLIENT */;
/*!40101 SET @OLD_CHARACTER_SET_RESULTS=@@CHARACTER_SET_RESULTS */;
/*!40101 SET @OLD_COLLATION_CONNECTION=@@COLLATION_CONNECTION */;
/*!40101 SET NAMES utf8mb4 */;
/*!40103 SET @OLD_TIME_ZONE=@@TIME_ZONE */;
/*!40103 SET TIME_ZONE='+00:00' */;
/*!40014 SET @OLD_UNIQUE_CHECKS=@@UNIQUE_CHECKS, UNIQUE_CHECKS=0 */;
/*!40014 SET @OLD_FOREIGN_KEY_CHECKS=@@FOREIGN_KEY_CHECKS, FOREIGN_KEY_CHECKS=0 */;
/*!40101 SET @OLD_SQL_MODE=@@SQL_MODE, SQL_MODE='NO_AUTO_VALUE_ON_ZERO' */;
/*!40111 SET @OLD_SQL_NOTES=@@SQL_NOTES, SQL_NOTES=0 */;

--
-- Table structure for table `auth_group`
--

DROP TABLE IF EXISTS `auth_group`;
/*!40101 SET @saved_cs_client     = @@character_set_client */;
/*!40101 SET character_set_client = utf8 */;
CREATE TABLE `auth_group` (
  `id` int(11) NOT NULL AUTO_INCREMENT,
  `name` varchar(150) NOT NULL,
  PRIMARY KEY (`id`),
  UNIQUE KEY `name` (`name`)
) ENGINE=InnoDB DEFAULT CHARSET=utf8mb4 COLLATE=utf8mb4_general_ci;
/*!40101 SET character_set_client = @saved_cs_client */;

--
-- Dumping data for table `auth_group`
--

LOCK TABLES `auth_group` WRITE;
/*!40000 ALTER TABLE `auth_group` DISABLE KEYS */;
/*!40000 ALTER TABLE `auth_group` ENABLE KEYS */;
UNLOCK TABLES;

--
-- Table structure for table `auth_group_permissions`
--

DROP TABLE IF EXISTS `auth_group_permissions`;
/*!40101 SET @saved_cs_client     = @@character_set_client */;
/*!40101 SET character_set_client = utf8 */;
CREATE TABLE `auth_group_permissions` (
  `id` bigint(20) NOT NULL AUTO_INCREMENT,
  `group_id` int(11) NOT NULL,
  `permission_id` int(11) NOT NULL,
  PRIMARY KEY (`id`),
  UNIQUE KEY `auth_group_permissions_group_id_permission_id_0cd325b0_uniq` (`group_id`,`permission_id`),
  KEY `auth_group_permissio_permission_id_84c5c92e_fk_auth_perm` (`permission_id`),
  CONSTRAINT `auth_group_permissio_permission_id_84c5c92e_fk_auth_perm` FOREIGN KEY (`permission_id`) REFERENCES `auth_permission` (`id`),
  CONSTRAINT `auth_group_permissions_group_id_b120cbf9_fk_auth_group_id` FOREIGN KEY (`group_id`) REFERENCES `auth_group` (`id`)
) ENGINE=InnoDB DEFAULT CHARSET=utf8mb4 COLLATE=utf8mb4_general_ci;
/*!40101 SET character_set_client = @saved_cs_client */;

--
-- Dumping data for table `auth_group_permissions`
--

LOCK TABLES `auth_group_permissions` WRITE;
/*!40000 ALTER TABLE `auth_group_permissions` DISABLE KEYS */;
/*!40000 ALTER TABLE `auth_group_permissions` ENABLE KEYS */;
UNLOCK TABLES;

--
-- Table structure for table `auth_permission`
--

DROP TABLE IF EXISTS `auth_permission`;
/*!40101 SET @saved_cs_client     = @@character_set_client */;
/*!40101 SET character_set_client = utf8 */;
CREATE TABLE `auth_permission` (
  `id` int(11) NOT NULL AUTO_INCREMENT,
  `name` varchar(255) NOT NULL,
  `content_type_id` int(11) NOT NULL,
  `codename` varchar(100) NOT NULL,
  PRIMARY KEY (`id`),
  UNIQUE KEY `auth_permission_content_type_id_codename_01ab375a_uniq` (`content_type_id`,`codename`),
  CONSTRAINT `auth_permission_content_type_id_2f476e4b_fk_django_co` FOREIGN KEY (`content_type_id`) REFERENCES `django_content_type` (`id`)
) ENGINE=InnoDB AUTO_INCREMENT=45 DEFAULT CHARSET=utf8mb4 COLLATE=utf8mb4_general_ci;
/*!40101 SET character_set_client = @saved_cs_client */;

--
-- Dumping data for table `auth_permission`
--

LOCK TABLES `auth_permission` WRITE;
/*!40000 ALTER TABLE `auth_permission` DISABLE KEYS */;
INSERT INTO `auth_permission` VALUES
(1,'Can add log entry',1,'add_logentry'),
(2,'Can change log entry',1,'change_logentry'),
(3,'Can delete log entry',1,'delete_logentry'),
(4,'Can view log entry',1,'view_logentry'),
(5,'Can add permission',2,'add_permission'),
(6,'Can change permission',2,'change_permission'),
(7,'Can delete permission',2,'delete_permission'),
(8,'Can view permission',2,'view_permission'),
(9,'Can add group',3,'add_group'),
(10,'Can change group',3,'change_group'),
(11,'Can delete group',3,'delete_group'),
(12,'Can view group',3,'view_group'),
(13,'Can add user',4,'add_user'),
(14,'Can change user',4,'change_user'),
(15,'Can delete user',4,'delete_user'),
(16,'Can view user',4,'view_user'),
(17,'Can add content type',5,'add_contenttype'),
(18,'Can change content type',5,'change_contenttype'),
(19,'Can delete content type',5,'delete_contenttype'),
(20,'Can view content type',5,'view_contenttype'),
(21,'Can add session',6,'add_session'),
(22,'Can change session',6,'change_session'),
(23,'Can delete session',6,'delete_session'),
(24,'Can view session',6,'view_session'),
(25,'Can add sample',7,'add_sample'),
(26,'Can change sample',7,'change_sample'),
(27,'Can delete sample',7,'delete_sample'),
(28,'Can view sample',7,'view_sample'),
(29,'Can add user session',8,'add_usersession'),
(30,'Can change user session',8,'change_usersession'),
(31,'Can delete user session',8,'delete_usersession'),
(32,'Can view user session',8,'view_usersession'),
(33,'Can add website group',9,'add_websitegroup'),
(34,'Can change website group',9,'change_websitegroup'),
(35,'Can delete website group',9,'delete_websitegroup'),
(36,'Can view website group',9,'view_websitegroup'),
(37,'Can add website',10,'add_website'),
(38,'Can change website',10,'change_website'),
(39,'Can delete website',10,'delete_website'),
(40,'Can view website',10,'view_website'),
(41,'Can add website in group',11,'add_websiteingroup'),
(42,'Can change website in group',11,'change_websiteingroup'),
(43,'Can delete website in group',11,'delete_websiteingroup'),
(44,'Can view website in group',11,'view_websiteingroup');
/*!40000 ALTER TABLE `auth_permission` ENABLE KEYS */;
UNLOCK TABLES;

--
-- Table structure for table `auth_user`
--

DROP TABLE IF EXISTS `auth_user`;
/*!40101 SET @saved_cs_client     = @@character_set_client */;
/*!40101 SET character_set_client = utf8 */;
CREATE TABLE `auth_user` (
  `id` int(11) NOT NULL AUTO_INCREMENT,
  `password` varchar(128) NOT NULL,
  `last_login` datetime(6) DEFAULT NULL,
  `is_superuser` tinyint(1) NOT NULL,
  `username` varchar(150) NOT NULL,
  `first_name` varchar(150) NOT NULL,
  `last_name` varchar(150) NOT NULL,
  `email` varchar(254) NOT NULL,
  `is_staff` tinyint(1) NOT NULL,
  `is_active` tinyint(1) NOT NULL,
  `date_joined` datetime(6) NOT NULL,
  PRIMARY KEY (`id`),
  UNIQUE KEY `username` (`username`)
) ENGINE=InnoDB DEFAULT CHARSET=utf8mb4 COLLATE=utf8mb4_general_ci;
/*!40101 SET character_set_client = @saved_cs_client */;

--
-- Dumping data for table `auth_user`
--

LOCK TABLES `auth_user` WRITE;
/*!40000 ALTER TABLE `auth_user` DISABLE KEYS */;
/*!40000 ALTER TABLE `auth_user` ENABLE KEYS */;
UNLOCK TABLES;

--
-- Table structure for table `auth_user_groups`
--

DROP TABLE IF EXISTS `auth_user_groups`;
/*!40101 SET @saved_cs_client     = @@character_set_client */;
/*!40101 SET character_set_client = utf8 */;
CREATE TABLE `auth_user_groups` (
  `id` bigint(20) NOT NULL AUTO_INCREMENT,
  `user_id` int(11) NOT NULL,
  `group_id` int(11) NOT NULL,
  PRIMARY KEY (`id`),
  UNIQUE KEY `auth_user_groups_user_id_group_id_94350c0c_uniq` (`user_id`,`group_id`),
  KEY `auth_user_groups_group_id_97559544_fk_auth_group_id` (`group_id`),
  CONSTRAINT `auth_user_groups_group_id_97559544_fk_auth_group_id` FOREIGN KEY (`group_id`) REFERENCES `auth_group` (`id`),
  CONSTRAINT `auth_user_groups_user_id_6a12ed8b_fk_auth_user_id` FOREIGN KEY (`user_id`) REFERENCES `auth_user` (`id`)
) ENGINE=InnoDB DEFAULT CHARSET=utf8mb4 COLLATE=utf8mb4_general_ci;
/*!40101 SET character_set_client = @saved_cs_client */;

--
-- Dumping data for table `auth_user_groups`
--

LOCK TABLES `auth_user_groups` WRITE;
/*!40000 ALTER TABLE `auth_user_groups` DISABLE KEYS */;
/*!40000 ALTER TABLE `auth_user_groups` ENABLE KEYS */;
UNLOCK TABLES;

--
-- Table structure for table `auth_user_user_permissions`
--

DROP TABLE IF EXISTS `auth_user_user_permissions`;
/*!40101 SET @saved_cs_client     = @@character_set_client */;
/*!40101 SET character_set_client = utf8 */;
CREATE TABLE `auth_user_user_permissions` (
  `id` bigint(20) NOT NULL AUTO_INCREMENT,
  `user_id` int(11) NOT NULL,
  `permission_id` int(11) NOT NULL,
  PRIMARY KEY (`id`),
  UNIQUE KEY `auth_user_user_permissions_user_id_permission_id_14a6b632_uniq` (`user_id`,`permission_id`),
  KEY `auth_user_user_permi_permission_id_1fbb5f2c_fk_auth_perm` (`permission_id`),
  CONSTRAINT `auth_user_user_permi_permission_id_1fbb5f2c_fk_auth_perm` FOREIGN KEY (`permission_id`) REFERENCES `auth_permission` (`id`),
  CONSTRAINT `auth_user_user_permissions_user_id_a95ead1b_fk_auth_user_id` FOREIGN KEY (`user_id`) REFERENCES `auth_user` (`id`)
) ENGINE=InnoDB DEFAULT CHARSET=utf8mb4 COLLATE=utf8mb4_general_ci;
/*!40101 SET character_set_client = @saved_cs_client */;

--
-- Dumping data for table `auth_user_user_permissions`
--

LOCK TABLES `auth_user_user_permissions` WRITE;
/*!40000 ALTER TABLE `auth_user_user_permissions` DISABLE KEYS */;
/*!40000 ALTER TABLE `auth_user_user_permissions` ENABLE KEYS */;
UNLOCK TABLES;

--
-- Table structure for table `django_admin_log`
--

DROP TABLE IF EXISTS `django_admin_log`;
/*!40101 SET @saved_cs_client     = @@character_set_client */;
/*!40101 SET character_set_client = utf8 */;
CREATE TABLE `django_admin_log` (
  `id` int(11) NOT NULL AUTO_INCREMENT,
  `action_time` datetime(6) NOT NULL,
  `object_id` longtext DEFAULT NULL,
  `object_repr` varchar(200) NOT NULL,
  `action_flag` smallint(5) unsigned NOT NULL CHECK (`action_flag` >= 0),
  `change_message` longtext NOT NULL,
  `content_type_id` int(11) DEFAULT NULL,
  `user_id` int(11) NOT NULL,
  PRIMARY KEY (`id`),
  KEY `django_admin_log_content_type_id_c4bce8eb_fk_django_co` (`content_type_id`),
  KEY `django_admin_log_user_id_c564eba6_fk_auth_user_id` (`user_id`),
  CONSTRAINT `django_admin_log_content_type_id_c4bce8eb_fk_django_co` FOREIGN KEY (`content_type_id`) REFERENCES `django_content_type` (`id`),
  CONSTRAINT `django_admin_log_user_id_c564eba6_fk_auth_user_id` FOREIGN KEY (`user_id`) REFERENCES `auth_user` (`id`)
) ENGINE=InnoDB DEFAULT CHARSET=utf8mb4 COLLATE=utf8mb4_general_ci;
/*!40101 SET character_set_client = @saved_cs_client */;

--
-- Dumping data for table `django_admin_log`
--

LOCK TABLES `django_admin_log` WRITE;
/*!40000 ALTER TABLE `django_admin_log` DISABLE KEYS */;
/*!40000 ALTER TABLE `django_admin_log` ENABLE KEYS */;
UNLOCK TABLES;

--
-- Table structure for table `django_content_type`
--

DROP TABLE IF EXISTS `django_content_type`;
/*!40101 SET @saved_cs_client     = @@character_set_client */;
/*!40101 SET character_set_client = utf8 */;
CREATE TABLE `django_content_type` (
  `id` int(11) NOT NULL AUTO_INCREMENT,
  `app_label` varchar(100) NOT NULL,
  `model` varchar(100) NOT NULL,
  PRIMARY KEY (`id`),
  UNIQUE KEY `django_content_type_app_label_model_76bd3d3b_uniq` (`app_label`,`model`)
) ENGINE=InnoDB AUTO_INCREMENT=12 DEFAULT CHARSET=utf8mb4 COLLATE=utf8mb4_general_ci;
/*!40101 SET character_set_client = @saved_cs_client */;

--
-- Dumping data for table `django_content_type`
--

LOCK TABLES `django_content_type` WRITE;
/*!40000 ALTER TABLE `django_content_type` DISABLE KEYS */;
INSERT INTO `django_content_type` VALUES
(1,'admin','logentry'),
(3,'auth','group'),
(2,'auth','permission'),
(4,'auth','user'),
(5,'contenttypes','contenttype'),
(7,'samples','sample'),
(6,'sessions','session'),
(8,'user_sessions','usersession'),
(10,'websites','website'),
(9,'websites','websitegroup'),
(11,'websites','websiteingroup');
/*!40000 ALTER TABLE `django_content_type` ENABLE KEYS */;
UNLOCK TABLES;

--
-- Table structure for table `django_migrations`
--

DROP TABLE IF EXISTS `django_migrations`;
/*!40101 SET @saved_cs_client     = @@character_set_client */;
/*!40101 SET character_set_client = utf8 */;
CREATE TABLE `django_migrations` (
  `id` bigint(20) NOT NULL AUTO_INCREMENT,
  `app` varchar(255) NOT NULL,
  `name` varchar(255) NOT NULL,
  `applied` datetime(6) NOT NULL,
  PRIMARY KEY (`id`)
) ENGINE=InnoDB AUTO_INCREMENT=38 DEFAULT CHARSET=utf8mb4 COLLATE=utf8mb4_general_ci;
/*!40101 SET character_set_client = @saved_cs_client */;

--
-- Dumping data for table `django_migrations`
--

LOCK TABLES `django_migrations` WRITE;
/*!40000 ALTER TABLE `django_migrations` DISABLE KEYS */;
INSERT INTO `django_migrations` VALUES
(1,'contenttypes','0001_initial','2024-02-23 20:13:24.013903'),
(2,'auth','0001_initial','2024-02-23 20:13:51.854132'),
(3,'admin','0001_initial','2024-02-23 20:13:57.917011'),
(4,'admin','0002_logentry_remove_auto_add','2024-02-23 20:13:58.011105'),
(5,'admin','0003_logentry_add_action_flag_choices','2024-02-23 20:13:58.088783'),
(6,'contenttypes','0002_remove_content_type_name','2024-02-23 20:14:00.772824'),
(7,'auth','0002_alter_permission_name_max_length','2024-02-23 20:14:03.493935'),
(8,'auth','0003_alter_user_email_max_length','2024-02-23 20:14:04.188194'),
(9,'auth','0004_alter_user_username_opts','2024-02-23 20:14:04.260222'),
(10,'auth','0005_alter_user_last_login_null','2024-02-23 20:14:06.142921'),
(11,'auth','0006_require_contenttypes_0002','2024-02-23 20:14:06.185034'),
(12,'auth','0007_alter_validators_add_error_messages','2024-02-23 20:14:06.236421'),
(13,'auth','0008_alter_user_username_max_length','2024-02-23 20:14:06.856711'),
(14,'auth','0009_alter_user_last_name_max_length','2024-02-23 20:14:07.458770'),
(15,'auth','0010_alter_group_name_max_length','2024-02-23 20:14:08.444481'),
(16,'auth','0011_update_proxy_permissions','2024-02-23 20:14:08.511734'),
(17,'auth','0012_alter_user_first_name_max_length','2024-02-23 20:14:09.285325'),
(18,'websites','0001_initial','2024-02-23 20:14:13.905924'),
(19,'websites','0002_websitegroup_order','2024-02-23 20:14:15.448754'),
(20,'user_sessions','0001_initial','2024-02-23 20:14:16.788638'),
(21,'samples','0001_initial','2024-02-23 20:14:18.442404'),
(22,'samples','0002_alter_sample_sample_data','2024-02-23 20:14:18.496940'),
(23,'samples','0003_sample_user_session','2024-02-23 20:14:21.154322'),
(24,'samples','0004_alter_sample_website','2024-02-23 20:14:29.937812'),
(25,'sessions','0001_initial','2024-02-23 20:14:32.233625'),
(26,'user_sessions','0002_usersession_website_group','2024-02-23 20:14:34.049271'),
(27,'samples','0005_sample_time_alter_sample_date','2024-03-15 18:48:24.188257'),
(28,'samples','0006_remove_sample_time_sample_end_sample_start_and_more','2024-03-15 18:48:25.125678'),
(29,'user_sessions','0003_usersession_age_usersession_gender_and_more','2024-03-15 18:48:26.249173'),
(30,'user_sessions','0004_usersession_date','2024-03-15 18:48:26.578553'),
(31,'user_sessions','0005_alter_usersession_email','2024-05-07 14:17:11.818015'),
(32,'user_sessions','0006_alter_usersession_email','2024-05-07 14:17:12.943477'),
(33,'websites','0003_website_ux_analyzer_token','2024-05-27 13:25:35.680040'),
(34,'websites','0004_remove_website_group_website_group','2024-05-27 13:25:39.539953'),
(35,'websites','0005_remove_website_group_websiteingroup','2024-06-10 21:07:09.818250'),
(36,'user_sessions','0007_usersession_follow_up_group','2025-03-14 17:52:18.306347'),
(37,'websites','0006_alter_websiteingroup_group','2025-03-14 17:52:18.324334');
/*!40000 ALTER TABLE `django_migrations` ENABLE KEYS */;
UNLOCK TABLES;

--
-- Table structure for table `django_session`
--

DROP TABLE IF EXISTS `django_session`;
/*!40101 SET @saved_cs_client     = @@character_set_client */;
/*!40101 SET character_set_client = utf8 */;
CREATE TABLE `django_session` (
  `session_key` varchar(40) NOT NULL,
  `session_data` longtext NOT NULL,
  `expire_date` datetime(6) NOT NULL,
  PRIMARY KEY (`session_key`),
  KEY `django_session_expire_date_a5c62663` (`expire_date`)
) ENGINE=InnoDB DEFAULT CHARSET=utf8mb4 COLLATE=utf8mb4_general_ci;
/*!40101 SET character_set_client = @saved_cs_client */;

--
-- Dumping data for table `django_session`
--

LOCK TABLES `django_session` WRITE;
/*!40000 ALTER TABLE `django_session` DISABLE KEYS */;
/*!40000 ALTER TABLE `django_session` ENABLE KEYS */;
UNLOCK TABLES;

--
-- Table structure for table `samples_sample`
--

DROP TABLE IF EXISTS `samples_sample`;
/*!40101 SET @saved_cs_client     = @@character_set_client */;
/*!40101 SET character_set_client = utf8 */;
CREATE TABLE `samples_sample` (
  `id` bigint(20) NOT NULL AUTO_INCREMENT,
  `website_id` bigint(20) DEFAULT NULL,
  `dark` tinyint(1) NOT NULL,
  `questionnaire` longtext CHARACTER SET utf8mb4 COLLATE utf8mb4_bin NOT NULL CHECK (json_valid(`questionnaire`)),
  `date` datetime(6) NOT NULL,
  `sample_data` longtext CHARACTER SET utf8mb4 COLLATE utf8mb4_bin NOT NULL CHECK (json_valid(`sample_data`)),
  `user_session_id` bigint(20) DEFAULT NULL,
  `end` datetime(6) DEFAULT NULL,
  `start` datetime(6) DEFAULT NULL,
  PRIMARY KEY (`id`),
  KEY `samples_sample_user_session_id_e9144295_fk_user_sess` (`user_session_id`),
  KEY `samples_sample_website_id_5167ee27` (`website_id`),
  CONSTRAINT `samples_sample_user_session_id_e9144295_fk_user_sess` FOREIGN KEY (`user_session_id`) REFERENCES `user_sessions_usersession` (`id`),
  CONSTRAINT `samples_sample_website_id_5167ee27_fk_websites_website_id` FOREIGN KEY (`website_id`) REFERENCES `websites_website` (`id`)
) ENGINE=InnoDB AUTO_INCREMENT=962 DEFAULT CHARSET=utf8mb4 COLLATE=utf8mb4_general_ci;
/*!40101 SET character_set_client = @saved_cs_client */;

--
-- Dumping data for table `samples_sample`
--

LOCK TABLES `samples_sample` WRITE;
/*!40000 ALTER TABLE `samples_sample` DISABLE KEYS */;
INSERT INTO `samples_sample` VALUES
(37,33,0,'{\"advantage\": 98, \"trustworthy\": 1, \"frustrating\": 99, \"confusing\": 100, \"experience\": 1}','2024-05-14 15:20:39.428735','{\"code\": \"AAA123\", \"passenger\": \"Nazarre Rosalina\", \"seat\": null}',26,'2024-05-14 15:20:39.000000','2024-05-14 15:16:23.000000'),
(38,34,1,'{\"advantage\": 1, \"trustworthy\": 1, \"frustrating\": 100, \"confusing\": 100, \"experience\": 1}','2024-05-14 15:26:47.814441','{\"location\": \"Madrid, Espa\\u00f1a\", \"startDate\": \"2024-09-20T15:21:20.000Z\", \"endDate\": \"2024-09-23T15:21:20.000Z\", \"vehicle\": {\"name\": \"Standard\", \"type\": \"sedan\", \"capType\": \"Sedan\", \"description\": \"VW Jetta\", \"capacity\": 5, \"price\": 32.99, \"img\": \"http://sitios-dp.okd.lifia.info.unlp.edu.ar/assets/standard-e51a82b7.webp\"}, \"protection\": null, \"total\": \"98.97\"}',26,'2024-05-14 15:26:48.000000','2024-05-14 15:21:20.000000'),
(39,35,1,'{\"advantage\": 50, \"trustworthy\": 64, \"frustrating\": 34, \"confusing\": 0, \"experience\": 51}','2024-05-14 15:29:09.454727','{}',26,'2024-05-14 15:29:09.000000','2024-05-14 15:27:04.000000'),
(40,36,0,'{\"advantage\": 50, \"trustworthy\": 36, \"frustrating\": 9, \"confusing\": 50, \"experience\": 50}','2024-05-14 15:32:11.125260','{\"nights\": 3, \"price\": 224.49, \"taxes\": 61.650000000000006, \"city\": \"Madrid, Espa\\u00f1a\"}',26,'2024-05-14 15:32:11.000000','2024-05-14 15:29:21.000000'),
(57,40,1,'{\"advantage\": 21, \"trustworthy\": 38, \"frustrating\": 89, \"confusing\": 100, \"experience\": 90}','2024-07-12 19:18:39.659090','{\"nights\": 3, \"price\": 224.49, \"taxes\": 61.650000000000006, \"city\": \"Madrid, Espa\\u00f1a\"}',37,'2024-07-12 19:18:33.000000','2024-07-12 19:14:17.000000'),
(58,33,0,'{\"advantage\": 77, \"trustworthy\": 14, \"frustrating\": 100, \"confusing\": 100, \"experience\": 20}','2024-07-12 19:26:27.713410','{\"code\": \"AAA123\", \"passenger\": \"Ivan Balmaceda\", \"seat\": {\"value\": \"9E\", \"isVIP\": false, \"save\": true}}',37,'2024-07-12 19:26:22.000000','2024-07-12 19:20:43.000000'),
(59,36,0,'{\"advantage\": 33, \"trustworthy\": 88, \"frustrating\": 16, \"confusing\": 72, \"experience\": 36}','2024-07-12 19:28:35.144810','{\"nights\": 3, \"price\": 224.49, \"taxes\": 61.650000000000006, \"city\": \"Madrid, Espa\\u00f1a\"}',37,'2024-07-12 19:28:29.000000','2024-07-12 19:26:56.000000'),
(60,34,1,'{\"advantage\": 35, \"trustworthy\": 76, \"frustrating\": 31, \"confusing\": 92, \"experience\": 33}','2024-07-12 19:32:38.008505','{\"location\": \"Madrid, Espa\\u00f1a\", \"startDate\": \"2024-09-20T19:29:10.000Z\", \"endDate\": \"2024-09-23T19:29:10.000Z\", \"vehicle\": {\"name\": \"Standard\", \"type\": \"sedan\", \"capType\": \"Sedan\", \"description\": \"VW Jetta\", \"capacity\": 5, \"price\": 32.99, \"img\": \"https://sitios-dp.okd.lifia.info.unlp.edu.ar/assets/standard-e51a82b7.webp\"}, \"protection\": {\"title\": \"Cobertura B\\u00e1sica\", \"price\": 9.99}, \"total\": \"128.94\"}',37,'2024-07-12 19:32:32.000000','2024-07-12 19:29:09.000000'),
(61,36,0,'{\"advantage\": 50, \"trustworthy\": 8, \"frustrating\": 50, \"confusing\": 50, \"experience\": 50}','2024-07-12 19:35:24.829259','{\"nights\": 3, \"price\": 224.49, \"taxes\": 61.650000000000006, \"city\": \"Madrid, Espa\\u00f1a\"}',38,'2024-07-12 19:35:23.000000','2024-07-12 19:31:54.000000'),
(62,34,1,'{\"advantage\": 50, \"trustworthy\": 25, \"frustrating\": 69, \"confusing\": 65, \"experience\": 50}','2024-07-12 19:36:57.582903','{\"location\": \"Madrid, Espa\\u00f1a\", \"startDate\": \"2024-07-20T19:35:36.000Z\", \"endDate\": \"2024-07-23T19:35:36.000Z\", \"vehicle\": {\"name\": \"Standard\", \"type\": \"sedan\", \"capType\": \"Sedan\", \"description\": \"VW Jetta\", \"capacity\": 5, \"price\": 32.99, \"img\": \"https://sitios-dp.okd.lifia.info.unlp.edu.ar/assets/standard-e51a82b7.webp\"}, \"protection\": {\"title\": \"Cobertura B\\u00e1sica\", \"price\": 9.99}, \"total\": \"128.94\"}',38,'2024-07-12 19:36:56.000000','2024-07-12 19:35:34.000000'),
(63,37,1,'{\"advantage\": 50, \"trustworthy\": 26, \"frustrating\": 50, \"confusing\": 50, \"experience\": 50}','2024-07-12 19:38:02.337370','{\"code\": \"AAA123\", \"passenger\": \"Jonathan Delgado Guerrero\", \"seat\": null}',38,'2024-07-12 19:38:01.000000','2024-07-12 19:37:00.000000'),
(64,39,0,'{\"advantage\": 47, \"trustworthy\": 50, \"frustrating\": 50, \"confusing\": 50, \"experience\": 50}','2024-07-12 19:38:53.011564','{}',38,'2024-07-12 19:38:52.000000','2024-07-12 19:38:08.000000'),
(65,40,1,'{\"advantage\": 54, \"trustworthy\": 54, \"frustrating\": 7, \"confusing\": 0, \"experience\": 65}','2024-07-12 20:12:20.126985','{\"nights\": 3, \"price\": 224.49, \"taxes\": 61.650000000000006, \"city\": \"Madrid, Espa\\u00f1a\"}',39,'2024-07-12 20:12:19.000000','2024-07-12 20:08:01.000000'),
(66,38,0,'{\"advantage\": 63, \"trustworthy\": 63, \"frustrating\": 7, \"confusing\": 63, \"experience\": 72}','2024-07-12 20:14:55.715667','{\"location\": \"Madrid, Espa\\u00f1a\", \"startDate\": \"2024-09-20T20:12:26.000Z\", \"endDate\": \"2024-09-23T20:12:26.000Z\", \"vehicle\": {\"name\": \"Standard\", \"type\": \"sedan\", \"capType\": \"Sedan\", \"description\": \"VW Jetta\", \"capacity\": 5, \"price\": 32.99, \"img\": \"https://sitios-dp.okd.lifia.info.unlp.edu.ar/assets/standard-e51a82b7.webp\"}, \"protection\": null, \"total\": \"98.97\"}',39,'2024-07-12 20:14:55.000000','2024-07-12 20:12:26.000000'),
(67,33,0,'{\"advantage\": 37, \"trustworthy\": 50, \"frustrating\": 60, \"confusing\": 60, \"experience\": 50}','2024-07-12 20:16:56.012710','{\"code\": \"AAA123\", \"passenger\": \"Bruno\", \"seat\": null}',39,'2024-07-12 20:16:55.000000','2024-07-12 20:15:11.000000'),
(68,35,1,'{\"advantage\": 91, \"trustworthy\": 91, \"frustrating\": 7, \"confusing\": 7, \"experience\": 90}','2024-07-12 20:19:38.792492','{}',39,'2024-07-12 20:19:38.000000','2024-07-12 20:18:43.000000'),
(69,37,1,'{\"advantage\": 50, \"trustworthy\": 100, \"frustrating\": 50, \"confusing\": 78, \"experience\": 80}','2024-07-12 22:57:45.185010','{\"code\": \"aaa123\", \"passenger\": \"augusto saldivar\", \"seat\": null}',41,'2024-07-12 22:57:44.000000','2024-07-12 22:55:51.000000'),
(70,38,0,'{\"advantage\": 79, \"trustworthy\": 100, \"frustrating\": 22, \"confusing\": 22, \"experience\": 80}','2024-07-12 22:59:09.559140','{\"location\": \"Madrid, Espa\\u00f1a\", \"startDate\": \"2024-09-20T22:58:00.000Z\", \"endDate\": \"2024-09-23T22:58:00.000Z\", \"vehicle\": {\"name\": \"Standard\", \"type\": \"sedan\", \"capType\": \"Sedan\", \"description\": \"VW Jetta\", \"capacity\": 5, \"price\": 32.99, \"img\": \"https://sitios-dp.okd.lifia.info.unlp.edu.ar/assets/standard-e51a82b7.webp\"}, \"protection\": null, \"total\": \"98.97\"}',41,'2024-07-12 22:59:09.000000','2024-07-12 22:57:59.000000'),
(71,39,0,'{\"advantage\": 100, \"trustworthy\": 100, \"frustrating\": 0, \"confusing\": 0, \"experience\": 100}','2024-07-12 22:59:55.949493','{}',41,'2024-07-12 22:59:55.000000','2024-07-12 22:59:15.000000'),
(72,40,1,'{\"advantage\": 75, \"trustworthy\": 77, \"frustrating\": 13, \"confusing\": 11, \"experience\": 87}','2024-07-12 23:01:21.693735','{\"nights\": 3, \"price\": 224.49, \"taxes\": 61.650000000000006, \"city\": \"Madrid, Espa\\u00f1a\"}',41,'2024-07-12 23:01:21.000000','2024-07-12 23:00:14.000000'),
(73,39,0,'{\"advantage\": 100, \"trustworthy\": 67, \"frustrating\": 44, \"confusing\": 0, \"experience\": 84}','2024-07-14 01:00:41.583089','{}',44,'2024-07-14 01:00:39.000000','2024-07-14 00:59:59.000000'),
(74,37,1,'{\"advantage\": 50, \"trustworthy\": 14, \"frustrating\": 100, \"confusing\": 25, \"experience\": 2}','2024-07-14 01:04:07.175587','{\"code\": \"AAA123\", \"passenger\": \"Gindre\", \"seat\": null}',44,'2024-07-14 01:04:05.000000','2024-07-14 01:00:44.000000'),
(75,40,1,'{\"advantage\": 50, \"trustworthy\": 50, \"frustrating\": 0, \"confusing\": 0, \"experience\": 82}','2024-07-14 01:05:41.170600','{\"nights\": 3, \"price\": 247.5, \"taxes\": 68.34, \"city\": \"Madrid, Espa\\u00f1a\"}',44,'2024-07-14 01:05:39.000000','2024-07-14 01:04:15.000000'),
(76,38,0,'{\"advantage\": 53, \"trustworthy\": 0, \"frustrating\": 0, \"confusing\": 0, \"experience\": 100}','2024-07-14 01:07:34.500963','{\"location\": \"Madrid, Espa\\u00f1a\", \"startDate\": \"2024-09-21T01:05:47.000Z\", \"endDate\": \"2024-09-24T01:05:47.000Z\", \"vehicle\": {\"name\": \"Standard\", \"type\": \"sedan\", \"capType\": \"Sedan\", \"description\": \"VW Jetta\", \"capacity\": 5, \"price\": 32.99, \"img\": \"https://sitios-dp.okd.lifia.info.unlp.edu.ar/assets/standard-e51a82b7.webp\"}, \"protection\": null, \"total\": \"98.97\"}',44,'2024-07-14 01:07:32.000000','2024-07-14 01:05:45.000000'),
(77,38,0,'{\"advantage\": 17, \"trustworthy\": 18, \"frustrating\": 80, \"confusing\": 80, \"experience\": 34}','2024-07-15 14:50:54.447494','{\"location\": \"Madrid, Espa\\u00f1a\", \"startDate\": \"2024-07-15T14:48:12.850Z\", \"endDate\": \"2024-07-15T14:48:12.850Z\", \"vehicle\": {\"name\": \"Standard\", \"type\": \"sedan\", \"capType\": \"Sedan\", \"description\": \"VW Jetta\", \"capacity\": 5, \"price\": 32.99, \"img\": \"https://sitios-dp.okd.lifia.info.unlp.edu.ar/assets/standard-e51a82b7.webp\"}, \"protection\": {\"title\": \"Cobertura B\\u00e1sica\", \"price\": 9.99}, \"total\": \"0.00\"}',42,'2024-07-15 14:50:53.000000','2024-07-15 14:48:12.000000'),
(78,35,1,'{\"advantage\": 64, \"trustworthy\": 64, \"frustrating\": 6, \"confusing\": 6, \"experience\": 43}','2024-07-15 14:52:20.548441','{}',42,'2024-07-15 14:52:19.000000','2024-07-15 14:51:00.000000'),
(79,40,1,'{\"advantage\": 69, \"trustworthy\": 13, \"frustrating\": 67, \"confusing\": 67, \"experience\": 13}','2024-07-15 14:54:34.792777','{\"nights\": 0, \"price\": 0, \"taxes\": 0, \"city\": \"Madrid, Espa\\u00f1a\"}',42,'2024-07-15 14:54:34.000000','2024-07-15 14:52:36.000000'),
(80,33,0,'{\"advantage\": 70, \"trustworthy\": 70, \"frustrating\": 24, \"confusing\": 24, \"experience\": 74}','2024-07-15 14:56:59.207551','{\"code\": \"AAA123\", \"passenger\": \"kkkkk\", \"seat\": null}',42,'2024-07-15 14:56:58.000000','2024-07-15 14:54:44.000000'),
(81,37,1,'{\"advantage\": 0, \"trustworthy\": 36, \"frustrating\": 35, \"confusing\": 0, \"experience\": 36}','2024-07-17 18:41:57.630759','{\"code\": \"AAA123\", \"passenger\": \"Cosme Fulanito\", \"seat\": null}',48,'2024-07-17 18:39:42.000000','2024-07-17 18:37:49.000000'),
(82,38,0,'{\"advantage\": 0, \"trustworthy\": 18, \"frustrating\": 34, \"confusing\": 0, \"experience\": 42}','2024-07-17 18:44:55.316277','{\"location\": \"Madrid, Espa\\u00f1a\", \"startDate\": \"2024-09-20T18:39:56.000Z\", \"endDate\": \"2024-09-23T18:39:56.000Z\", \"vehicle\": {\"name\": \"Standard\", \"type\": \"sedan\", \"capType\": \"Sedan\", \"description\": \"VW Jetta\", \"capacity\": 5, \"price\": 32.99, \"img\": \"https://sitios-dp.okd.lifia.info.unlp.edu.ar/assets/standard-e51a82b7.webp\"}, \"protection\": null, \"total\": \"98.97\"}',48,'2024-07-17 18:42:40.000000','2024-07-17 18:39:55.000000'),
(83,39,0,'{\"advantage\": 75, \"trustworthy\": 65, \"frustrating\": 0, \"confusing\": 0, \"experience\": 67}','2024-07-17 18:46:03.265766','{}',48,'2024-07-17 18:43:48.000000','2024-07-17 18:42:49.000000'),
(84,40,1,'{\"advantage\": 69, \"trustworthy\": 70, \"frustrating\": 58, \"confusing\": 0, \"experience\": 34}','2024-07-17 18:47:58.319861','{\"nights\": 3, \"price\": 224.49, \"taxes\": 61.650000000000006, \"city\": \"Madrid, Espa\\u00f1a\"}',48,'2024-07-17 18:45:43.000000','2024-07-17 18:43:58.000000'),
(85,38,0,'{\"advantage\": 100, \"trustworthy\": 98, \"frustrating\": 0, \"confusing\": 0, \"experience\": 50}','2024-07-17 18:50:43.484607','{\"location\": \"Madrid, Espa\\u00f1a\", \"startDate\": \"2024-09-20T18:49:25.000Z\", \"endDate\": \"2024-09-23T18:49:25.000Z\", \"vehicle\": {\"name\": \"Standard\", \"type\": \"sedan\", \"capType\": \"Sedan\", \"description\": \"VW Jetta\", \"capacity\": 5, \"price\": 32.99, \"img\": \"https://sitios-dp.okd.lifia.info.unlp.edu.ar/assets/standard-e51a82b7.webp\"}, \"protection\": null, \"total\": \"98.97\"}',49,'2024-07-17 18:50:43.000000','2024-07-17 18:49:23.000000'),
(86,35,1,'{\"advantage\": 77, \"trustworthy\": 92, \"frustrating\": 7, \"confusing\": 64, \"experience\": 71}','2024-07-17 18:51:57.322896','{}',49,'2024-07-17 18:51:56.000000','2024-07-17 18:50:54.000000'),
(87,40,1,'{\"advantage\": 100, \"trustworthy\": 100, \"frustrating\": 0, \"confusing\": 3, \"experience\": 89}','2024-07-17 18:53:31.944505','{\"nights\": 3, \"price\": 224.49, \"taxes\": 61.650000000000006, \"city\": \"Madrid, Espa\\u00f1a\"}',49,'2024-07-17 18:53:31.000000','2024-07-17 18:52:09.000000'),
(88,33,0,'{\"advantage\": 78, \"trustworthy\": 77, \"frustrating\": 73, \"confusing\": 83, \"experience\": 4}','2024-07-17 18:55:20.714621','{\"code\": \"AAA123\", \"passenger\": \"DIEGO TORRES\", \"seat\": null}',49,'2024-07-17 18:55:20.000000','2024-07-17 18:53:47.000000'),
(89,34,1,'{\"advantage\": 77, \"trustworthy\": 32, \"frustrating\": 70, \"confusing\": 78, \"experience\": 33}','2024-07-17 19:11:03.830365','{\"location\": \"Madrid, Espa\\u00f1a\", \"startDate\": \"2024-09-20T19:07:29.000Z\", \"endDate\": \"2024-09-23T19:07:29.000Z\", \"vehicle\": {\"name\": \"Standard\", \"type\": \"sedan\", \"capType\": \"Sedan\", \"description\": \"VW Jetta\", \"capacity\": 5, \"price\": 32.99, \"img\": \"https://sitios-dp.okd.lifia.info.unlp.edu.ar/assets/standard-e51a82b7.webp\"}, \"protection\": null, \"total\": \"98.97\"}',50,'2024-07-17 19:11:03.000000','2024-07-17 19:07:29.000000'),
(90,39,0,'{\"advantage\": 72, \"trustworthy\": 68, \"frustrating\": 24, \"confusing\": 27, \"experience\": 93}','2024-07-17 19:11:50.002399','{}',50,'2024-07-17 19:11:49.000000','2024-07-17 19:11:10.000000'),
(91,36,0,'{\"advantage\": 33, \"trustworthy\": 37, \"frustrating\": 31, \"confusing\": 40, \"experience\": 72}','2024-07-17 19:13:22.386674','{\"nights\": 3, \"price\": 224.49, \"taxes\": 61.650000000000006, \"city\": \"Madrid, Espa\\u00f1a\"}',50,'2024-07-17 19:13:22.000000','2024-07-17 19:12:11.000000'),
(92,37,1,'{\"advantage\": 67, \"trustworthy\": 64, \"frustrating\": 38, \"confusing\": 33, \"experience\": 74}','2024-07-17 19:14:31.657487','{\"code\": \"AAA123\", \"passenger\": \"Jorge\", \"seat\": null}',50,'2024-07-17 19:14:31.000000','2024-07-17 19:13:34.000000'),
(93,40,1,'{\"advantage\": 69, \"trustworthy\": 70, \"frustrating\": 10, \"confusing\": 0, \"experience\": 71}','2024-07-17 19:44:33.995489','{\"nights\": 0, \"price\": 0, \"taxes\": 0, \"city\": \"Madrid, Espa\\u00f1a\"}',54,'2024-07-17 19:44:32.000000','2024-07-17 19:42:20.000000'),
(94,38,0,'{\"advantage\": 80, \"trustworthy\": 40, \"frustrating\": 65, \"confusing\": 65, \"experience\": 41}','2024-07-17 19:46:18.933368','{\"location\": \"Madrid, Espa\\u00f1a\", \"startDate\": \"2024-07-17T19:44:40.908Z\", \"endDate\": \"2024-07-17T19:44:40.908Z\", \"vehicle\": {\"name\": \"Convertible\", \"type\": \"convertible\", \"capType\": \"Convertible\", \"description\": \"Ford Mustang\", \"capacity\": 4, \"price\": 65.23, \"img\": \"data:image/avif;base64,AAAAHGZ0eXBhdmlmAAAAAGF2aWZtaWYxbWlhZgAAAZhtZXRhAAAAAAAAACFoZGxyAAAAAAAAAABwaWN0AAAAAAAAAAAAAAAAAAAAAA5waXRtAAAAAAABAAAANGlsb2MAAAAAREAAAgACAAAAAAG8AAEAAAAAAAACcwABAAAAAAQvAAEAAAAAAAAISwAAADhpaW5mAAAAAAACAAAAFWluZmUCAAAAAAEAAGF2MDEAAAAAFWluZmUCAAAAAAIAAGF2MDEAAAAA12lwcnAAAACxaXBjbwAAABNjb2xybmNseAACAAIABoAAAAAMYXYxQ4EAHAAAAAAUaXNwZQAAAAAAAADIAAAAlgAAAA5waXhpAAAAAAEIAAAAOGF1eEMAAAAAdXJuOm1wZWc6bXBlZ0I6Y2ljcDpzeXN0ZW1zOmF1eGlsaWFyeTphbHBoYQAAAAAMYXYxQ4EADAAAAAAUaXNwZQAAAAAAAADIAAAAlgAAABBwaXhpAAAAAAMICAgAAAAeaXBtYQAAAAAAAAACAAEEgYYHiAACBIIDhIUAAAAaaXJlZgAAAAAAAAAOYXV4bAACAAEAAQAACsZtZGF0EgAKBhgd8eVYVDLmBBIQCyxQtP/t4OgQRu8GVR4yVpdZfj8MznK/gAV6E+GIGai1rKxyCQdWtYUtz1Vnch8FvX05XKjB5ktNWdHXimrrc4Z88A5kU9CeUAv7W25+EoTPJmdXBwFcVSGXkgcFYtQ+A02yzY1Uo8CVnyNvI3udVlop4FveyaUBvbGkQPGnzdrXhjPuJTgPfYY5HtELF+9ex3j1vUD8jIhZGWk+LPd3U4jUXE9aE19FstUKNFZ9MUVfAgkdowKQljdO2wkoC+ONegWj2StibezTJutMREAkWMq751zwe5/QLwO7mr6K0DtHHX6ECItlzx7LrSM6RMfoLyMy23ie/1fzQ0+A+YGCjuPCzINUkKO/TIhzSfolrLWQg5GzMv6yzVPQzZvJCg3EflD7/MtxzFy7SZohKjbAQ/aRnDVNn7sRacc5d8bId+mdXBEsQNP4mu96qQBseV+mtRbiQhdn6yjceQe59ONdt6mT7xLL+EGzRc/Cvu0IaJNxanou2hkgXtpMWLd1T6MozVRQiQPeBYbHEcArijGWsSRFWFFA2wYepcZ8mHm1mbAdgHhQ83F3uOx3m2omRpdL9pW+7FKrLmJVMRbrIhmVZIXdSrVVB16L+gKfdZY4tPXAQdRlAOk7HfYL98wMsGu0CzIi2DzDfXXiBYDEfTIqm8I3w1DubXbOy3ruSeaJLmowk5onVZI2FH/VfD5H9dw/uij1Jk1GqWg0yG89U6cl9t4v9yfjxAV1kiShFoOUtXzREWqpajAtDz7Kf7pLkxRvb/2OWGEZzmony0R4axv1l70BahcN60l4aOaPVXPEC0q4/rDAEgAKChgd8eVYIEBA0IAyuhASEALLLLFAwzCpIhc6tGQxnquOc4Mq+5Usi5Nyoq+7a+6RYIWztMcq6m7fK4IprOEQSNMX7MF4VZ6z9nZ03wEwf9/p1qV69phNCYEu5lCUcgTmGN/dyxdOFWaPRCL43p5X6OcWHhLrrgCd8fV+YLQSZBvsHq0vyQ7vRFlF8VNSTgxviMv9AJm1mI/kunGd3YFn3ly0T7MV1VbJcpnsugaNJxRFn6Wm23dDJ4hIXaJrNYpbBOIWRFDM8BPEFpzcEale7hglS+PgRiJN08bVlVQhcHPBDBSLTu9IBKjCYf9+ktxgYqQgoIkmsHw9pcLxQ60wPCiHtoN7jz094ErBfy8+tgospMu9mkIQEIiS2HsjKn/XhAPxQQXKLmodz5mV2NU58MVI0pUr3GuPno6F5uH8LYDTDlpC/Yn6/Aipytz6Q+/zOAxZPPM7AFWiK6bvxL5EvjUj4uYFj5M2KL4oDPv+Mv87Iv/JzvIiGkeaSC2GkiET5RfpNVBuYyvIMyBJMnzM6Pt/Dxp9Sq/muz82EwpqZwVQuSmMoGehxa3getAFwoazhM8quAxoIKSZ69YFZrGFUA1im5utg7j6W1z/qdjh6qRwi/kaPg+ViqBJQMorXVgioGjzQ6bAOrucM5lIyLwLPYCNawpuAF24Amxg4TXtcqLnhExadKU4BG69c+pFIAuovJa1eixCRDHBN0dwneUvjxyuKctDYD9Hkgzo4SaxRS7AbfP8zMAHMoE7+q4N7xmre+ag1LugXeSHnlddJYXcNC7H8Rc5WclY7YWxh2ePk8QKgJdkvYmnUbIk6ixUbcnk174Rr8bx/4qg80CzLwAf27cxj5PlaKSA4V+UPw3BbVeuu0db83sX3OHkkGTATyCBnzOOSWJU+y3gh3oVBw418WY9nKj4vQ9gAR6CTDBPu6WdqjD4jRwRSZLM3XJpuqMAGJ5xZzDsScDo0qxlg7o6GKs+hTgngV4cvOthG5Wl7xsqErlTkSNSniZ7Qx/lJsPU/dw6xdxafAoyz6u54TBrXuxF2cjTk4fXbMMUFrmHa9TO4QnB+LK9c6lzetkyYh046HekmxhrW5VTl8SFHiswBiB4VK9fTGrN6IXR+VIbFtwATxcZjfGLFe8CgsWGTikF+A2fs01QlOAlZ9vx0XaSrrYkPL7KhKP1QzUS1Am5TYYq+b9K8NGvI4FGIYRY2aSykIxeAflcD5hKZn82GPMaJFC5AjnnYSnmEvVv+jOXprMdfGhIIgk4McYV9b44ctY3PbBEXSBjmsp12osU+cjrDnDm/l9HS0EP2BmbaBJ4xgyALW6p04D3OVagmy5PtA/O6Xjvt0OAA8vDLK62lbmFz9NqjoEdX5Hy4hilsPafoyPzjKEEbeZ+WLGnVLjqVBX5T8RJfTH5trgJcF/L6wGeOXN7ze4pf1QlU8o0GteAfkJAd0ZFUWp3F9XyQRfEH0qO4UM6v17vJu1G/+vQiT9PxX5sRB8CI23fOtIfEzm+w1CrswslUGfFGNNd4riGwUGlfHuu9z/TIxFrsWkZMsZQbvtBqZtZRogHjurucDOlyL6miJanImDVWr5vl026nb3hfQx/RMAWUvBaa0vsgNmYogqEXiT3ROBEmpsGFQDCmlgbcoJITzfOHRT4iZ869srerAw5ez8ZgaWKP1fNMWoXdkAlk2yWV4d0gQoBfkAf0waCGvX9K4iK4PetgkQ30vZr9qp2sluqs/UjycJBdzR2SU9aIi5s8ghmwaLikSeEKLflZlhQubvMZmCVldD8v2SH2hxSTI4Ditnxzd6Se3rwYS8iUYHLaZcwul5zcnmcZ9EffZrYelG17IL07ho6QZsfproJfQ7+UmEJolhtg9FFT1khDzRMG5lQ+GD6UYDerb3Fhxph6BEZ2h+H48+pWQbOcZB8Q2LWexFxkFRtXSLRiXJSxlQKLAFwQgMXOLJLDExt3wLtnKUNWtRd0Kk7jI/angCNF9mhv3c3KuPvKiTMQCjrzzCAZoZ2Ab+Ji49zwj+fOpFid4rt2y/LJ3wBhI7CKyzZg9mWqOOwTa5H21Hd/whjSXQH7MNLYtN55tbCXVChMYvxVRrsta1O2grH4pXaSsCpnGLOwF5e983ItgWlasP4jomj6ewYUy6vpatpHk5vX6tOT/ChNMhMGcobYPJuQX/A1f2q6ErIwOSTAIVXQoPFx8UDwy+IoMp6wZshr0aRKP8bUYR8UUeRjb2BR8cufg/4i/7tnjZBF9rH9vfaFDgh/PN8g0bmb+xWODmM8BrWtofaFekeTKA+vgZgnDU3oL7UupeOL/oNUZUq4L8Fq61a8EakNAsqRsZqKxyNjF8zUJCitBkZ40Xg8ZYxwgQGNQ4EU8KNp/JdGl8hV/ZYcRBAlHU7YWhX0SECGLnDJwjnkSYZGHKTqmB/eo+h3HertJTXzYH6DvCFxcirLNL6dI/050KwYBUJE1YwczrIG4dW78aa8UnWllskNyhQCfZ7XA+rIAIteq/51/TFcGjJzO83yjFrzGPJSuvKIw6Pprj1rMmIkDdptKumYvTg2V4rTqHz5+DMzfaj6iN5AQSoIlc9KCsP6rs0N53uiNDcJPcwkwvaFHswFLz66qqUhHPZ4SGiOwCu7xfkOawRrycklJI+LlrZELqjFn1vV0aGLMchXoZDnd0qe/2W+ZOYX0ase83iZ1I/5HHny2GJBkP7EpCCXaTlsDlpwbcI2/OFzL5ZrGfporHPANHZmORfzNbYiwOKPaJ4cfw5pinJd8Y76rCHtk0vZVj3oJg2N0XE3AKvvt8Maw8Fnc9OeeYZ7MWuEihlox784Zw=\"}, \"protection\": {\"title\": \"Cobertura Total\", \"price\": 59.99}, \"total\": \"0.00\"}',54,'2024-07-17 19:46:17.000000','2024-07-17 19:44:40.000000'),
(95,33,0,'{\"advantage\": 80, \"trustworthy\": 33, \"frustrating\": 50, \"confusing\": 50, \"experience\": 50}','2024-07-17 19:47:52.818479','{\"code\": \"AAA123\", \"passenger\": \"fghfgh\", \"seat\": null}',54,'2024-07-17 19:47:50.000000','2024-07-17 19:46:24.000000'),
(96,35,1,'{\"advantage\": 100, \"trustworthy\": 100, \"frustrating\": 50, \"confusing\": 0, \"experience\": 100}','2024-07-17 19:48:49.340824','{}',54,'2024-07-17 19:48:47.000000','2024-07-17 19:47:56.000000'),
(97,33,0,'{\"advantage\": 59, \"trustworthy\": 54, \"frustrating\": 54, \"confusing\": 61, \"experience\": 53}','2024-07-17 20:05:48.042739','{\"code\": \"AAA123\", \"passenger\": \"Paula Fernandez\", \"seat\": null}',47,'2024-07-17 20:05:46.000000','2024-07-17 20:03:47.000000'),
(98,34,1,'{\"advantage\": 56, \"trustworthy\": 57, \"frustrating\": 57, \"confusing\": 57, \"experience\": 31}','2024-07-17 20:08:31.191296','{\"location\": \"Madrid, Espa\\u00f1a\", \"startDate\": \"2024-09-20T20:06:02.000Z\", \"endDate\": \"2024-09-23T20:06:02.000Z\", \"vehicle\": {\"name\": \"Standard\", \"type\": \"sedan\", \"capType\": \"Sedan\", \"description\": \"VW Jetta\", \"capacity\": 5, \"price\": 32.99, \"img\": \"https://sitios-dp.okd.lifia.info.unlp.edu.ar/assets/standard-e51a82b7.webp\"}, \"protection\": null, \"total\": \"98.97\"}',47,'2024-07-17 20:08:30.000000','2024-07-17 20:06:01.000000'),
(99,35,1,'{\"advantage\": 60, \"trustworthy\": 59, \"frustrating\": 62, \"confusing\": 54, \"experience\": 41}','2024-07-17 20:09:20.600483','{}',47,'2024-07-17 20:09:19.000000','2024-07-17 20:08:37.000000'),
(100,36,0,'{\"advantage\": 63, \"trustworthy\": 65, \"frustrating\": 64, \"confusing\": 64, \"experience\": 61}','2024-07-17 20:10:13.479024','{\"nights\": 3, \"price\": 224.49, \"taxes\": 61.650000000000006, \"city\": \"Madrid, Espa\\u00f1a\"}',47,'2024-07-17 20:10:12.000000','2024-07-17 20:09:27.000000'),
(101,37,1,'{\"advantage\": 53, \"trustworthy\": 53, \"frustrating\": 53, \"confusing\": 52, \"experience\": 48}','2024-07-17 20:35:29.553505','{\"code\": \"aaa123\", \"passenger\": \"balaguer\", \"seat\": null}',56,'2024-07-17 20:41:41.000000','2024-07-17 20:38:49.000000'),
(102,38,0,'{\"advantage\": 66, \"trustworthy\": 31, \"frustrating\": 60, \"confusing\": 50, \"experience\": 46}','2024-07-17 20:38:51.412663','{\"location\": \"Madrid, Espa\\u00f1a\", \"startDate\": \"2024-09-20T20:42:00.000Z\", \"endDate\": \"2024-09-23T20:42:00.000Z\", \"vehicle\": {\"name\": \"Standard\", \"type\": \"sedan\", \"capType\": \"Sedan\", \"description\": \"VW Jetta\", \"capacity\": 5, \"price\": 32.99, \"img\": \"https://sitios-dp.okd.lifia.info.unlp.edu.ar/assets/standard-e51a82b7.webp\"}, \"protection\": null, \"total\": \"98.97\"}',56,'2024-07-17 20:45:03.000000','2024-07-17 20:41:59.000000'),
(103,39,0,'{\"advantage\": 37, \"trustworthy\": 57, \"frustrating\": 43, \"confusing\": 37, \"experience\": 56}','2024-07-17 20:40:08.753841','{}',56,'2024-07-17 20:46:20.000000','2024-07-17 20:45:08.000000'),
(104,40,1,'{\"advantage\": 52, \"trustworthy\": 51, \"frustrating\": 39, \"confusing\": 36, \"experience\": 52}','2024-07-17 20:42:10.228282','{\"nights\": 3, \"price\": 224.49, \"taxes\": 61.650000000000006, \"city\": \"Madrid, Espa\\u00f1a\"}',56,'2024-07-17 20:48:22.000000','2024-07-17 20:46:37.000000'),
(105,39,0,'{\"advantage\": 71, \"trustworthy\": 62, \"frustrating\": 0, \"confusing\": 0, \"experience\": 82}','2024-07-17 23:34:55.321285','{}',58,'2024-07-17 23:34:53.000000','2024-07-17 23:33:21.000000'),
(106,37,1,'{\"advantage\": 89, \"trustworthy\": 85, \"frustrating\": 39, \"confusing\": 0, \"experience\": 65}','2024-07-17 23:40:17.072912','{\"code\": \"AAA123\", \"passenger\": \"Juan Facundo Balaguer\", \"seat\": null}',58,'2024-07-17 23:40:15.000000','2024-07-17 23:39:00.000000'),
(107,40,1,'{\"advantage\": 26, \"trustworthy\": 24, \"frustrating\": 100, \"confusing\": 6, \"experience\": 0}','2024-07-17 23:44:32.903469','{\"nights\": 3, \"price\": 224.49, \"taxes\": 61.650000000000006, \"city\": \"Madrid, Espa\\u00f1a\"}',58,'2024-07-17 23:44:31.000000','2024-07-17 23:40:34.000000'),
(108,38,0,'{\"advantage\": 14, \"trustworthy\": 20, \"frustrating\": 100, \"confusing\": 69, \"experience\": 10}','2024-07-17 23:48:20.834643','{\"location\": \"Madrid, Espa\\u00f1a\", \"startDate\": \"2024-09-21T23:46:42.000Z\", \"endDate\": \"2024-09-23T23:46:42.000Z\", \"vehicle\": {\"name\": \"Standard\", \"type\": \"sedan\", \"capType\": \"Sedan\", \"description\": \"VW Jetta\", \"capacity\": 5, \"price\": 32.99, \"img\": \"https://sitios-dp.okd.lifia.info.unlp.edu.ar/assets/standard-e51a82b7.webp\"}, \"protection\": {\"title\": \"Basic Cover Protection\", \"price\": 9.99}, \"total\": \"85.96\"}',58,'2024-07-17 23:48:19.000000','2024-07-17 23:44:46.000000'),
(109,40,1,'{\"advantage\": 24, \"trustworthy\": 24, \"frustrating\": 24, \"confusing\": 23, \"experience\": 77}','2024-07-18 01:01:54.991753','{\"nights\": 3, \"price\": 224.49, \"taxes\": 61.650000000000006, \"city\": \"Madrid, Espa\\u00f1a\"}',59,'2024-07-18 01:01:54.000000','2024-07-18 01:00:06.000000'),
(110,33,0,'{\"advantage\": 20, \"trustworthy\": 73, \"frustrating\": 21, \"confusing\": 21, \"experience\": 50}','2024-07-18 01:03:07.170933','{\"code\": \"AAA123\", \"passenger\": \"Robert Horse\", \"seat\": null}',59,'2024-07-18 01:03:07.000000','2024-07-18 01:02:03.000000'),
(111,36,0,'{\"advantage\": 72, \"trustworthy\": 72, \"frustrating\": 0, \"confusing\": 23, \"experience\": 62}','2024-07-18 01:04:26.236482','{\"nights\": 3, \"price\": 224.49, \"taxes\": 61.650000000000006, \"city\": \"Madrid, Espa\\u00f1a\"}',59,'2024-07-18 01:04:26.000000','2024-07-18 01:03:23.000000'),
(112,34,1,'{\"advantage\": 17, \"trustworthy\": 18, \"frustrating\": 74, \"confusing\": 62, \"experience\": 36}','2024-07-18 01:06:58.669789','{\"location\": \"Madrid, Espa\\u00f1a\", \"startDate\": \"2024-07-21T01:04:35.000Z\", \"endDate\": \"2024-07-24T01:04:35.000Z\", \"vehicle\": {\"name\": \"Standard\", \"type\": \"sedan\", \"capType\": \"Sedan\", \"description\": \"VW Jetta\", \"capacity\": 5, \"price\": 32.99, \"img\": \"https://sitios-dp.okd.lifia.info.unlp.edu.ar/assets/standard-e51a82b7.webp\"}, \"protection\": {\"title\": \"Cobertura B\\u00e1sica\", \"price\": 9.99}, \"total\": \"128.94\"}',59,'2024-07-18 01:06:58.000000','2024-07-18 01:04:35.000000'),
(113,33,0,'{\"advantage\": 86, \"trustworthy\": 74, \"frustrating\": 0, \"confusing\": 22, \"experience\": 92}','2024-07-18 11:00:04.278931','{\"code\": \"aaa123\", \"passenger\": \"Felipe Dioguardi\", \"seat\": null}',60,'2024-07-18 11:00:03.000000','2024-07-18 10:58:38.000000'),
(114,34,1,'{\"advantage\": 19, \"trustworthy\": 9, \"frustrating\": 33, \"confusing\": 26, \"experience\": 15}','2024-07-18 11:03:53.655870','{\"location\": \"Madrid, Espa\\u00f1a\", \"startDate\": \"2024-09-20T11:01:35.000Z\", \"endDate\": \"2024-09-23T11:01:35.000Z\", \"vehicle\": {\"name\": \"Standard\", \"type\": \"sedan\", \"capType\": \"Sedan\", \"description\": \"VW Jetta\", \"capacity\": 5, \"price\": 32.99, \"img\": \"https://sitios-dp.okd.lifia.info.unlp.edu.ar/assets/standard-e51a82b7.webp\"}, \"protection\": null, \"total\": \"98.97\"}',60,'2024-07-18 11:03:53.000000','2024-07-18 11:01:35.000000'),
(115,35,1,'{\"advantage\": 66, \"trustworthy\": 90, \"frustrating\": 7, \"confusing\": 8, \"experience\": 100}','2024-07-18 11:05:09.274787','{}',60,'2024-07-18 11:05:09.000000','2024-07-18 11:04:08.000000'),
(116,36,0,'{\"advantage\": 84, \"trustworthy\": 84, \"frustrating\": 0, \"confusing\": 0, \"experience\": 100}','2024-07-18 11:06:04.016935','{\"nights\": 3, \"price\": 224.49, \"taxes\": 61.650000000000006, \"city\": \"Madrid, Espa\\u00f1a\"}',60,'2024-07-18 11:06:03.000000','2024-07-18 11:05:23.000000'),
(117,38,0,'{\"advantage\": 50, \"trustworthy\": 50, \"frustrating\": 0, \"confusing\": 0, \"experience\": 100}','2024-07-18 11:23:04.394749','{\"location\": \"Madrid, Espa\\u00f1a\", \"startDate\": \"2024-09-20T11:20:34.000Z\", \"endDate\": \"2024-09-23T11:20:34.000Z\", \"vehicle\": {\"name\": \"Standard\", \"type\": \"sedan\", \"capType\": \"Sedan\", \"description\": \"VW Jetta\", \"capacity\": 5, \"price\": 32.99, \"img\": \"https://sitios-dp.okd.lifia.info.unlp.edu.ar/assets/standard-e51a82b7.webp\"}, \"protection\": null, \"total\": \"98.97\"}',61,'2024-07-18 11:23:04.000000','2024-07-18 11:19:47.000000'),
(118,35,1,'{\"advantage\": 50, \"trustworthy\": 67, \"frustrating\": 0, \"confusing\": 0, \"experience\": 100}','2024-07-18 11:25:25.903979','{}',61,'2024-07-18 11:25:25.000000','2024-07-18 11:23:15.000000'),
(119,40,1,'{\"advantage\": 50, \"trustworthy\": 50, \"frustrating\": 0, \"confusing\": 0, \"experience\": 100}','2024-07-18 11:30:00.970861','{\"nights\": 3, \"price\": 224.49, \"taxes\": 61.650000000000006, \"city\": \"Madrid, Espa\\u00f1a\"}',61,'2024-07-18 11:30:00.000000','2024-07-18 11:25:52.000000'),
(120,33,0,'{\"advantage\": 50, \"trustworthy\": 100, \"frustrating\": 0, \"confusing\": 0, \"experience\": 100}','2024-07-18 11:33:26.441638','{\"code\": \"AAA123\", \"passenger\": \"Denise Torres\", \"seat\": null}',61,'2024-07-18 11:33:26.000000','2024-07-18 11:30:47.000000'),
(121,36,0,'{\"advantage\": 10, \"trustworthy\": 10, \"frustrating\": 0, \"confusing\": 0, \"experience\": 50}','2024-07-18 15:33:10.926225','{\"nights\": 0, \"price\": 0, \"taxes\": 0, \"city\": \"Madrid, Espa\\u00f1a\"}',62,'2024-07-18 15:33:11.000000','2024-07-18 15:31:25.000000'),
(122,34,1,'{\"advantage\": 29, \"trustworthy\": 29, \"frustrating\": 0, \"confusing\": 0, \"experience\": 32}','2024-07-18 15:35:04.058189','{\"location\": \"Madrid, Espa\\u00f1a\", \"startDate\": \"2024-07-18T15:33:23.057Z\", \"endDate\": \"2024-07-18T15:33:23.057Z\", \"vehicle\": {\"name\": \"Standard\", \"type\": \"sedan\", \"capType\": \"Sedan\", \"description\": \"VW Jetta\", \"capacity\": 5, \"price\": 32.99, \"img\": \"https://sitios-dp.okd.lifia.info.unlp.edu.ar/assets/standard-e51a82b7.webp\"}, \"protection\": {\"title\": \"Cobertura B\\u00e1sica\", \"price\": 9.99}, \"total\": \"0.00\"}',62,'2024-07-18 15:35:04.000000','2024-07-18 15:33:22.000000'),
(123,37,1,'{\"advantage\": 65, \"trustworthy\": 30, \"frustrating\": 50, \"confusing\": 37, \"experience\": 31}','2024-07-18 15:36:55.876782','{\"code\": \"AAA123\", \"passenger\": \"Andrea Paz\", \"seat\": null}',62,'2024-07-18 15:36:56.000000','2024-07-18 15:35:20.000000'),
(124,39,0,'{\"advantage\": 0, \"trustworthy\": 100, \"frustrating\": 22, \"confusing\": 22, \"experience\": 84}','2024-07-18 15:38:10.871626','{}',62,'2024-07-18 15:38:11.000000','2024-07-18 15:37:03.000000'),
(125,34,1,'{\"advantage\": 36, \"trustworthy\": 36, \"frustrating\": 0, \"confusing\": 0, \"experience\": 72}','2024-07-18 16:24:42.881098','{\"location\": \"Madrid, Espa\\u00f1a\", \"startDate\": \"2024-09-20T16:21:05.000Z\", \"endDate\": \"2024-09-23T16:21:05.000Z\", \"vehicle\": {\"name\": \"Standard\", \"type\": \"sedan\", \"capType\": \"Sedan\", \"description\": \"VW Jetta\", \"capacity\": 5, \"price\": 32.99, \"img\": \"https://sitios-dp.okd.lifia.info.unlp.edu.ar/assets/standard-e51a82b7.webp\"}, \"protection\": null, \"total\": \"98.97\"}',63,'2024-07-18 16:24:41.000000','2024-07-18 16:20:00.000000'),
(126,39,0,'{\"advantage\": 75, \"trustworthy\": 75, \"frustrating\": 5, \"confusing\": 5, \"experience\": 68}','2024-07-18 16:25:39.224394','{}',63,'2024-07-18 16:25:37.000000','2024-07-18 16:24:50.000000'),
(127,36,0,'{\"advantage\": 61, \"trustworthy\": 61, \"frustrating\": 27, \"confusing\": 27, \"experience\": 70}','2024-07-18 16:29:06.604799','{\"nights\": 3, \"price\": 224.49, \"taxes\": 61.650000000000006, \"city\": \"Madrid, Espa\\u00f1a\"}',63,'2024-07-18 16:29:05.000000','2024-07-18 16:25:55.000000'),
(128,37,1,'{\"advantage\": 28, \"trustworthy\": 59, \"frustrating\": 19, \"confusing\": 64, \"experience\": 51}','2024-07-18 16:31:26.389176','{\"code\": \"AAA123\", \"passenger\": \"Juana\", \"seat\": null}',63,'2024-07-18 16:31:25.000000','2024-07-18 16:29:18.000000'),
(129,39,0,'{\"advantage\": 78, \"trustworthy\": 50, \"frustrating\": 23, \"confusing\": 64, \"experience\": 80}','2024-07-18 16:58:26.044606','{}',64,'2024-07-18 16:58:26.000000','2024-07-18 16:55:02.000000'),
(130,37,1,'{\"advantage\": 69, \"trustworthy\": 51, \"frustrating\": 51, \"confusing\": 61, \"experience\": 52}','2024-07-18 17:10:53.828414','{\"code\": \"AAA123\", \"passenger\": \"gabriel\", \"seat\": null}',64,'2024-07-18 17:10:54.000000','2024-07-18 17:00:40.000000'),
(131,40,1,'{\"advantage\": 78, \"trustworthy\": 65, \"frustrating\": 8, \"confusing\": 26, \"experience\": 90}','2024-07-18 17:15:27.166580','{\"nights\": 3, \"price\": 224.49, \"taxes\": 61.650000000000006, \"city\": \"Madrid, Espa\\u00f1a\"}',64,'2024-07-18 17:15:27.000000','2024-07-18 17:11:13.000000'),
(132,38,0,'{\"advantage\": 78, \"trustworthy\": 76, \"frustrating\": 10, \"confusing\": 12, \"experience\": 75}','2024-07-18 17:18:37.066711','{\"location\": \"Madrid, Espa\\u00f1a\", \"startDate\": \"2024-09-20T17:15:59.000Z\", \"endDate\": \"2024-09-23T17:15:59.000Z\", \"vehicle\": {\"name\": \"Standard\", \"type\": \"sedan\", \"capType\": \"Sedan\", \"description\": \"VW Jetta\", \"capacity\": 5, \"price\": 32.99, \"img\": \"https://sitios-dp.okd.lifia.info.unlp.edu.ar/assets/standard-e51a82b7.webp\"}, \"protection\": null, \"total\": \"98.97\"}',64,'2024-07-18 17:18:37.000000','2024-07-18 17:15:58.000000'),
(133,36,0,'{\"advantage\": 70, \"trustworthy\": 65, \"frustrating\": 32, \"confusing\": 32, \"experience\": 64}','2024-07-18 21:39:03.057020','{\"nights\": 3, \"price\": 224.49, \"taxes\": 61.650000000000006, \"city\": \"Madrid, Espa\\u00f1a\"}',66,'2024-07-18 21:39:02.000000','2024-07-18 21:36:05.000000'),
(134,34,1,'{\"advantage\": 66, \"trustworthy\": 63, \"frustrating\": 29, \"confusing\": 32, \"experience\": 65}','2024-07-18 21:41:53.525987','{\"location\": \"Madrid, Espa\\u00f1a\", \"startDate\": \"2024-09-20T21:39:07.000Z\", \"endDate\": \"2024-09-23T21:39:07.000Z\", \"vehicle\": {\"name\": \"Standard\", \"type\": \"sedan\", \"capType\": \"Sedan\", \"description\": \"VW Jetta\", \"capacity\": 5, \"price\": 32.99, \"img\": \"https://sitios-dp.okd.lifia.info.unlp.edu.ar/assets/standard-e51a82b7.webp\"}, \"protection\": null, \"total\": \"98.97\"}',66,'2024-07-18 21:41:52.000000','2024-07-18 21:39:07.000000'),
(135,37,1,'{\"advantage\": 38, \"trustworthy\": 39, \"frustrating\": 32, \"confusing\": 36, \"experience\": 62}','2024-07-18 21:43:50.225750','{\"code\": \"AAA123\", \"passenger\": \"Martin Urbieta\", \"seat\": null}',66,'2024-07-18 21:43:49.000000','2024-07-18 21:41:55.000000'),
(136,39,0,'{\"advantage\": 65, \"trustworthy\": 62, \"frustrating\": 35, \"confusing\": 34, \"experience\": 60}','2024-07-18 21:45:16.857917','{}',66,'2024-07-18 21:45:16.000000','2024-07-18 21:43:58.000000'),
(137,40,1,'{\"advantage\": 28, \"trustworthy\": 28, \"frustrating\": 73, \"confusing\": 73, \"experience\": 11}','2024-07-19 13:31:08.877397','{\"nights\": 3, \"price\": 224.49, \"taxes\": 61.650000000000006, \"city\": \"Madrid, Espa\\u00f1a\"}',67,'2024-07-19 13:31:08.000000','2024-07-19 13:23:47.000000'),
(138,38,0,'{\"advantage\": 27, \"trustworthy\": 27, \"frustrating\": 37, \"confusing\": 37, \"experience\": 69}','2024-07-19 13:36:00.137071','{\"location\": \"Madrid, Espa\\u00f1a\", \"startDate\": \"2024-09-20T13:31:45.000Z\", \"endDate\": \"2024-09-23T13:31:45.000Z\", \"vehicle\": {\"name\": \"Standard\", \"type\": \"sedan\", \"capType\": \"Sedan\", \"description\": \"VW Jetta\", \"capacity\": 5, \"price\": 32.99, \"img\": \"https://sitios-dp.okd.lifia.info.unlp.edu.ar/assets/standard-e51a82b7.webp\"}, \"protection\": null, \"total\": \"98.97\"}',67,'2024-07-19 13:35:59.000000','2024-07-19 13:31:45.000000'),
(139,33,0,'{\"advantage\": 50, \"trustworthy\": 50, \"frustrating\": 71, \"confusing\": 71, \"experience\": 19}','2024-07-19 13:39:41.461819','{\"code\": \"AAA123\", \"passenger\": \"Juana Perez\", \"seat\": null}',67,'2024-07-19 13:39:40.000000','2024-07-19 13:36:27.000000'),
(140,35,1,'{\"advantage\": 73, \"trustworthy\": 74, \"frustrating\": 13, \"confusing\": 13, \"experience\": 85}','2024-07-19 13:41:56.163179','{}',67,'2024-07-19 13:41:55.000000','2024-07-19 13:39:51.000000'),
(141,33,0,'{\"advantage\": 34, \"trustworthy\": 42, \"frustrating\": 23, \"confusing\": 24, \"experience\": 50}','2024-07-19 17:34:29.591712','{\"code\": \"AAA123\", \"passenger\": \"John Doe\", \"seat\": null}',68,'2024-07-19 17:34:28.000000','2024-07-19 17:33:02.000000'),
(142,34,1,'{\"advantage\": 14, \"trustworthy\": 39, \"frustrating\": 27, \"confusing\": 40, \"experience\": 50}','2024-07-19 17:36:44.563016','{\"location\": \"Barcelona, Espa\\u00f1a\", \"startDate\": \"2024-09-20T17:34:43.000Z\", \"endDate\": \"2024-09-23T17:34:43.000Z\", \"vehicle\": {\"name\": \"Standard\", \"type\": \"sedan\", \"capType\": \"Sedan\", \"description\": \"VW Jetta\", \"capacity\": 5, \"price\": 32.99, \"img\": \"https://sitios-dp.okd.lifia.info.unlp.edu.ar/assets/standard-e51a82b7.webp\"}, \"protection\": null, \"total\": \"98.97\"}',68,'2024-07-19 17:36:43.000000','2024-07-19 17:34:43.000000'),
(143,35,1,'{\"advantage\": 50, \"trustworthy\": 50, \"frustrating\": 13, \"confusing\": 30, \"experience\": 57}','2024-07-19 17:37:53.543617','{}',68,'2024-07-19 17:37:52.000000','2024-07-19 17:36:50.000000'),
(144,36,0,'{\"advantage\": 56, \"trustworthy\": 40, \"frustrating\": 64, \"confusing\": 40, \"experience\": 40}','2024-07-19 17:39:26.781310','{\"nights\": 3, \"price\": 224.49, \"taxes\": 61.650000000000006, \"city\": \"Madrid, Espa\\u00f1a\"}',68,'2024-07-19 17:39:25.000000','2024-07-19 17:38:01.000000'),
(145,40,1,'{\"advantage\": 32, \"trustworthy\": 32, \"frustrating\": 20, \"confusing\": 42, \"experience\": 57}','2024-07-19 19:44:57.371720','{\"nights\": 3, \"price\": 224.49, \"taxes\": 61.650000000000006, \"city\": \"Madrid, Espa\\u00f1a\"}',65,'2024-07-19 19:44:56.000000','2024-07-19 19:42:10.000000'),
(146,33,0,'{\"advantage\": 87, \"trustworthy\": 87, \"frustrating\": 0, \"confusing\": 0, \"experience\": 87}','2024-07-19 19:50:56.817588','{\"code\": \"AAA123\", \"passenger\": \"nicolas rodriguez\", \"seat\": null}',65,'2024-07-19 19:50:56.000000','2024-07-19 19:44:59.000000'),
(147,36,0,'{\"advantage\": 97, \"trustworthy\": 97, \"frustrating\": 0, \"confusing\": 0, \"experience\": 100}','2024-07-19 19:52:48.917477','{\"nights\": 3, \"price\": 224.49, \"taxes\": 61.650000000000006, \"city\": \"Madrid, Espa\\u00f1a\"}',65,'2024-07-19 19:52:48.000000','2024-07-19 19:51:29.000000'),
(148,34,1,'{\"advantage\": 92, \"trustworthy\": 87, \"frustrating\": 0, \"confusing\": 0, \"experience\": 85}','2024-07-19 19:54:32.470918','{\"location\": \"Madrid, Espa\\u00f1a\", \"startDate\": \"2024-09-20T19:52:51.000Z\", \"endDate\": \"2024-09-23T19:52:51.000Z\", \"vehicle\": {\"name\": \"Standard\", \"type\": \"sedan\", \"capType\": \"Sedan\", \"description\": \"VW Jetta\", \"capacity\": 5, \"price\": 32.99, \"img\": \"https://sitios-dp.okd.lifia.info.unlp.edu.ar/assets/standard-e51a82b7.webp\"}, \"protection\": null, \"total\": \"98.97\"}',65,'2024-07-19 19:54:32.000000','2024-07-19 19:52:51.000000'),
(149,37,1,'{\"advantage\": 92, \"trustworthy\": 50, \"frustrating\": 70, \"confusing\": 54, \"experience\": 34}','2024-07-19 19:59:43.388025','{\"code\": \"AAA123\", \"passenger\": \"Max Power\", \"seat\": null}',69,'2024-07-19 19:59:42.000000','2024-07-19 19:57:38.000000'),
(150,38,0,'{\"advantage\": 29, \"trustworthy\": 44, \"frustrating\": 36, \"confusing\": 50, \"experience\": 50}','2024-07-19 20:44:22.144021','{\"location\": \"Madrid, Espa\\u00f1a\", \"startDate\": \"2024-09-20T20:42:03.000Z\", \"endDate\": \"2024-09-23T20:42:03.000Z\", \"vehicle\": {\"name\": \"Standard\", \"type\": \"sedan\", \"capType\": \"Sedan\", \"description\": \"VW Jetta\", \"capacity\": 5, \"price\": 32.99, \"img\": \"https://sitios-dp.okd.lifia.info.unlp.edu.ar/assets/standard-e51a82b7.webp\"}, \"protection\": null, \"total\": \"98.97\"}',70,'2024-07-19 20:44:21.000000','2024-07-19 20:42:03.000000'),
(151,35,1,'{\"advantage\": 39, \"trustworthy\": 72, \"frustrating\": 71, \"confusing\": 71, \"experience\": 50}','2024-07-19 20:45:48.283113','{}',70,'2024-07-19 20:45:47.000000','2024-07-19 20:44:37.000000'),
(152,40,1,'{\"advantage\": 34, \"trustworthy\": 45, \"frustrating\": 61, \"confusing\": 50, \"experience\": 43}','2024-07-19 20:50:23.280082','{\"nights\": 3, \"price\": 224.49, \"taxes\": 61.650000000000006, \"city\": \"Madrid, Espa\\u00f1a\"}',70,'2024-07-19 20:50:22.000000','2024-07-19 20:45:59.000000'),
(153,33,0,'{\"advantage\": 62, \"trustworthy\": 56, \"frustrating\": 61, \"confusing\": 62, \"experience\": 50}','2024-07-19 20:52:02.156773','{\"code\": \"AAA123\", \"passenger\": \"Andrea Paz\", \"seat\": null}',70,'2024-07-19 20:52:01.000000','2024-07-19 20:50:36.000000'),
(154,34,1,'{\"advantage\": 50, \"trustworthy\": 50, \"frustrating\": 53, \"confusing\": 69, \"experience\": 40}','2024-07-20 15:39:03.110667','{\"location\": \"Madrid, Espa\\u00f1a\", \"startDate\": \"2024-07-23T15:33:12.000Z\", \"endDate\": \"2024-07-23T15:33:12.000Z\", \"vehicle\": {\"name\": \"Standard\", \"type\": \"sedan\", \"capType\": \"Sedan\", \"description\": \"VW Jetta\", \"capacity\": 5, \"price\": 32.99, \"img\": \"https://sitios-dp.okd.lifia.info.unlp.edu.ar/assets/standard-e51a82b7.webp\"}, \"protection\": {\"title\": \"Cobertura Est\\u00e1ndar\", \"price\": 29.99}, \"total\": \"0.00\"}',71,'2024-07-20 15:39:09.000000','2024-07-20 15:33:12.000000'),
(155,39,0,'{\"advantage\": 50, \"trustworthy\": 50, \"frustrating\": 61, \"confusing\": 45, \"experience\": 50}','2024-07-20 15:40:50.676299','{}',71,'2024-07-20 15:40:57.000000','2024-07-20 15:39:26.000000'),
(156,36,0,'{\"advantage\": 50, \"trustworthy\": 50, \"frustrating\": 50, \"confusing\": 54, \"experience\": 50}','2024-07-20 15:43:24.847416','{\"nights\": 3, \"price\": 224.49, \"taxes\": 61.650000000000006, \"city\": \"Madrid, Espa\\u00f1a\"}',71,'2024-07-20 15:43:31.000000','2024-07-20 15:41:14.000000'),
(157,37,1,'{\"advantage\": 20, \"trustworthy\": 9, \"frustrating\": 75, \"confusing\": 91, \"experience\": 7}','2024-07-20 15:46:40.116937','{\"code\": \"AAA123\", \"passenger\": \"Silvia Gordillo\", \"seat\": null}',71,'2024-07-20 15:46:46.000000','2024-07-20 15:43:46.000000'),
(158,39,0,'{\"advantage\": 73, \"trustworthy\": 75, \"frustrating\": 20, \"confusing\": 18, \"experience\": 81}','2024-07-20 22:02:28.518796','{}',72,'2024-07-20 22:02:26.000000','2024-07-20 22:01:14.000000'),
(159,37,1,'{\"advantage\": 1, \"trustworthy\": 74, \"frustrating\": 74, \"confusing\": 76, \"experience\": 19}','2024-07-20 22:04:00.248576','{\"code\": \"aaa123\", \"passenger\": \"gg\", \"seat\": {\"value\": \"8B\", \"isVIP\": false, \"save\": true}}',72,'2024-07-20 22:03:58.000000','2024-07-20 22:02:29.000000'),
(160,40,1,'{\"advantage\": 25, \"trustworthy\": 79, \"frustrating\": 21, \"confusing\": 21, \"experience\": 62}','2024-07-20 22:05:54.141308','{\"nights\": 3, \"price\": 224.49, \"taxes\": 61.650000000000006, \"city\": \"Madrid, Espa\\u00f1a\"}',72,'2024-07-20 22:05:51.000000','2024-07-20 22:04:07.000000'),
(161,38,0,'{\"advantage\": 50, \"trustworthy\": 67, \"frustrating\": 60, \"confusing\": 30, \"experience\": 60}','2024-07-20 22:08:07.731130','{\"location\": \"Madrid, Espa\\u00f1a\", \"startDate\": \"2024-09-20T22:05:59.000Z\", \"endDate\": \"2024-09-23T22:05:59.000Z\", \"vehicle\": {\"name\": \"Standard\", \"type\": \"sedan\", \"capType\": \"Sedan\", \"description\": \"VW Jetta\", \"capacity\": 5, \"price\": 32.99, \"img\": \"https://sitios-dp.okd.lifia.info.unlp.edu.ar/assets/standard-e51a82b7.webp\"}, \"protection\": null, \"total\": \"98.97\"}',72,'2024-07-20 22:08:05.000000','2024-07-20 22:05:59.000000'),
(162,40,1,'{\"advantage\": 77, \"trustworthy\": 93, \"frustrating\": 2, \"confusing\": 2, \"experience\": 92}','2024-07-22 13:33:31.580524','{\"nights\": 3, \"price\": 247.5, \"taxes\": 68.34, \"city\": \"Madrid, Espa\\u00f1a\"}',73,'2024-07-22 13:33:31.000000','2024-07-22 13:31:22.000000'),
(163,33,0,'{\"advantage\": 93, \"trustworthy\": 93, \"frustrating\": 0, \"confusing\": 0, \"experience\": 92}','2024-07-22 13:34:49.306449','{\"code\": \"AAA123\", \"passenger\": \"Andre Paz\", \"seat\": null}',73,'2024-07-22 13:34:49.000000','2024-07-22 13:33:44.000000'),
(164,36,0,'{\"advantage\": 28, \"trustworthy\": 28, \"frustrating\": 0, \"confusing\": 0, \"experience\": 90}','2024-07-22 13:36:43.435960','{\"nights\": 3, \"price\": 408.36, \"taxes\": 87.09, \"city\": \"Madrid, Espa\\u00f1a\"}',74,'2024-07-22 13:36:42.000000','2024-07-22 13:35:45.000000'),
(165,36,0,'{\"advantage\": 69, \"trustworthy\": 85, \"frustrating\": 0, \"confusing\": 0, \"experience\": 88}','2024-07-22 13:36:46.556837','{\"nights\": 3, \"price\": 224.49, \"taxes\": 61.650000000000006, \"city\": \"Madrid, Espa\\u00f1a\"}',73,'2024-07-22 13:36:46.000000','2024-07-22 13:35:05.000000'),
(166,34,1,'{\"advantage\": 23, \"trustworthy\": 68, \"frustrating\": 82, \"confusing\": 67, \"experience\": 35}','2024-07-22 13:38:07.633357','{\"location\": \"Madrid, Espa\\u00f1a\", \"startDate\": \"2024-09-20T13:36:50.000Z\", \"endDate\": \"2024-09-23T13:36:50.000Z\", \"vehicle\": {\"name\": \"Standard\", \"type\": \"sedan\", \"capType\": \"Sedan\", \"description\": \"VW Jetta\", \"capacity\": 5, \"price\": 32.99, \"img\": \"https://sitios-dp.okd.lifia.info.unlp.edu.ar/assets/standard-e51a82b7.webp\"}, \"protection\": null, \"total\": \"98.97\"}',74,'2024-07-22 13:38:06.000000','2024-07-22 13:36:49.000000'),
(167,34,1,'{\"advantage\": 100, \"trustworthy\": 100, \"frustrating\": 0, \"confusing\": 0, \"experience\": 100}','2024-07-22 13:39:26.788433','{\"location\": \"Madrid, Espa\\u00f1a\", \"startDate\": \"2024-09-20T13:36:54.000Z\", \"endDate\": \"2024-09-23T13:36:54.000Z\", \"vehicle\": {\"name\": \"Standard\", \"type\": \"sedan\", \"capType\": \"Sedan\", \"description\": \"VW Jetta\", \"capacity\": 5, \"price\": 32.99, \"img\": \"https://sitios-dp.okd.lifia.info.unlp.edu.ar/assets/standard-e51a82b7.webp\"}, \"protection\": null, \"total\": \"98.97\"}',73,'2024-07-22 13:39:26.000000','2024-07-22 13:36:54.000000'),
(168,37,1,'{\"advantage\": 71, \"trustworthy\": 72, \"frustrating\": 88, \"confusing\": 75, \"experience\": 33}','2024-07-22 13:39:28.698170','{\"code\": \"AAA123\", \"passenger\": \"Tobias\", \"seat\": null}',74,'2024-07-22 13:39:27.000000','2024-07-22 13:38:11.000000'),
(169,39,0,'{\"advantage\": 0, \"trustworthy\": 91, \"frustrating\": 0, \"confusing\": 0, \"experience\": 83}','2024-07-22 13:40:06.360989','{}',74,'2024-07-22 13:40:05.000000','2024-07-22 13:39:32.000000'),
(170,40,1,'{\"advantage\": 100, \"trustworthy\": 0, \"frustrating\": 100, \"confusing\": 100, \"experience\": 0}','2024-07-22 13:43:44.139942','{\"nights\": 1, \"price\": 74.83, \"taxes\": 20.55, \"city\": \"Madrid, Espa\\u00f1a\"}',75,'2024-07-22 13:43:42.000000','2024-07-22 13:42:29.000000'),
(171,38,0,'{\"advantage\": 77, \"trustworthy\": 36, \"frustrating\": 61, \"confusing\": 55, \"experience\": 19}','2024-07-22 13:45:02.784489','{\"location\": \"Madrid, Espa\\u00f1a\", \"startDate\": \"2024-07-22T13:43:58.690Z\", \"endDate\": \"2024-07-22T13:43:58.690Z\", \"vehicle\": {\"name\": \"Standard\", \"type\": \"sedan\", \"capType\": \"Sedan\", \"description\": \"VW Jetta\", \"capacity\": 5, \"price\": 32.99, \"img\": \"https://sitios-dp.okd.lifia.info.unlp.edu.ar/assets/standard-e51a82b7.webp\"}, \"protection\": {\"title\": \"Basic Cover Protection\", \"price\": 9.99}, \"total\": \"0.00\"}',75,'2024-07-22 13:45:01.000000','2024-07-22 13:43:56.000000'),
(172,33,0,'{\"advantage\": 92, \"trustworthy\": 92, \"frustrating\": 92, \"confusing\": 100, \"experience\": 13}','2024-07-22 13:45:56.938564','{\"code\": \"AAA123\", \"passenger\": \"Marta\", \"seat\": {\"value\": \"8B\", \"isVIP\": false, \"save\": true}}',76,'2024-07-22 13:45:53.000000','2024-07-22 13:44:31.000000'),
(173,34,1,'{\"advantage\": 96, \"trustworthy\": 96, \"frustrating\": 4, \"confusing\": 4, \"experience\": 99}','2024-07-22 13:49:28.174922','{\"location\": \"Madrid, Espa\\u00f1a\", \"startDate\": \"2024-09-20T13:48:29.000Z\", \"endDate\": \"2024-09-23T13:48:29.000Z\", \"vehicle\": {\"name\": \"Standard\", \"type\": \"sedan\", \"capType\": \"Sedan\", \"description\": \"VW Jetta\", \"capacity\": 5, \"price\": 32.99, \"img\": \"https://sitios-dp.okd.lifia.info.unlp.edu.ar/assets/standard-e51a82b7.webp\"}, \"protection\": null, \"total\": \"98.97\"}',76,'2024-07-22 13:49:24.000000','2024-07-22 13:48:28.000000'),
(174,35,1,'{\"advantage\": 98, \"trustworthy\": 100, \"frustrating\": 19, \"confusing\": 87, \"experience\": 32}','2024-07-22 13:51:06.889398','{}',76,'2024-07-22 13:51:03.000000','2024-07-22 13:49:41.000000'),
(175,36,0,'{\"advantage\": 30, \"trustworthy\": 100, \"frustrating\": 96, \"confusing\": 5, \"experience\": 100}','2024-07-22 13:52:22.692736','{\"nights\": 3, \"price\": 224.49, \"taxes\": 61.650000000000006, \"city\": \"Madrid, Espa\\u00f1a\"}',76,'2024-07-22 13:52:19.000000','2024-07-22 13:51:07.000000'),
(176,37,1,'{\"advantage\": 50, \"trustworthy\": 25, \"frustrating\": 100, \"confusing\": 100, \"experience\": 27}','2024-07-22 14:07:39.277073','{\"code\": \"AAA123\", \"passenger\": \"Vitalii Popov\", \"seat\": null}',77,'2024-07-22 14:07:38.000000','2024-07-22 14:03:54.000000'),
(177,38,0,'{\"advantage\": 0, \"trustworthy\": 74, \"frustrating\": 20, \"confusing\": 20, \"experience\": 75}','2024-07-22 14:17:00.010259','{\"location\": \"Madrid, Espa\\u00f1a\", \"startDate\": \"2024-09-20T14:07:46.000Z\", \"endDate\": \"2024-09-23T14:07:46.000Z\", \"vehicle\": {\"name\": \"Standard\", \"type\": \"sedan\", \"capType\": \"Sedan\", \"description\": \"VW Jetta\", \"capacity\": 5, \"price\": 32.99, \"img\": \"https://sitios-dp.okd.lifia.info.unlp.edu.ar/assets/standard-e51a82b7.webp\"}, \"protection\": null, \"total\": \"98.97\"}',77,'2024-07-22 14:16:59.000000','2024-07-22 14:07:46.000000'),
(178,39,0,'{\"advantage\": 100, \"trustworthy\": 100, \"frustrating\": 0, \"confusing\": 0, \"experience\": 100}','2024-07-22 14:18:19.192365','{}',77,'2024-07-22 14:18:18.000000','2024-07-22 14:17:03.000000'),
(179,40,1,'{\"advantage\": 37, \"trustworthy\": 73, \"frustrating\": 73, \"confusing\": 74, \"experience\": 21}','2024-07-22 14:21:09.652814','{\"nights\": 3, \"price\": 224.49, \"taxes\": 61.650000000000006, \"city\": \"Madrid, Espa\\u00f1a\"}',77,'2024-07-22 14:21:08.000000','2024-07-22 14:20:14.000000'),
(180,34,1,'{\"advantage\": 86, \"trustworthy\": 86, \"frustrating\": 0, \"confusing\": 0, \"experience\": 87}','2024-07-22 14:40:31.106442','{\"location\": \"Madrid, Espa\\u00f1a\", \"startDate\": \"2024-09-20T14:37:10.000Z\", \"endDate\": \"2024-09-23T14:37:10.000Z\", \"vehicle\": {\"name\": \"Standard\", \"type\": \"sedan\", \"capType\": \"Sedan\", \"description\": \"VW Jetta\", \"capacity\": 5, \"price\": 32.99, \"img\": \"https://sitios-dp.okd.lifia.info.unlp.edu.ar/assets/standard-e51a82b7.webp\"}, \"protection\": null, \"total\": \"98.97\"}',79,'2024-07-22 14:40:30.000000','2024-07-22 14:37:09.000000'),
(181,39,0,'{\"advantage\": 100, \"trustworthy\": 100, \"frustrating\": 0, \"confusing\": 0, \"experience\": 100}','2024-07-22 14:41:19.468082','{}',79,'2024-07-22 14:41:19.000000','2024-07-22 14:40:37.000000'),
(182,36,0,'{\"advantage\": 100, \"trustworthy\": 100, \"frustrating\": 0, \"confusing\": 0, \"experience\": 100}','2024-07-22 14:42:35.044682','{\"nights\": 3, \"price\": 224.49, \"taxes\": 61.650000000000006, \"city\": \"Madrid, Espa\\u00f1a\"}',79,'2024-07-22 14:42:34.000000','2024-07-22 14:41:22.000000'),
(183,37,1,'{\"advantage\": 100, \"trustworthy\": 100, \"frustrating\": 0, \"confusing\": 0, \"experience\": 100}','2024-07-22 14:43:42.757800','{\"code\": \"AAA123\", \"passenger\": \"Florencia\", \"seat\": null}',79,'2024-07-22 14:43:42.000000','2024-07-22 14:42:44.000000'),
(184,39,0,'{\"advantage\": 97, \"trustworthy\": 96, \"frustrating\": 5, \"confusing\": 43, \"experience\": 91}','2024-07-22 15:24:55.508734','{}',80,'2024-07-22 15:24:55.000000','2024-07-22 15:23:42.000000'),
(185,37,1,'{\"advantage\": 85, \"trustworthy\": 91, \"frustrating\": 35, \"confusing\": 15, \"experience\": 28}','2024-07-22 15:26:21.382908','{\"code\": \"AAA123\", \"passenger\": \"Julia Frangella\", \"seat\": null}',80,'2024-07-22 15:26:21.000000','2024-07-22 15:25:10.000000'),
(186,40,1,'{\"advantage\": 17, \"trustworthy\": 29, \"frustrating\": 23, \"confusing\": 20, \"experience\": 100}','2024-07-22 15:29:31.123468','{\"nights\": 3, \"price\": 259.26, \"taxes\": 74.69999999999999, \"city\": \"Madrid, Espa\\u00f1a\"}',80,'2024-07-22 15:29:30.000000','2024-07-22 15:26:35.000000'),
(187,38,0,'{\"advantage\": 41, \"trustworthy\": 40, \"frustrating\": 47, \"confusing\": 41, \"experience\": 43}','2024-07-22 15:33:04.580678','{\"location\": \"Madrid, Espa\\u00f1a\", \"startDate\": \"2024-09-20T15:29:42.000Z\", \"endDate\": \"2024-09-23T15:29:42.000Z\", \"vehicle\": {\"name\": \"Standard\", \"type\": \"sedan\", \"capType\": \"Sedan\", \"description\": \"VW Jetta\", \"capacity\": 5, \"price\": 32.99, \"img\": \"https://sitios-dp.okd.lifia.info.unlp.edu.ar/assets/standard-e51a82b7.webp\"}, \"protection\": null, \"total\": \"98.97\"}',80,'2024-07-22 15:33:04.000000','2024-07-22 15:29:42.000000'),
(188,36,0,'{\"advantage\": 96, \"trustworthy\": 84, \"frustrating\": 91, \"confusing\": 100, \"experience\": 100}','2024-07-22 18:21:15.769025','{\"nights\": 3, \"price\": 446.28, \"taxes\": 91.28999999999999, \"city\": \"Madrid, Espa\\u00f1a\"}',82,'2024-07-22 18:21:14.000000','2024-07-22 18:20:26.000000'),
(189,34,1,'{\"advantage\": 89, \"trustworthy\": 100, \"frustrating\": 100, \"confusing\": 100, \"experience\": 100}','2024-07-22 18:25:26.265952','{\"location\": \"Madrid, Espa\\u00f1a\", \"startDate\": \"2024-09-20T18:24:54.000Z\", \"endDate\": \"2024-09-23T18:24:54.000Z\", \"vehicle\": {\"name\": \"Standard\", \"type\": \"sedan\", \"capType\": \"Sedan\", \"description\": \"VW Jetta\", \"capacity\": 5, \"price\": 32.99, \"img\": \"https://sitios-dp.okd.lifia.info.unlp.edu.ar/assets/standard-e51a82b7.webp\"}, \"protection\": null, \"total\": \"98.97\"}',82,'2024-07-22 18:25:24.000000','2024-07-22 18:24:52.000000'),
(190,37,1,'{\"advantage\": 100, \"trustworthy\": 100, \"frustrating\": 100, \"confusing\": 100, \"experience\": 100}','2024-07-22 18:26:33.656106','{\"code\": \"AAA123\", \"passenger\": \"Bukra\", \"seat\": null}',82,'2024-07-22 18:26:32.000000','2024-07-22 18:25:39.000000'),
(191,39,0,'{\"advantage\": 84, \"trustworthy\": 94, \"frustrating\": 100, \"confusing\": 100, \"experience\": 100}','2024-07-22 18:27:19.954611','{}',82,'2024-07-22 18:27:19.000000','2024-07-22 18:26:55.000000'),
(192,33,0,'{\"advantage\": 32, \"trustworthy\": 32, \"frustrating\": 17, \"confusing\": 17, \"experience\": 68}','2024-07-22 21:13:00.854720','{\"code\": \"AAA123\", \"passenger\": \"Test User \", \"seat\": null}',84,'2024-07-22 21:12:59.000000','2024-07-22 21:11:11.000000'),
(193,34,1,'{\"advantage\": 29, \"trustworthy\": 29, \"frustrating\": 18, \"confusing\": 18, \"experience\": 79}','2024-07-22 21:16:07.787232','{\"location\": \"Madrid, Espa\\u00f1a\", \"startDate\": \"2024-09-20T21:15:13.000Z\", \"endDate\": \"2024-09-23T21:15:13.000Z\", \"vehicle\": {\"name\": \"Standard\", \"type\": \"sedan\", \"capType\": \"Sedan\", \"description\": \"VW Jetta\", \"capacity\": 5, \"price\": 32.99, \"img\": \"https://sitios-dp.okd.lifia.info.unlp.edu.ar/assets/standard-e51a82b7.webp\"}, \"protection\": null, \"total\": \"98.97\"}',84,'2024-07-22 21:16:06.000000','2024-07-22 21:15:11.000000'),
(194,35,1,'{\"advantage\": 35, \"trustworthy\": 35, \"frustrating\": 67, \"confusing\": 62, \"experience\": 35}','2024-07-22 21:18:16.429260','{}',84,'2024-07-22 21:18:15.000000','2024-07-22 21:16:15.000000'),
(195,36,0,'{\"advantage\": 34, \"trustworthy\": 34, \"frustrating\": 15, \"confusing\": 15, \"experience\": 79}','2024-07-22 21:19:43.154955','{\"nights\": 3, \"price\": 224.49, \"taxes\": 61.650000000000006, \"city\": \"Madrid, Espa\\u00f1a\"}',84,'2024-07-22 21:19:41.000000','2024-07-22 21:18:30.000000'),
(196,37,1,'{\"advantage\": 77, \"trustworthy\": 57, \"frustrating\": 50, \"confusing\": 78, \"experience\": 48}','2024-07-22 21:30:28.058364','{\"code\": \"AAA123\", \"passenger\": \"Air Somewhere\", \"seat\": null}',85,'2024-07-22 21:30:28.000000','2024-07-22 21:27:14.000000'),
(197,38,0,'{\"advantage\": 78, \"trustworthy\": 8, \"frustrating\": 85, \"confusing\": 89, \"experience\": 1}','2024-07-22 21:33:58.603107','{\"location\": \"Madrid, Espa\\u00f1a\", \"startDate\": \"2024-09-20T21:30:43.000Z\", \"endDate\": \"2024-09-23T21:30:43.000Z\", \"vehicle\": {\"name\": \"Standard\", \"type\": \"sedan\", \"capType\": \"Sedan\", \"description\": \"VW Jetta\", \"capacity\": 5, \"price\": 32.99, \"img\": \"https://sitios-dp.okd.lifia.info.unlp.edu.ar/assets/standard-e51a82b7.webp\"}, \"protection\": null, \"total\": \"98.97\"}',85,'2024-07-22 21:33:59.000000','2024-07-22 21:30:42.000000'),
(198,39,0,'{\"advantage\": 0, \"trustworthy\": 97, \"frustrating\": 0, \"confusing\": 3, \"experience\": 100}','2024-07-22 21:35:33.471454','{}',85,'2024-07-22 21:35:34.000000','2024-07-22 21:34:17.000000'),
(199,40,1,'{\"advantage\": 22, \"trustworthy\": 83, \"frustrating\": 20, \"confusing\": 26, \"experience\": 80}','2024-07-22 21:37:11.018607','{\"nights\": 3, \"price\": 224.49, \"taxes\": 61.650000000000006, \"city\": \"Madrid, Espa\\u00f1a\"}',85,'2024-07-22 21:37:11.000000','2024-07-22 21:35:46.000000'),
(200,34,1,'{\"advantage\": 12, \"trustworthy\": 56, \"frustrating\": 77, \"confusing\": 67, \"experience\": 26}','2024-07-23 08:43:50.603885','{\"location\": \"Madrid, Espa\\u00f1a\", \"startDate\": \"2024-09-13T08:38:40.000Z\", \"endDate\": \"2024-09-15T08:38:40.000Z\", \"vehicle\": {\"name\": \"Standard\", \"type\": \"sedan\", \"capType\": \"Sedan\", \"description\": \"VW Jetta\", \"capacity\": 5, \"price\": 32.99, \"img\": \"https://sitios-dp.okd.lifia.info.unlp.edu.ar/assets/standard-e51a82b7.webp\"}, \"protection\": {\"title\": \"Grundlegender Versicherungsschutz\", \"price\": 9.99}, \"total\": \"85.96\"}',87,'2024-07-23 08:43:50.000000','2024-07-23 08:38:38.000000'),
(201,39,0,'{\"advantage\": 72, \"trustworthy\": 73, \"frustrating\": 43, \"confusing\": 37, \"experience\": 60}','2024-07-23 08:45:15.630847','{}',87,'2024-07-23 08:45:15.000000','2024-07-23 08:44:00.000000'),
(202,36,0,'{\"advantage\": 16, \"trustworthy\": 66, \"frustrating\": 55, \"confusing\": 4, \"experience\": 46}','2024-07-23 08:47:46.840781','{\"nights\": 3, \"price\": 224.49, \"taxes\": 61.650000000000006, \"city\": \"Madrid, Espa\\u00f1a\"}',87,'2024-07-23 08:47:46.000000','2024-07-23 08:45:37.000000'),
(203,37,1,'{\"advantage\": 42, \"trustworthy\": 65, \"frustrating\": 36, \"confusing\": 59, \"experience\": 47}','2024-07-23 08:49:32.324052','{\"code\": \"AAA123\", \"passenger\": \"xyz\", \"seat\": null}',87,'2024-07-23 08:49:32.000000','2024-07-23 08:48:08.000000'),
(204,39,0,'{\"advantage\": 0, \"trustworthy\": 0, \"frustrating\": 1, \"confusing\": 0, \"experience\": 100}','2024-07-23 09:39:22.255541','{}',88,'2024-07-23 09:39:20.000000','2024-07-23 09:37:17.000000'),
(205,37,1,'{\"advantage\": 0, \"trustworthy\": 0, \"frustrating\": 0, \"confusing\": 0, \"experience\": 50}','2024-07-23 09:45:10.265426','{\"code\": \"AAA123\", \"passenger\": \"Narges Mehran\", \"seat\": null}',88,'2024-07-23 09:45:08.000000','2024-07-23 09:43:17.000000'),
(206,40,1,'{\"advantage\": 0, \"trustworthy\": 0, \"frustrating\": 0, \"confusing\": 0, \"experience\": 100}','2024-07-23 09:47:41.566236','{\"nights\": 3, \"price\": 224.49, \"taxes\": 61.650000000000006, \"city\": \"Madrid, Espa\\u00f1a\"}',88,'2024-07-23 09:47:39.000000','2024-07-23 09:45:30.000000'),
(207,38,0,'{\"advantage\": 0, \"trustworthy\": 0, \"frustrating\": 0, \"confusing\": 0, \"experience\": 100}','2024-07-23 09:50:16.995702','{\"location\": \"Madrid, Espa\\u00f1a\", \"startDate\": \"2024-09-20T09:47:58.000Z\", \"endDate\": \"2024-09-23T09:47:58.000Z\", \"vehicle\": {\"name\": \"Standard\", \"type\": \"sedan\", \"capType\": \"Sedan\", \"description\": \"VW Jetta\", \"capacity\": 5, \"price\": 32.99, \"img\": \"https://sitios-dp.okd.lifia.info.unlp.edu.ar/assets/standard-e51a82b7.webp\"}, \"protection\": null, \"total\": \"98.97\"}',88,'2024-07-23 09:50:14.000000','2024-07-23 09:47:56.000000'),
(208,40,1,'{\"advantage\": 86, \"trustworthy\": 84, \"frustrating\": 26, \"confusing\": 26, \"experience\": 77}','2024-07-23 15:02:37.347640','{\"nights\": 3, \"price\": 224.49, \"taxes\": 61.650000000000006, \"city\": \"Madrid, Espa\\u00f1a\"}',91,'2024-07-23 15:02:35.000000','2024-07-23 14:59:15.000000'),
(209,38,0,'{\"advantage\": 78, \"trustworthy\": 78, \"frustrating\": 24, \"confusing\": 64, \"experience\": 76}','2024-07-23 15:09:12.196683','{\"location\": \"Madrid, Espa\\u00f1a\", \"startDate\": \"2024-09-20T15:03:09.000Z\", \"endDate\": \"2024-09-23T15:03:09.000Z\", \"vehicle\": {\"name\": \"Standard\", \"type\": \"sedan\", \"capType\": \"Sedan\", \"description\": \"VW Jetta\", \"capacity\": 5, \"price\": 32.99, \"img\": \"https://sitios-dp.okd.lifia.info.unlp.edu.ar/assets/standard-e51a82b7.webp\"}, \"protection\": {\"title\": \"Cobertura Est\\u00e1ndar\", \"price\": 29.99}, \"total\": \"188.94\"}',91,'2024-07-23 15:09:09.000000','2024-07-23 15:03:08.000000'),
(210,33,0,'{\"advantage\": 77, \"trustworthy\": 77, \"frustrating\": 24, \"confusing\": 38, \"experience\": 77}','2024-07-23 15:11:44.549516','{\"code\": \"AAA 123\", \"passenger\": \"Carla Nu\\u00f1ez\", \"seat\": null}',91,'2024-07-23 15:11:42.000000','2024-07-23 15:09:45.000000'),
(211,35,1,'{\"advantage\": 93, \"trustworthy\": 92, \"frustrating\": 19, \"confusing\": 20, \"experience\": 85}','2024-07-23 15:13:27.974527','{}',91,'2024-07-23 15:13:25.000000','2024-07-23 15:12:00.000000'),
(212,33,0,'{\"advantage\": 77, \"trustworthy\": 74, \"frustrating\": 35, \"confusing\": 64, \"experience\": 60}','2024-07-23 17:23:30.412907','{\"code\": \"AAA123\", \"passenger\": \"Juan Ignacio Vidal\", \"seat\": null}',92,'2024-07-23 17:23:29.000000','2024-07-23 17:22:25.000000'),
(213,34,1,'{\"advantage\": 75, \"trustworthy\": 75, \"frustrating\": 36, \"confusing\": 42, \"experience\": 44}','2024-07-23 17:25:29.628908','{\"location\": \"Madrid, Espa\\u00f1a\", \"startDate\": \"2024-09-20T17:23:53.000Z\", \"endDate\": \"2024-09-23T17:23:53.000Z\", \"vehicle\": {\"name\": \"Standard\", \"type\": \"sedan\", \"capType\": \"Sedan\", \"description\": \"VW Jetta\", \"capacity\": 5, \"price\": 32.99, \"img\": \"https://sitios-dp.okd.lifia.info.unlp.edu.ar/assets/standard-e51a82b7.webp\"}, \"protection\": null, \"total\": \"98.97\"}',92,'2024-07-23 17:25:29.000000','2024-07-23 17:23:52.000000'),
(214,35,1,'{\"advantage\": 71, \"trustworthy\": 60, \"frustrating\": 60, \"confusing\": 62, \"experience\": 41}','2024-07-23 17:26:47.707001','{}',92,'2024-07-23 17:26:47.000000','2024-07-23 17:25:45.000000'),
(215,36,0,'{\"advantage\": 73, \"trustworthy\": 67, \"frustrating\": 22, \"confusing\": 22, \"experience\": 68}','2024-07-23 17:28:28.793582','{\"nights\": 3, \"price\": 224.49, \"taxes\": 61.650000000000006, \"city\": \"Madrid, Espa\\u00f1a\"}',92,'2024-07-23 17:28:28.000000','2024-07-23 17:26:57.000000'),
(216,37,1,'{\"advantage\": 100, \"trustworthy\": 93, \"frustrating\": 0, \"confusing\": 3, \"experience\": 93}','2024-07-24 06:52:06.773614','{\"code\": \"AAA123\", \"passenger\": \"saleem\", \"seat\": {\"value\": \"2C\", \"isVIP\": false, \"save\": false}}',93,'2024-07-24 06:52:04.000000','2024-07-24 06:47:40.000000'),
(217,38,0,'{\"advantage\": 64, \"trustworthy\": 26, \"frustrating\": 50, \"confusing\": 63, \"experience\": 38}','2024-07-24 07:00:05.389805','{\"location\": \"Madrid, Espa\\u00f1a\", \"startDate\": \"2024-09-19T22:00:00.000Z\", \"endDate\": \"2024-09-22T22:00:00.000Z\", \"vehicle\": {\"name\": \"Standard\", \"type\": \"sedan\", \"capType\": \"Sedan\", \"description\": \"VW Jetta\", \"capacity\": 5, \"price\": 32.99, \"img\": \"https://sitios-dp.okd.lifia.info.unlp.edu.ar/assets/standard-e51a82b7.webp\"}, \"protection\": null, \"total\": \"98.97\"}',93,'2024-07-24 07:00:02.000000','2024-07-24 06:52:12.000000'),
(218,39,0,'{\"advantage\": 100, \"trustworthy\": 100, \"frustrating\": 0, \"confusing\": 0, \"experience\": 100}','2024-07-24 07:02:08.807511','{}',93,'2024-07-24 07:02:06.000000','2024-07-24 07:00:11.000000'),
(219,40,1,'{\"advantage\": 50, \"trustworthy\": 5, \"frustrating\": 50, \"confusing\": 86, \"experience\": 21}','2024-07-24 07:05:24.644917','{\"nights\": 3, \"price\": 224.49, \"taxes\": 61.650000000000006, \"city\": \"Madrid, Espa\\u00f1a\"}',93,'2024-07-24 07:05:22.000000','2024-07-24 07:02:26.000000'),
(220,38,0,'{\"advantage\": 0, \"trustworthy\": 43, \"frustrating\": 52, \"confusing\": 99, \"experience\": 31}','2024-07-24 10:01:44.461240','{\"location\": \"Madrid, Espa\\u00f1a\", \"startDate\": \"2024-09-20T09:58:08.000Z\", \"endDate\": \"2024-09-23T09:58:08.000Z\", \"vehicle\": {\"name\": \"Standard\", \"type\": \"sedan\", \"capType\": \"Sedan\", \"description\": \"VW Jetta\", \"capacity\": 5, \"price\": 32.99, \"img\": \"https://sitios-dp.okd.lifia.info.unlp.edu.ar/assets/standard-e51a82b7.webp\"}, \"protection\": null, \"total\": \"98.97\"}',94,'2024-07-24 10:01:42.000000','2024-07-24 09:58:07.000000'),
(221,35,1,'{\"advantage\": 85, \"trustworthy\": 91, \"frustrating\": 57, \"confusing\": 31, \"experience\": 53}','2024-07-24 10:03:18.367295','{}',94,'2024-07-24 10:03:16.000000','2024-07-24 10:01:54.000000'),
(222,40,1,'{\"advantage\": 82, \"trustworthy\": 82, \"frustrating\": 64, \"confusing\": 43, \"experience\": 27}','2024-07-24 10:05:14.524387','{\"nights\": 3, \"price\": 224.49, \"taxes\": 61.650000000000006, \"city\": \"Madrid, Espa\\u00f1a\"}',94,'2024-07-24 10:05:12.000000','2024-07-24 10:03:25.000000'),
(223,33,0,'{\"advantage\": 79, \"trustworthy\": 79, \"frustrating\": 52, \"confusing\": 27, \"experience\": 34}','2024-07-24 10:06:36.491518','{\"code\": \"AAA123\", \"passenger\": \"Alejandro Wurts\", \"seat\": null}',94,'2024-07-24 10:06:34.000000','2024-07-24 10:05:19.000000'),
(224,39,0,'{\"advantage\": 63, \"trustworthy\": 76, \"frustrating\": 31, \"confusing\": 25, \"experience\": 67}','2024-07-24 10:25:57.364547','{}',96,'2024-07-24 10:25:55.000000','2024-07-24 10:25:29.000000'),
(225,37,1,'{\"advantage\": 80, \"trustworthy\": 94, \"frustrating\": 4, \"confusing\": 18, \"experience\": 86}','2024-07-24 10:27:12.634714','{\"code\": \"AAA123\", \"passenger\": \"Lucas Schr\\u00f6der\", \"seat\": null}',96,'2024-07-24 10:27:10.000000','2024-07-24 10:26:14.000000'),
(226,40,1,'{\"advantage\": 61, \"trustworthy\": 78, \"frustrating\": 55, \"confusing\": 37, \"experience\": 60}','2024-07-24 10:30:05.963295','{\"nights\": 3, \"price\": 224.49, \"taxes\": 61.650000000000006, \"city\": \"Madrid, Espa\\u00f1a\"}',96,'2024-07-24 10:30:03.000000','2024-07-24 10:27:43.000000'),
(227,38,0,'{\"advantage\": 24, \"trustworthy\": 58, \"frustrating\": 62, \"confusing\": 82, \"experience\": 38}','2024-07-24 10:33:27.159623','{\"location\": \"Madrid, Espa\\u00f1a\", \"startDate\": \"2024-09-20T10:30:18.000Z\", \"endDate\": \"2024-09-23T10:30:18.000Z\", \"vehicle\": {\"name\": \"Standard\", \"type\": \"sedan\", \"capType\": \"Sedan\", \"description\": \"VW Jetta\", \"capacity\": 5, \"price\": 32.99, \"img\": \"https://sitios-dp.okd.lifia.info.unlp.edu.ar/assets/standard-e51a82b7.webp\"}, \"protection\": null, \"total\": \"98.97\"}',96,'2024-07-24 10:33:25.000000','2024-07-24 10:30:15.000000'),
(228,36,0,'{\"advantage\": 26, \"trustworthy\": 43, \"frustrating\": 17, \"confusing\": 7, \"experience\": 0}','2024-07-24 13:00:14.002673','{\"nights\": 3, \"price\": 224.49, \"taxes\": 61.650000000000006, \"city\": \"Madrid, Espa\\u00f1a\"}',98,'2024-07-24 13:00:13.000000','2024-07-24 12:56:39.000000'),
(229,34,1,'{\"advantage\": 13, \"trustworthy\": 0, \"frustrating\": 97, \"confusing\": 82, \"experience\": 37}','2024-07-24 13:04:12.862426','{\"location\": \"Madrid, Espa\\u00f1a\", \"startDate\": \"2024-07-26T13:02:28.000Z\", \"endDate\": \"2024-07-29T13:02:28.000Z\", \"vehicle\": {\"name\": \"Standard\", \"type\": \"sedan\", \"capType\": \"Sedan\", \"description\": \"VW Jetta\", \"capacity\": 5, \"price\": 32.99, \"img\": \"https://sitios-dp.okd.lifia.info.unlp.edu.ar/assets/standard-e51a82b7.webp\"}, \"protection\": null, \"total\": \"98.97\"}',98,'2024-07-24 13:04:12.000000','2024-07-24 13:00:36.000000'),
(230,37,1,'{\"advantage\": 34, \"trustworthy\": 45, \"frustrating\": 60, \"confusing\": 75, \"experience\": 39}','2024-07-24 13:06:10.161814','{\"code\": \"AAA123\", \"passenger\": \"Andrea Paz\", \"seat\": null}',98,'2024-07-24 13:06:09.000000','2024-07-24 13:04:43.000000'),
(231,39,0,'{\"advantage\": 94, \"trustworthy\": 99, \"frustrating\": 19, \"confusing\": 15, \"experience\": 73}','2024-07-24 13:08:45.963421','{}',98,'2024-07-24 13:08:45.000000','2024-07-24 13:07:14.000000'),
(232,34,1,'{\"advantage\": 28, \"trustworthy\": 29, \"frustrating\": 68, \"confusing\": 68, \"experience\": 41}','2024-07-24 17:46:03.927652','{\"location\": \"Madrid, Espa\\u00f1a\", \"startDate\": \"2024-09-06T17:44:08.000Z\", \"endDate\": \"2024-09-09T17:44:08.000Z\", \"vehicle\": {\"name\": \"Standard\", \"type\": \"sedan\", \"capType\": \"Sedan\", \"description\": \"VW Jetta\", \"capacity\": 5, \"price\": 32.99, \"img\": \"https://sitios-dp.okd.lifia.info.unlp.edu.ar/assets/standard-e51a82b7.webp\"}, \"protection\": null, \"total\": \"98.97\"}',103,'2024-07-24 17:46:02.000000','2024-07-24 17:42:32.000000'),
(233,39,0,'{\"advantage\": 88, \"trustworthy\": 89, \"frustrating\": 24, \"confusing\": 8, \"experience\": 65}','2024-07-24 17:47:56.735336','{}',103,'2024-07-24 17:47:54.000000','2024-07-24 17:47:17.000000'),
(234,36,0,'{\"advantage\": 83, \"trustworthy\": 83, \"frustrating\": 60, \"confusing\": 29, \"experience\": 38}','2024-07-24 17:49:28.872648','{\"nights\": 3, \"price\": 224.49, \"taxes\": 61.650000000000006, \"city\": \"Madrid, Espa\\u00f1a\"}',103,'2024-07-24 17:49:26.000000','2024-07-24 17:48:07.000000'),
(235,37,1,'{\"advantage\": 35, \"trustworthy\": 42, \"frustrating\": 63, \"confusing\": 63, \"experience\": 37}','2024-07-24 17:50:57.455166','{\"code\": \"AAA123\", \"passenger\": \"Christoph\", \"seat\": null}',103,'2024-07-24 17:50:55.000000','2024-07-24 17:49:40.000000'),
(236,39,0,'{\"advantage\": 75, \"trustworthy\": 75, \"frustrating\": 0, \"confusing\": 0, \"experience\": 100}','2024-07-24 23:39:36.256986','{}',104,'2024-07-24 23:39:32.000000','2024-07-24 23:38:33.000000'),
(237,37,1,'{\"advantage\": 87, \"trustworthy\": 87, \"frustrating\": 0, \"confusing\": 7, \"experience\": 100}','2024-07-24 23:41:14.048318','{\"code\": \"AAA123\", \"passenger\": \"AMEY RAJESH SHALIGRAM\", \"seat\": null}',104,'2024-07-24 23:41:10.000000','2024-07-24 23:39:50.000000'),
(238,40,1,'{\"advantage\": 18, \"trustworthy\": 32, \"frustrating\": 2, \"confusing\": 0, \"experience\": 80}','2024-07-24 23:44:09.269557','{\"nights\": 3, \"price\": 224.49, \"taxes\": 61.650000000000006, \"city\": \"Madrid, Espa\\u00f1a\"}',104,'2024-07-24 23:44:06.000000','2024-07-24 23:43:06.000000'),
(239,38,0,'{\"advantage\": 47, \"trustworthy\": 45, \"frustrating\": 0, \"confusing\": 0, \"experience\": 100}','2024-07-24 23:45:42.948277','{\"location\": \"Madrid, Espa\\u00f1a\", \"startDate\": \"2024-09-19T23:44:21.000Z\", \"endDate\": \"2024-09-22T23:44:21.000Z\", \"vehicle\": {\"name\": \"Standard\", \"type\": \"sedan\", \"capType\": \"Sedan\", \"description\": \"VW Jetta\", \"capacity\": 5, \"price\": 32.99, \"img\": \"https://sitios-dp.okd.lifia.info.unlp.edu.ar/assets/standard-e51a82b7.webp\"}, \"protection\": null, \"total\": \"98.97\"}',104,'2024-07-24 23:45:39.000000','2024-07-24 23:44:20.000000'),
(240,36,0,'{\"advantage\": 77, \"trustworthy\": 77, \"frustrating\": 3, \"confusing\": 3, \"experience\": 94}','2024-07-25 07:30:21.426771','{\"nights\": 3, \"price\": 224.49, \"taxes\": 61.650000000000006, \"city\": \"Madrid, Espa\\u00f1a\"}',106,'2024-07-25 07:30:19.000000','2024-07-25 07:26:14.000000'),
(241,34,1,'{\"advantage\": 78, \"trustworthy\": 78, \"frustrating\": 7, \"confusing\": 7, \"experience\": 91}','2024-07-25 07:33:09.172211','{\"location\": \"Madrid, Espa\\u00f1a\", \"startDate\": \"2024-09-20T07:30:35.000Z\", \"endDate\": \"2024-09-23T07:30:35.000Z\", \"vehicle\": {\"name\": \"Standard\", \"type\": \"sedan\", \"capType\": \"Sedan\", \"description\": \"VW Jetta\", \"capacity\": 5, \"price\": 32.99, \"img\": \"https://sitios-dp.okd.lifia.info.unlp.edu.ar/assets/standard-e51a82b7.webp\"}, \"protection\": null, \"total\": \"98.97\"}',106,'2024-07-25 07:33:07.000000','2024-07-25 07:30:34.000000'),
(242,37,1,'{\"advantage\": 79, \"trustworthy\": 79, \"frustrating\": 21, \"confusing\": 22, \"experience\": 80}','2024-07-25 07:35:35.222819','{\"code\": \"AAA123\", \"passenger\": \"Andrea Paz\", \"seat\": null}',106,'2024-07-25 07:35:32.000000','2024-07-25 07:33:32.000000'),
(243,39,0,'{\"advantage\": 80, \"trustworthy\": 80, \"frustrating\": 7, \"confusing\": 7, \"experience\": 96}','2024-07-25 07:36:29.218111','{}',106,'2024-07-25 07:36:27.000000','2024-07-25 07:35:41.000000'),
(244,40,1,'{\"advantage\": 42, \"trustworthy\": 42, \"frustrating\": 76, \"confusing\": 56, \"experience\": 76}','2024-07-25 12:45:29.666104','{\"nights\": 3, \"price\": 224.49, \"taxes\": 61.650000000000006, \"city\": \"Madrid, Espa\\u00f1a\"}',107,'2024-07-25 12:45:28.000000','2024-07-25 12:41:05.000000'),
(245,38,0,'{\"advantage\": 43, \"trustworthy\": 43, \"frustrating\": 61, \"confusing\": 50, \"experience\": 61}','2024-07-25 12:48:29.779814','{\"location\": \"Madrid, Espa\\u00f1a\", \"startDate\": \"2024-09-20T12:45:45.000Z\", \"endDate\": \"2024-09-23T12:45:45.000Z\", \"vehicle\": {\"name\": \"Standard\", \"type\": \"sedan\", \"capType\": \"Sedan\", \"description\": \"VW Jetta\", \"capacity\": 5, \"price\": 32.99, \"img\": \"https://sitios-dp.okd.lifia.info.unlp.edu.ar/assets/standard-e51a82b7.webp\"}, \"protection\": null, \"total\": \"98.97\"}',107,'2024-07-25 12:48:28.000000','2024-07-25 12:45:43.000000'),
(246,33,0,'{\"advantage\": 50, \"trustworthy\": 50, \"frustrating\": 70, \"confusing\": 70, \"experience\": 23}','2024-07-25 12:51:08.474173','{\"code\": \"AAA123\", \"passenger\": \"Jo\", \"seat\": null}',107,'2024-07-25 12:51:07.000000','2024-07-25 12:49:35.000000'),
(247,33,0,'{\"advantage\": 39, \"trustworthy\": 67, \"frustrating\": 38, \"confusing\": 58, \"experience\": 35}','2024-07-25 12:59:28.950615','{\"code\": \"aaa123\", \"passenger\": \"Test\", \"seat\": null}',108,'2024-07-25 12:59:28.000000','2024-07-25 12:59:11.000000'),
(248,35,1,'{\"advantage\": 50, \"trustworthy\": 50, \"frustrating\": 35, \"confusing\": 42, \"experience\": 69}','2024-07-25 13:00:04.812602','{}',107,'2024-07-25 13:00:03.000000','2024-07-25 12:58:41.000000'),
(249,34,1,'{\"advantage\": 78, \"trustworthy\": 37, \"frustrating\": 53, \"confusing\": 39, \"experience\": 57}','2024-07-25 13:00:56.077326','{\"location\": \"Madrid, Espa\\u00f1a\", \"startDate\": \"2024-09-27T13:00:01.000Z\", \"endDate\": \"2024-09-30T13:00:01.000Z\", \"vehicle\": {\"name\": \"Standard\", \"type\": \"sedan\", \"capType\": \"Sedan\", \"description\": \"VW Jetta\", \"capacity\": 5, \"price\": 32.99, \"img\": \"https://sitios-dp.okd.lifia.info.unlp.edu.ar/assets/standard-e51a82b7.webp\"}, \"protection\": null, \"total\": \"98.97\"}',108,'2024-07-25 13:00:55.000000','2024-07-25 13:00:01.000000'),
(250,35,1,'{\"advantage\": 37, \"trustworthy\": 59, \"frustrating\": 47, \"confusing\": 55, \"experience\": 50}','2024-07-25 13:01:13.737471','{}',108,'2024-07-25 13:01:13.000000','2024-07-25 13:00:58.000000'),
(251,36,0,'{\"advantage\": 43, \"trustworthy\": 56, \"frustrating\": 44, \"confusing\": 56, \"experience\": 40}','2024-07-25 13:01:45.295221','{\"nights\": 3, \"price\": 224.49, \"taxes\": 61.650000000000006, \"city\": \"Madrid, Espa\\u00f1a\"}',108,'2024-07-25 13:01:45.000000','2024-07-25 13:01:15.000000'),
(252,37,1,'{\"advantage\": 40, \"trustworthy\": 50, \"frustrating\": 50, \"confusing\": 50, \"experience\": 50}','2024-07-25 13:04:41.571796','{\"code\": \"aaa123\", \"passenger\": \"Juan\", \"seat\": null}',109,'2024-07-25 13:04:41.000000','2024-07-25 13:04:27.000000'),
(253,38,0,'{\"advantage\": 41, \"trustworthy\": 50, \"frustrating\": 50, \"confusing\": 50, \"experience\": 50}','2024-07-25 13:04:56.688285','{\"location\": \"Madrid, Espa\\u00f1a\", \"startDate\": \"2024-07-25T13:04:43.322Z\", \"endDate\": \"2024-07-25T13:04:43.322Z\", \"vehicle\": {\"name\": \"Standard\", \"type\": \"sedan\", \"capType\": \"Sedan\", \"description\": \"VW Jetta\", \"capacity\": 5, \"price\": 32.99, \"img\": \"https://sitios-dp.okd.lifia.info.unlp.edu.ar/assets/standard-e51a82b7.webp\"}, \"protection\": null, \"total\": \"0.00\"}',109,'2024-07-25 13:04:56.000000','2024-07-25 13:04:43.000000'),
(254,39,0,'{\"advantage\": 36, \"trustworthy\": 50, \"frustrating\": 50, \"confusing\": 50, \"experience\": 50}','2024-07-25 13:05:08.844709','{}',109,'2024-07-25 13:05:08.000000','2024-07-25 13:04:58.000000'),
(255,40,1,'{\"advantage\": 50, \"trustworthy\": 33, \"frustrating\": 50, \"confusing\": 50, \"experience\": 50}','2024-07-25 13:05:24.343657','{\"nights\": 0, \"price\": 0, \"taxes\": 0, \"city\": \"Madrid, Espa\\u00f1a\"}',109,'2024-07-25 13:05:24.000000','2024-07-25 13:05:10.000000'),
(256,38,0,'{\"advantage\": 32, \"trustworthy\": 50, \"frustrating\": 50, \"confusing\": 50, \"experience\": 50}','2024-07-25 13:06:03.338012','{\"location\": \"Madrid, Espa\\u00f1a\", \"startDate\": \"2024-07-25T13:05:49.771Z\", \"endDate\": \"2024-07-25T13:05:49.771Z\", \"vehicle\": {\"name\": \"Standard\", \"type\": \"sedan\", \"capType\": \"Sedan\", \"description\": \"VW Jetta\", \"capacity\": 5, \"price\": 32.99, \"img\": \"https://sitios-dp.okd.lifia.info.unlp.edu.ar/assets/standard-e51a82b7.webp\"}, \"protection\": null, \"total\": \"0.00\"}',110,'2024-07-25 13:06:03.000000','2024-07-25 13:05:49.000000'),
(257,35,1,'{\"advantage\": 34, \"trustworthy\": 50, \"frustrating\": 50, \"confusing\": 50, \"experience\": 50}','2024-07-25 13:06:14.300082','{}',110,'2024-07-25 13:06:14.000000','2024-07-25 13:06:04.000000'),
(258,40,1,'{\"advantage\": 59, \"trustworthy\": 50, \"frustrating\": 50, \"confusing\": 50, \"experience\": 50}','2024-07-25 13:06:47.543390','{\"nights\": 3, \"price\": 224.49, \"taxes\": 61.650000000000006, \"city\": \"Madrid, Espa\\u00f1a\"}',110,'2024-07-25 13:06:47.000000','2024-07-25 13:06:16.000000'),
(259,40,1,'{\"advantage\": 77, \"trustworthy\": 77, \"frustrating\": 18, \"confusing\": 13, \"experience\": 83}','2024-07-25 14:37:33.168821','{\"nights\": 3, \"price\": 224.49, \"taxes\": 61.650000000000006, \"city\": \"Madrid, Espa\\u00f1a\"}',99,'2024-07-25 14:37:32.000000','2024-07-25 14:34:20.000000'),
(260,38,0,'{\"advantage\": 87, \"trustworthy\": 86, \"frustrating\": 18, \"confusing\": 17, \"experience\": 90}','2024-07-25 14:39:19.606776','{\"location\": \"Madrid, Espa\\u00f1a\", \"startDate\": \"2024-09-20T14:37:42.000Z\", \"endDate\": \"2024-09-23T14:37:42.000Z\", \"vehicle\": {\"name\": \"Standard\", \"type\": \"sedan\", \"capType\": \"Sedan\", \"description\": \"VW Jetta\", \"capacity\": 5, \"price\": 32.99, \"img\": \"https://sitios-dp.okd.lifia.info.unlp.edu.ar/assets/standard-e51a82b7.webp\"}, \"protection\": null, \"total\": \"98.97\"}',99,'2024-07-25 14:39:18.000000','2024-07-25 14:37:41.000000'),
(261,33,0,'{\"advantage\": 86, \"trustworthy\": 84, \"frustrating\": 7, \"confusing\": 76, \"experience\": 43}','2024-07-25 14:41:15.651580','{\"code\": \"AAA123\", \"passenger\": \"Andrea Paz\", \"seat\": null}',99,'2024-07-25 14:41:14.000000','2024-07-25 14:39:48.000000'),
(262,35,1,'{\"advantage\": 88, \"trustworthy\": 87, \"frustrating\": 50, \"confusing\": 50, \"experience\": 83}','2024-07-25 14:43:01.980796','{}',99,'2024-07-25 14:43:00.000000','2024-07-25 14:41:30.000000'),
(263,34,1,'{\"advantage\": 42, \"trustworthy\": 58, \"frustrating\": 20, \"confusing\": 62, \"experience\": 52}','2024-07-25 16:40:12.533802','{\"location\": \"Madrid, Espa\\u00f1a\", \"startDate\": \"2024-09-20T16:35:04.000Z\", \"endDate\": \"2024-09-23T16:35:04.000Z\", \"vehicle\": {\"name\": \"Standard\", \"type\": \"sedan\", \"capType\": \"Sedan\", \"description\": \"VW Jetta\", \"capacity\": 5, \"price\": 32.99, \"img\": \"https://sitios-dp.okd.lifia.info.unlp.edu.ar/assets/standard-e51a82b7.webp\"}, \"protection\": null, \"total\": \"98.97\"}',111,'2024-07-25 16:40:11.000000','2024-07-25 16:35:03.000000'),
(264,39,0,'{\"advantage\": 98, \"trustworthy\": 77, \"frustrating\": 58, \"confusing\": 70, \"experience\": 45}','2024-07-25 16:41:27.185445','{}',111,'2024-07-25 16:41:26.000000','2024-07-25 16:40:24.000000'),
(265,36,0,'{\"advantage\": 100, \"trustworthy\": 68, \"frustrating\": 1, \"confusing\": 26, \"experience\": 59}','2024-07-25 16:43:43.756317','{\"nights\": 3, \"price\": 224.49, \"taxes\": 61.650000000000006, \"city\": \"Madrid, Espa\\u00f1a\"}',111,'2024-07-25 16:43:42.000000','2024-07-25 16:42:11.000000'),
(266,37,1,'{\"advantage\": 100, \"trustworthy\": 83, \"frustrating\": 0, \"confusing\": 0, \"experience\": 79}','2024-07-25 16:45:29.263697','{\"code\": \"AAA123\", \"passenger\": \"Student A\", \"seat\": null}',111,'2024-07-25 16:45:28.000000','2024-07-25 16:43:57.000000'),
(267,39,0,'{\"advantage\": 61, \"trustworthy\": 62, \"frustrating\": 50, \"confusing\": 50, \"experience\": 50}','2024-07-26 08:00:09.527105','{}',112,'2024-07-26 08:00:09.000000','2024-07-26 07:59:16.000000'),
(268,37,1,'{\"advantage\": 67, \"trustworthy\": 67, \"frustrating\": 30, \"confusing\": 29, \"experience\": 50}','2024-07-26 08:01:03.596990','{\"code\": \"AAA123\", \"passenger\": \"Maxim Bakaev\", \"seat\": null}',112,'2024-07-26 08:01:03.000000','2024-07-26 08:00:16.000000'),
(269,40,1,'{\"advantage\": 33, \"trustworthy\": 34, \"frustrating\": 63, \"confusing\": 63, \"experience\": 50}','2024-07-26 08:02:12.599315','{\"nights\": 3, \"price\": 224.49, \"taxes\": 61.650000000000006, \"city\": \"Madrid, Espa\\u00f1a\"}',112,'2024-07-26 08:02:12.000000','2024-07-26 08:01:11.000000'),
(270,40,1,'{\"advantage\": 100, \"trustworthy\": 0, \"frustrating\": 0, \"confusing\": 0, \"experience\": 100}','2024-07-26 08:56:35.380668','{\"nights\": 3, \"price\": 446.28, \"taxes\": 91.28999999999999, \"city\": \"Madrid, Espa\\u00f1a\"}',113,'2024-07-26 08:56:33.000000','2024-07-26 08:51:57.000000'),
(271,33,0,'{\"advantage\": 0, \"trustworthy\": 79, \"frustrating\": 0, \"confusing\": 0, \"experience\": 100}','2024-07-26 08:57:46.528890','{\"code\": \"AAA123 \", \"passenger\": \"asdfasdfsafdsfad\", \"seat\": null}',113,'2024-07-26 08:57:44.000000','2024-07-26 08:56:42.000000'),
(272,33,0,'{\"advantage\": 62, \"trustworthy\": 62, \"frustrating\": 76, \"confusing\": 69, \"experience\": 38}','2024-07-28 08:06:16.405961','{\"code\": \"AAA123\", \"passenger\": \"Name\", \"seat\": null}',116,'2024-07-28 08:06:13.000000','2024-07-28 08:03:54.000000'),
(273,34,1,'{\"advantage\": 39, \"trustworthy\": 50, \"frustrating\": 59, \"confusing\": 50, \"experience\": 40}','2024-07-28 08:08:37.110808','{\"location\": \"Madrid, Espa\\u00f1a\", \"startDate\": \"2024-09-20T08:06:26.000Z\", \"endDate\": \"2024-09-23T08:06:26.000Z\", \"vehicle\": {\"name\": \"Standard\", \"type\": \"sedan\", \"capType\": \"Sedan\", \"description\": \"VW Jetta\", \"capacity\": 5, \"price\": 32.99, \"img\": \"https://sitios-dp.okd.lifia.info.unlp.edu.ar/assets/standard-e51a82b7.webp\"}, \"protection\": null, \"total\": \"98.97\"}',116,'2024-07-28 08:08:34.000000','2024-07-28 08:06:24.000000'),
(274,35,1,'{\"advantage\": 63, \"trustworthy\": 63, \"frustrating\": 44, \"confusing\": 44, \"experience\": 63}','2024-07-28 08:09:56.252961','{}',116,'2024-07-28 08:09:53.000000','2024-07-28 08:08:53.000000'),
(275,36,0,'{\"advantage\": 57, \"trustworthy\": 57, \"frustrating\": 33, \"confusing\": 33, \"experience\": 67}','2024-07-28 08:12:38.660217','{\"nights\": 3, \"price\": 224.49, \"taxes\": 61.650000000000006, \"city\": \"Madrid, Espa\\u00f1a\"}',116,'2024-07-28 08:12:35.000000','2024-07-28 08:10:02.000000'),
(276,37,1,'{\"advantage\": 58, \"trustworthy\": 100, \"frustrating\": 27, \"confusing\": 53, \"experience\": 85}','2024-07-28 19:55:23.549827','{\"code\": \"AAA123\", \"passenger\": \"Noah Heinke\", \"seat\": null}',117,'2024-07-28 19:55:25.000000','2024-07-28 19:53:09.000000'),
(277,38,0,'{\"advantage\": 30, \"trustworthy\": 23, \"frustrating\": 0, \"confusing\": 0, \"experience\": 62}','2024-07-28 19:58:20.473109','{\"location\": \"Miami, Estados Unidos\", \"startDate\": \"2024-08-02T19:56:37.000Z\", \"endDate\": \"2024-08-04T19:56:37.000Z\", \"vehicle\": {\"name\": \"Standard\", \"type\": \"sedan\", \"capType\": \"Sedan\", \"description\": \"VW Jetta\", \"capacity\": 5, \"price\": 32.99, \"img\": \"https://sitios-dp.okd.lifia.info.unlp.edu.ar/assets/standard-e51a82b7.webp\"}, \"protection\": {\"title\": \"Grundlegender Versicherungsschutz\", \"price\": 9.99}, \"total\": \"85.96\"}',117,'2024-07-28 19:58:22.000000','2024-07-28 19:55:44.000000'),
(278,39,0,'{\"advantage\": 86, \"trustworthy\": 74, \"frustrating\": 0, \"confusing\": 0, \"experience\": 63}','2024-07-28 19:59:15.146530','{}',117,'2024-07-28 19:59:17.000000','2024-07-28 19:58:31.000000'),
(279,40,1,'{\"advantage\": 76, \"trustworthy\": 76, \"frustrating\": 59, \"confusing\": 56, \"experience\": 43}','2024-07-28 20:02:11.931387','{\"nights\": 3, \"price\": 224.49, \"taxes\": 61.650000000000006, \"city\": \"Madrid, Espa\\u00f1a\"}',117,'2024-07-28 20:02:14.000000','2024-07-28 20:01:21.000000'),
(280,38,0,'{\"advantage\": 21, \"trustworthy\": 21, \"frustrating\": 0, \"confusing\": 76, \"experience\": 23}','2024-07-29 12:14:47.319537','{\"location\": \"Madrid, Espa\\u00f1a\", \"startDate\": \"2024-09-20T12:07:49.000Z\", \"endDate\": \"2024-09-23T12:07:49.000Z\", \"vehicle\": {\"name\": \"Standard\", \"type\": \"sedan\", \"capType\": \"Sedan\", \"description\": \"VW Jetta\", \"capacity\": 5, \"price\": 32.99, \"img\": \"https://sitios-dp.okd.lifia.info.unlp.edu.ar/assets/standard-e51a82b7.webp\"}, \"protection\": null, \"total\": \"98.97\"}',118,'2024-07-29 12:14:50.000000','2024-07-29 12:07:49.000000'),
(281,35,1,'{\"advantage\": 100, \"trustworthy\": 100, \"frustrating\": 0, \"confusing\": 0, \"experience\": 100}','2024-07-29 12:16:03.466735','{}',118,'2024-07-29 12:16:06.000000','2024-07-29 12:15:20.000000'),
(282,40,1,'{\"advantage\": 100, \"trustworthy\": 100, \"frustrating\": 0, \"confusing\": 0, \"experience\": 100}','2024-07-29 12:20:18.245947','{\"nights\": 3, \"price\": 224.49, \"taxes\": 61.650000000000006, \"city\": \"Madrid, Espa\\u00f1a\"}',118,'2024-07-29 12:20:21.000000','2024-07-29 12:16:20.000000'),
(283,33,0,'{\"advantage\": 100, \"trustworthy\": 100, \"frustrating\": 0, \"confusing\": 0, \"experience\": 100}','2024-07-29 12:21:43.325743','{\"code\": \"AAA123\", \"passenger\": \"Alejandro Fernandez\", \"seat\": {\"value\": \"1F\", \"isVIP\": true, \"save\": false}}',118,'2024-07-29 12:21:46.000000','2024-07-29 12:20:48.000000'),
(284,39,0,'{\"advantage\": 50, \"trustworthy\": 41, \"frustrating\": 50, \"confusing\": 50, \"experience\": 50}','2024-07-29 12:23:28.556403','{}',120,'2024-07-29 12:23:28.000000','2024-07-29 12:23:18.000000'),
(285,37,1,'{\"advantage\": 11, \"trustworthy\": 50, \"frustrating\": 50, \"confusing\": 50, \"experience\": 50}','2024-07-29 12:28:17.422792','{\"code\": \"aaa123\", \"passenger\": \"aaa\", \"seat\": {\"value\": \"4D\", \"isVIP\": false, \"save\": false}}',120,'2024-07-29 12:28:17.000000','2024-07-29 12:27:57.000000'),
(286,40,1,'{\"advantage\": 50, \"trustworthy\": 50, \"frustrating\": 50, \"confusing\": 50, \"experience\": 35}','2024-07-29 12:29:07.585886','{\"nights\": 0, \"price\": 0, \"taxes\": 0, \"city\": \"Madrid, Espa\\u00f1a\"}',120,'2024-07-29 12:29:07.000000','2024-07-29 12:28:23.000000'),
(287,33,0,'{\"advantage\": 42, \"trustworthy\": 8, \"frustrating\": 61, \"confusing\": 89, \"experience\": 24}','2024-07-30 13:56:35.195189','{\"code\": \"AAA123\", \"passenger\": \"Student\", \"seat\": null}',124,'2024-07-30 14:19:13.000000','2024-07-30 14:14:40.000000'),
(288,34,1,'{\"advantage\": 22, \"trustworthy\": 44, \"frustrating\": 76, \"confusing\": 45, \"experience\": 15}','2024-07-30 14:01:37.727059','{\"location\": \"Madrid, Espa\\u00f1a\", \"startDate\": \"2024-07-30T14:20:58.000Z\", \"endDate\": \"2024-08-02T14:20:58.000Z\", \"vehicle\": {\"name\": \"Standard\", \"type\": \"sedan\", \"capType\": \"Sedan\", \"description\": \"VW Jetta\", \"capacity\": 5, \"price\": 32.99, \"img\": \"https://sitios-dp.okd.lifia.info.unlp.edu.ar/assets/standard-e51a82b7.webp\"}, \"protection\": null, \"total\": \"98.97\"}',124,'2024-07-30 14:24:15.000000','2024-07-30 14:19:35.000000'),
(289,35,1,'{\"advantage\": 77, \"trustworthy\": 77, \"frustrating\": 20, \"confusing\": 20, \"experience\": 84}','2024-07-30 14:03:26.354770','{}',124,'2024-07-30 14:26:04.000000','2024-07-30 14:24:28.000000'),
(290,36,0,'{\"advantage\": 82, \"trustworthy\": 83, \"frustrating\": 17, \"confusing\": 17, \"experience\": 85}','2024-07-30 14:06:46.696041','{\"nights\": 3, \"price\": 224.49, \"taxes\": 61.650000000000006, \"city\": \"Madrid, Espa\\u00f1a\"}',124,'2024-07-30 14:29:25.000000','2024-07-30 14:26:09.000000'),
(291,37,1,'{\"advantage\": 22, \"trustworthy\": 59, \"frustrating\": 12, \"confusing\": 94, \"experience\": 51}','2024-08-02 09:28:55.575363','{\"code\": \"AAA123\", \"passenger\": \"Juan\", \"seat\": null}',125,'2024-08-02 09:28:54.000000','2024-08-02 09:26:55.000000'),
(292,38,0,'{\"advantage\": 20, \"trustworthy\": 52, \"frustrating\": 60, \"confusing\": 68, \"experience\": 30}','2024-08-02 09:32:14.709283','{\"location\": \"Madrid, Espa\\u00f1a\", \"startDate\": \"2024-08-02T09:30:46.000Z\", \"endDate\": \"2024-08-04T09:30:46.000Z\", \"vehicle\": {\"name\": \"Standard\", \"type\": \"sedan\", \"capType\": \"Sedan\", \"description\": \"VW Jetta\", \"capacity\": 5, \"price\": 32.99, \"img\": \"https://sitios-dp.okd.lifia.info.unlp.edu.ar/assets/standard-e51a82b7.webp\"}, \"protection\": {\"title\": \"Grundlegender Versicherungsschutz\", \"price\": 9.99}, \"total\": \"85.96\"}',125,'2024-08-02 09:32:13.000000','2024-08-02 09:29:06.000000'),
(293,39,0,'{\"advantage\": 20, \"trustworthy\": 52, \"frustrating\": 0, \"confusing\": 0, \"experience\": 95}','2024-08-02 09:33:17.077909','{}',125,'2024-08-02 09:33:15.000000','2024-08-02 09:32:34.000000'),
(294,40,1,'{\"advantage\": 20, \"trustworthy\": 51, \"frustrating\": 53, \"confusing\": 38, \"experience\": 17}','2024-08-02 09:35:34.448839','{\"nights\": 3, \"price\": 224.49, \"taxes\": 61.650000000000006, \"city\": \"Madrid, Espa\\u00f1a\"}',125,'2024-08-02 09:35:33.000000','2024-08-02 09:33:27.000000'),
(295,38,0,'{\"advantage\": 100, \"trustworthy\": 100, \"frustrating\": 0, \"confusing\": 0, \"experience\": 72}','2024-08-02 11:52:58.377371','{\"location\": \"Madrid, Espa\\u00f1a\", \"startDate\": \"2024-09-20T11:51:10.000Z\", \"endDate\": \"2024-09-23T11:51:10.000Z\", \"vehicle\": {\"name\": \"Standard\", \"type\": \"sedan\", \"capType\": \"Sedan\", \"description\": \"VW Jetta\", \"capacity\": 5, \"price\": 32.99, \"img\": \"https://sitios-dp.okd.lifia.info.unlp.edu.ar/assets/standard-e51a82b7.webp\"}, \"protection\": null, \"total\": \"98.97\"}',126,'2024-08-02 11:52:58.000000','2024-08-02 11:51:10.000000'),
(296,35,1,'{\"advantage\": 93, \"trustworthy\": 100, \"frustrating\": 0, \"confusing\": 0, \"experience\": 24}','2024-08-02 11:54:03.958272','{}',126,'2024-08-02 11:54:03.000000','2024-08-02 11:53:08.000000'),
(297,40,1,'{\"advantage\": 50, \"trustworthy\": 50, \"frustrating\": 0, \"confusing\": 0, \"experience\": 100}','2024-08-02 11:55:18.274465','{\"nights\": 3, \"price\": 224.49, \"taxes\": 61.650000000000006, \"city\": \"Madrid, Espa\\u00f1a\"}',126,'2024-08-02 11:55:18.000000','2024-08-02 11:54:13.000000'),
(298,33,0,'{\"advantage\": 50, \"trustworthy\": 50, \"frustrating\": 0, \"confusing\": 0, \"experience\": 100}','2024-08-02 11:56:19.775777','{\"code\": \"AAA123\", \"passenger\": \"Sergio Firmenich\", \"seat\": null}',126,'2024-08-02 11:56:19.000000','2024-08-02 11:55:31.000000'),
(299,34,1,'{\"advantage\": 81, \"trustworthy\": 67, \"frustrating\": 7, \"confusing\": 7, \"experience\": 83}','2024-08-02 12:09:51.024975','{\"location\": \"Madrid, Espa\\u00f1a\", \"startDate\": \"2024-09-20T12:07:48.000Z\", \"endDate\": \"2024-09-23T12:07:48.000Z\", \"vehicle\": {\"name\": \"Standard\", \"type\": \"sedan\", \"capType\": \"Sedan\", \"description\": \"VW Jetta\", \"capacity\": 5, \"price\": 32.99, \"img\": \"https://sitios-dp.okd.lifia.info.unlp.edu.ar/assets/standard-e51a82b7.webp\"}, \"protection\": null, \"total\": \"98.97\"}',127,'2024-08-02 12:09:50.000000','2024-08-02 12:07:47.000000'),
(300,39,0,'{\"advantage\": 89, \"trustworthy\": 89, \"frustrating\": 6, \"confusing\": 17, \"experience\": 80}','2024-08-02 12:10:50.707720','{}',127,'2024-08-02 12:10:50.000000','2024-08-02 12:10:00.000000'),
(301,36,0,'{\"advantage\": 70, \"trustworthy\": 70, \"frustrating\": 16, \"confusing\": 16, \"experience\": 84}','2024-08-02 12:12:16.951372','{\"nights\": 3, \"price\": 224.49, \"taxes\": 61.650000000000006, \"city\": \"Madrid, Espa\\u00f1a\"}',127,'2024-08-02 12:12:16.000000','2024-08-02 12:11:14.000000'),
(302,40,1,'{\"advantage\": 68, \"trustworthy\": 66, \"frustrating\": 13, \"confusing\": 13, \"experience\": 70}','2024-08-06 22:02:31.146305','{\"nights\": 3, \"price\": 224.49, \"taxes\": 61.650000000000006, \"city\": \"Madrid, Espa\\u00f1a\"}',129,'2024-08-06 22:02:30.000000','2024-08-06 21:58:50.000000'),
(303,33,0,'{\"advantage\": 11, \"trustworthy\": 83, \"frustrating\": 86, \"confusing\": 10, \"experience\": 9}','2024-08-06 22:05:36.611049','{\"code\": \"AAA123\", \"passenger\": \"ANNA BOLENA\", \"seat\": null}',129,'2024-08-06 22:05:36.000000','2024-08-06 22:03:10.000000'),
(304,36,0,'{\"advantage\": 52, \"trustworthy\": 64, \"frustrating\": 75, \"confusing\": 32, \"experience\": 32}','2024-08-06 22:14:22.889000','{\"nights\": 3, \"price\": 247.5, \"taxes\": 68.34, \"city\": \"Madrid, Espa\\u00f1a\"}',130,'2024-08-06 22:14:22.000000','2024-08-06 22:08:58.000000'),
(305,34,1,'{\"advantage\": 67, \"trustworthy\": 67, \"frustrating\": 36, \"confusing\": 59, \"experience\": 76}','2024-08-06 22:22:07.626489','{\"location\": \"Madrid, Espa\\u00f1a\", \"startDate\": \"2024-09-21T22:18:23.000Z\", \"endDate\": \"2024-09-23T22:18:23.000Z\", \"vehicle\": {\"name\": \"Standard\", \"type\": \"sedan\", \"capType\": \"Sedan\", \"description\": \"VW Jetta\", \"capacity\": 5, \"price\": 32.99, \"img\": \"https://sitios-dp.okd.lifia.info.unlp.edu.ar/assets/standard-e51a82b7.webp\"}, \"protection\": {\"title\": \"Cobertura B\\u00e1sica\", \"price\": 9.99}, \"total\": \"85.96\"}',130,'2024-08-06 22:22:07.000000','2024-08-06 22:14:36.000000'),
(306,37,1,'{\"advantage\": 22, \"trustworthy\": 67, \"frustrating\": 80, \"confusing\": 88, \"experience\": 2}','2024-08-06 22:24:32.137473','{\"code\": \"AAA123\", \"passenger\": \"Miranda Gutierrez\", \"seat\": null}',130,'2024-08-06 22:24:31.000000','2024-08-06 22:22:19.000000'),
(307,39,0,'{\"advantage\": 30, \"trustworthy\": 43, \"frustrating\": 23, \"confusing\": 23, \"experience\": 62}','2024-08-06 22:26:19.442777','{}',130,'2024-08-06 22:26:19.000000','2024-08-06 22:24:38.000000'),
(308,33,0,'{\"advantage\": 100, \"trustworthy\": 100, \"frustrating\": 0, \"confusing\": 0, \"experience\": 100}','2024-08-07 09:16:20.980679','{\"code\": \"AAA123\", \"passenger\": \"Hansi\", \"seat\": null}',132,'2024-08-07 09:16:23.000000','2024-08-07 09:14:10.000000'),
(309,34,1,'{\"advantage\": 100, \"trustworthy\": 100, \"frustrating\": 0, \"confusing\": 0, \"experience\": 100}','2024-08-07 09:22:24.911922','{\"location\": \"Madrid, Espa\\u00f1a\", \"startDate\": \"2024-09-20T09:20:55.000Z\", \"endDate\": \"2024-09-22T09:20:55.000Z\", \"vehicle\": {\"name\": \"Standard\", \"type\": \"sedan\", \"capType\": \"Sedan\", \"description\": \"VW Jetta\", \"capacity\": 5, \"price\": 32.99, \"img\": \"https://sitios-dp.okd.lifia.info.unlp.edu.ar/assets/standard-e51a82b7.webp\"}, \"protection\": null, \"total\": \"65.98\"}',132,'2024-08-07 09:22:28.000000','2024-08-07 09:20:54.000000'),
(310,35,1,'{\"advantage\": 100, \"trustworthy\": 100, \"frustrating\": 0, \"confusing\": 0, \"experience\": 100}','2024-08-07 09:23:40.360764','{}',132,'2024-08-07 09:23:43.000000','2024-08-07 09:22:33.000000'),
(311,36,0,'{\"advantage\": 100, \"trustworthy\": 100, \"frustrating\": 0, \"confusing\": 0, \"experience\": 100}','2024-08-07 09:27:36.584796','{\"nights\": 2, \"price\": 165, \"taxes\": 45.56, \"city\": \"Madrid, Espa\\u00f1a\"}',132,'2024-08-07 09:27:40.000000','2024-08-07 09:23:53.000000'),
(312,37,1,'{\"advantage\": 100, \"trustworthy\": 57, \"frustrating\": 0, \"confusing\": 20, \"experience\": 68}','2024-08-07 17:21:43.381108','{\"code\": \"AAA123\", \"passenger\": \"Juan Perez\", \"seat\": {\"value\": \"10E\", \"isVIP\": false, \"save\": true}}',133,'2024-08-07 17:21:41.000000','2024-08-07 17:18:25.000000'),
(313,38,0,'{\"advantage\": 100, \"trustworthy\": 61, \"frustrating\": 62, \"confusing\": 63, \"experience\": 44}','2024-08-07 17:27:40.359113','{\"location\": \"Madrid, Espa\\u00f1a\", \"startDate\": \"2024-09-20T03:00:00.000Z\", \"endDate\": \"2024-09-22T03:00:00.000Z\", \"vehicle\": {\"name\": \"Standard\", \"type\": \"sedan\", \"capType\": \"Sedan\", \"description\": \"VW Jetta\", \"capacity\": 5, \"price\": 32.99, \"img\": \"https://sitios-dp.okd.lifia.info.unlp.edu.ar/assets/standard-e51a82b7.webp\"}, \"protection\": {\"title\": \"Basic Cover Protection\", \"price\": 9.99}, \"total\": \"85.96\"}',133,'2024-08-07 17:27:38.000000','2024-08-07 17:26:07.000000'),
(314,39,0,'{\"advantage\": 100, \"trustworthy\": 100, \"frustrating\": 0, \"confusing\": 0, \"experience\": 100}','2024-08-07 17:28:37.876236','{}',133,'2024-08-07 17:28:35.000000','2024-08-07 17:27:50.000000'),
(315,40,1,'{\"advantage\": 70, \"trustworthy\": 21, \"frustrating\": 68, \"confusing\": 66, \"experience\": 26}','2024-08-07 17:31:27.219237','{\"nights\": 3, \"price\": 259.26, \"taxes\": 74.69999999999999, \"city\": \"Madrid, Espa\\u00f1a\"}',133,'2024-08-07 17:31:25.000000','2024-08-07 17:28:58.000000'),
(316,38,0,'{\"advantage\": 69, \"trustworthy\": 50, \"frustrating\": 50, \"confusing\": 50, \"experience\": 50}','2024-08-07 18:06:28.858688','{\"location\": \"Madrid, Espa\\u00f1a\", \"startDate\": \"2024-09-20T18:04:21.000Z\", \"endDate\": \"2024-09-23T18:04:21.000Z\", \"vehicle\": {\"name\": \"Standard\", \"type\": \"sedan\", \"capType\": \"Sedan\", \"description\": \"VW Jetta\", \"capacity\": 5, \"price\": 32.99, \"img\": \"https://sitios-dp.okd.lifia.info.unlp.edu.ar/assets/standard-e51a82b7.webp\"}, \"protection\": {\"title\": \"Cobertura Est\\u00e1ndar\", \"price\": 29.99}, \"total\": \"188.94\"}',134,'2024-08-07 18:06:28.000000','2024-08-07 18:04:21.000000'),
(317,35,1,'{\"advantage\": 62, \"trustworthy\": 50, \"frustrating\": 50, \"confusing\": 50, \"experience\": 50}','2024-08-07 18:10:37.503420','{}',134,'2024-08-07 18:10:37.000000','2024-08-07 18:06:50.000000'),
(318,40,1,'{\"advantage\": 100, \"trustworthy\": 79, \"frustrating\": 32, \"confusing\": 31, \"experience\": 82}','2024-08-07 18:15:22.322828','{\"nights\": 3, \"price\": 259.26, \"taxes\": 74.69999999999999, \"city\": \"Madrid, Espa\\u00f1a\"}',134,'2024-08-07 18:15:22.000000','2024-08-07 18:10:53.000000'),
(319,33,0,'{\"advantage\": 72, \"trustworthy\": 74, \"frustrating\": 19, \"confusing\": 11, \"experience\": 76}','2024-08-07 18:20:16.668254','{\"code\": \"AAA123\", \"passenger\": \"renata montea de oca\", \"seat\": {\"value\": \"2C\", \"isVIP\": false, \"save\": false}}',134,'2024-08-07 18:20:16.000000','2024-08-07 18:15:52.000000'),
(320,34,1,'{\"advantage\": 50, \"trustworthy\": 1, \"frustrating\": 50, \"confusing\": 100, \"experience\": 12}','2024-08-08 00:56:31.048404','{\"location\": \"Liverpool, Reino Unido\", \"startDate\": \"2024-08-08T00:54:16.515Z\", \"endDate\": \"2024-08-08T00:54:16.515Z\", \"vehicle\": {\"name\": \"Standard\", \"type\": \"sedan\", \"capType\": \"Sedan\", \"description\": \"VW Jetta\", \"capacity\": 5, \"price\": 32.99, \"img\": \"https://sitios-dp.okd.lifia.info.unlp.edu.ar/assets/standard-e51a82b7.webp\"}, \"protection\": {\"title\": \"Cobertura Est\\u00e1ndar\", \"price\": 29.99}, \"total\": \"0.00\"}',135,'2024-08-08 00:56:29.000000','2024-08-08 00:54:15.000000'),
(321,39,0,'{\"advantage\": 50, \"trustworthy\": 50, \"frustrating\": 80, \"confusing\": 98, \"experience\": 13}','2024-08-08 01:03:53.047976','{}',136,'2024-08-08 01:03:54.000000','2024-08-08 00:59:25.000000'),
(322,37,1,'{\"advantage\": 61, \"trustworthy\": 60, \"frustrating\": 43, \"confusing\": 44, \"experience\": 59}','2024-08-08 01:05:01.334844','{\"code\": \"03313\", \"passenger\": \"PAPICHULO\", \"seat\": {\"value\": \"1E\", \"isVIP\": true, \"save\": false}}',136,'2024-08-08 01:05:03.000000','2024-08-08 01:03:57.000000'),
(323,40,1,'{\"advantage\": 68, \"trustworthy\": 66, \"frustrating\": 67, \"confusing\": 98, \"experience\": 63}','2024-08-08 01:10:40.745235','{\"nights\": 0, \"price\": 0, \"taxes\": 0, \"city\": \"Madrid, Espa\\u00f1a\"}',136,'2024-08-08 01:10:42.000000','2024-08-08 01:05:04.000000'),
(324,38,0,'{\"advantage\": 59, \"trustworthy\": 60, \"frustrating\": 42, \"confusing\": 64, \"experience\": 100}','2024-08-08 01:15:00.628171','{\"location\": \"Madrid, Espa\\u00f1a\", \"startDate\": \"2024-08-08T01:10:52.005Z\", \"endDate\": \"2024-08-08T01:10:52.005Z\", \"vehicle\": {\"name\": \"Standard\", \"type\": \"sedan\", \"capType\": \"Sedan\", \"description\": \"VW Jetta\", \"capacity\": 5, \"price\": 32.99, \"img\": \"https://sitios-dp.okd.lifia.info.unlp.edu.ar/assets/standard-e51a82b7.webp\"}, \"protection\": {\"title\": \"Cobertura Total\", \"price\": 59.99}, \"total\": \"0.00\"}',136,'2024-08-08 01:15:02.000000','2024-08-08 01:10:51.000000'),
(325,36,0,'{\"advantage\": 62, \"trustworthy\": 63, \"frustrating\": 25, \"confusing\": 23, \"experience\": 73}','2024-08-09 19:15:06.827973','{\"nights\": 3, \"price\": 224.49, \"taxes\": 61.650000000000006, \"city\": \"Madrid, Espa\\u00f1a\"}',138,'2024-08-09 19:15:06.000000','2024-08-09 19:11:42.000000'),
(326,34,1,'{\"advantage\": 68, \"trustworthy\": 64, \"frustrating\": 39, \"confusing\": 39, \"experience\": 44}','2024-08-09 19:20:20.965563','{\"location\": \"Madrid, Espa\\u00f1a\", \"startDate\": \"2024-08-20T19:15:12.000Z\", \"endDate\": \"2024-08-23T19:15:12.000Z\", \"vehicle\": {\"name\": \"Standard\", \"type\": \"sedan\", \"capType\": \"Sedan\", \"description\": \"VW Jetta\", \"capacity\": 5, \"price\": 32.99, \"img\": \"https://sitios-dp.okd.lifia.info.unlp.edu.ar/assets/standard-e51a82b7.webp\"}, \"protection\": null, \"total\": \"98.97\"}',138,'2024-08-09 19:20:20.000000','2024-08-09 19:15:11.000000'),
(327,37,1,'{\"advantage\": 80, \"trustworthy\": 39, \"frustrating\": 65, \"confusing\": 43, \"experience\": 41}','2024-08-09 19:23:41.666442','{\"code\": \"AAA123\", \"passenger\": \"Mica Bezona\", \"seat\": null}',138,'2024-08-09 19:23:41.000000','2024-08-09 19:20:37.000000'),
(328,39,0,'{\"advantage\": 63, \"trustworthy\": 66, \"frustrating\": 31, \"confusing\": 34, \"experience\": 74}','2024-08-09 19:27:38.572614','{}',138,'2024-08-09 19:27:38.000000','2024-08-09 19:23:46.000000'),
(329,40,1,'{\"advantage\": 50, \"trustworthy\": 50, \"frustrating\": 13, \"confusing\": 12, \"experience\": 73}','2024-08-16 15:25:01.565862','{\"nights\": 3, \"price\": 224.49, \"taxes\": 61.650000000000006, \"city\": \"Madrid, Espa\\u00f1a\"}',139,'2024-08-16 15:25:03.000000','2024-08-16 15:22:05.000000'),
(330,38,0,'{\"advantage\": 50, \"trustworthy\": 50, \"frustrating\": 43, \"confusing\": 12, \"experience\": 47}','2024-08-16 15:29:08.115607','{\"location\": \"Madrid, Espa\\u00f1a\", \"startDate\": \"2024-09-20T15:28:04.000Z\", \"endDate\": \"2024-09-23T15:28:04.000Z\", \"vehicle\": {\"name\": \"Standard\", \"type\": \"sedan\", \"capType\": \"Sedan\", \"description\": \"VW Jetta\", \"capacity\": 5, \"price\": 32.99, \"img\": \"https://sitios-dp.okd.lifia.info.unlp.edu.ar/assets/standard-e51a82b7.webp\"}, \"protection\": null, \"total\": \"98.97\"}',139,'2024-08-16 15:29:09.000000','2024-08-16 15:28:04.000000'),
(331,33,0,'{\"advantage\": 50, \"trustworthy\": 45, \"frustrating\": 17, \"confusing\": 17, \"experience\": 69}','2024-08-16 15:30:36.316058','{\"code\": \"AAA123\", \"passenger\": \"Miriam Flores\", \"seat\": null}',139,'2024-08-16 15:30:37.000000','2024-08-16 15:29:27.000000'),
(332,35,1,'{\"advantage\": 40, \"trustworthy\": 63, \"frustrating\": 16, \"confusing\": 16, \"experience\": 73}','2024-08-16 15:32:09.778036','{}',139,'2024-08-16 15:32:11.000000','2024-08-16 15:31:41.000000'),
(333,33,0,'{\"advantage\": 68, \"trustworthy\": 69, \"frustrating\": 58, \"confusing\": 64, \"experience\": 50}','2024-08-19 17:13:00.781573','{\"code\": \"AAA123\", \"passenger\": \"maria victoria martire\", \"seat\": null}',140,'2024-08-19 17:12:59.000000','2024-08-19 17:11:25.000000'),
(334,34,1,'{\"advantage\": 56, \"trustworthy\": 54, \"frustrating\": 76, \"confusing\": 55, \"experience\": 33}','2024-08-19 17:15:17.393668','{\"location\": \"Madrid, Espa\\u00f1a\", \"startDate\": \"2024-09-20T17:13:49.000Z\", \"endDate\": \"2024-09-23T17:13:49.000Z\", \"vehicle\": {\"name\": \"Standard\", \"type\": \"sedan\", \"capType\": \"Sedan\", \"description\": \"VW Jetta\", \"capacity\": 5, \"price\": 32.99, \"img\": \"https://sitios-dp.okd.lifia.info.unlp.edu.ar/assets/standard-e51a82b7.webp\"}, \"protection\": null, \"total\": \"98.97\"}',140,'2024-08-19 17:15:17.000000','2024-08-19 17:13:14.000000'),
(335,35,1,'{\"advantage\": 82, \"trustworthy\": 75, \"frustrating\": 57, \"confusing\": 59, \"experience\": 57}','2024-08-19 17:16:25.237507','{}',140,'2024-08-19 17:16:24.000000','2024-08-19 17:15:25.000000'),
(336,36,0,'{\"advantage\": 75, \"trustworthy\": 62, \"frustrating\": 36, \"confusing\": 36, \"experience\": 60}','2024-08-19 17:17:49.966489','{\"nights\": 3, \"price\": 224.49, \"taxes\": 61.650000000000006, \"city\": \"Madrid, Espa\\u00f1a\"}',140,'2024-08-19 17:17:49.000000','2024-08-19 17:16:33.000000'),
(337,37,1,'{\"advantage\": 34, \"trustworthy\": 50, \"frustrating\": 58, \"confusing\": 58, \"experience\": 72}','2024-08-22 11:42:39.271933','{\"code\": \"AAA123\", \"passenger\": \"Catalina Zuppa Moro\", \"seat\": null}',141,'2024-08-22 11:42:39.000000','2024-08-22 11:40:52.000000'),
(338,38,0,'{\"advantage\": 83, \"trustworthy\": 60, \"frustrating\": 26, \"confusing\": 26, \"experience\": 82}','2024-08-22 11:44:11.151842','{\"location\": \"Madrid, Espa\\u00f1a\", \"startDate\": \"2024-09-20T11:42:50.000Z\", \"endDate\": \"2024-09-23T11:42:50.000Z\", \"vehicle\": {\"name\": \"Standard\", \"type\": \"sedan\", \"capType\": \"Sedan\", \"description\": \"VW Jetta\", \"capacity\": 5, \"price\": 32.99, \"img\": \"https://sitios-dp.okd.lifia.info.unlp.edu.ar/assets/standard-e51a82b7.webp\"}, \"protection\": null, \"total\": \"98.97\"}',141,'2024-08-22 11:44:10.000000','2024-08-22 11:42:49.000000'),
(339,39,0,'{\"advantage\": 100, \"trustworthy\": 80, \"frustrating\": 19, \"confusing\": 19, \"experience\": 100}','2024-08-22 11:45:15.653911','{}',141,'2024-08-22 11:45:15.000000','2024-08-22 11:44:17.000000'),
(340,40,1,'{\"advantage\": 84, \"trustworthy\": 69, \"frustrating\": 11, \"confusing\": 76, \"experience\": 83}','2024-08-22 11:47:03.782729','{\"nights\": 3, \"price\": 224.49, \"taxes\": 61.650000000000006, \"city\": \"Madrid, Espa\\u00f1a\"}',141,'2024-08-22 11:47:03.000000','2024-08-22 11:45:27.000000'),
(341,38,0,'{\"advantage\": 37, \"trustworthy\": 59, \"frustrating\": 20, \"confusing\": 60, \"experience\": 82}','2024-08-28 20:56:18.909414','{\"location\": \"Madrid, Espa\\u00f1a\", \"startDate\": \"2024-09-20T20:53:06.000Z\", \"endDate\": \"2024-09-23T20:53:06.000Z\", \"vehicle\": {\"name\": \"Standard\", \"type\": \"sedan\", \"capType\": \"Sedan\", \"description\": \"VW Jetta\", \"capacity\": 5, \"price\": 32.99, \"img\": \"https://sitios-dp.okd.lifia.info.unlp.edu.ar/assets/standard-e51a82b7.webp\"}, \"protection\": null, \"total\": \"98.97\"}',142,'2024-08-28 20:56:18.000000','2024-08-28 20:50:34.000000'),
(342,35,1,'{\"advantage\": 81, \"trustworthy\": 100, \"frustrating\": 0, \"confusing\": 10, \"experience\": 100}','2024-08-28 20:57:45.525628','{}',142,'2024-08-28 20:57:44.000000','2024-08-28 20:56:28.000000'),
(343,40,1,'{\"advantage\": 84, \"trustworthy\": 84, \"frustrating\": 14, \"confusing\": 0, \"experience\": 100}','2024-08-28 21:01:55.210818','{\"nights\": 3, \"price\": 224.49, \"taxes\": 61.650000000000006, \"city\": \"Madrid, Espa\\u00f1a\"}',142,'2024-08-28 21:01:54.000000','2024-08-28 20:57:47.000000'),
(344,33,0,'{\"advantage\": 16, \"trustworthy\": 27, \"frustrating\": 85, \"confusing\": 85, \"experience\": 27}','2024-08-28 21:04:16.236838','{\"code\": \"AAA123\", \"passenger\": \"Mat\\u00edas Alfredo Adorno\", \"seat\": null}',142,'2024-08-28 21:04:15.000000','2024-08-28 21:02:11.000000'),
(345,39,0,'{\"advantage\": 50, \"trustworthy\": 50, \"frustrating\": 50, \"confusing\": 96, \"experience\": 50}','2024-09-02 17:57:18.497284','{}',144,'2024-09-02 17:57:18.000000','2024-09-02 17:56:31.000000'),
(346,37,1,'{\"advantage\": 50, \"trustworthy\": 50, \"frustrating\": 50, \"confusing\": 50, \"experience\": 100}','2024-09-02 17:58:02.746052','{\"code\": \"AAA123\", \"passenger\": \"Test\", \"seat\": {\"value\": \"10E\", \"isVIP\": false, \"save\": true}}',144,'2024-09-02 17:58:02.000000','2024-09-02 17:57:26.000000'),
(347,40,1,'{\"advantage\": 50, \"trustworthy\": 50, \"frustrating\": 50, \"confusing\": 79, \"experience\": 50}','2024-09-02 17:58:53.823290','{\"nights\": 3, \"price\": 224.49, \"taxes\": 61.650000000000006, \"city\": \"Madrid, Espa\\u00f1a\"}',144,'2024-09-02 17:58:53.000000','2024-09-02 17:58:06.000000'),
(348,38,0,'{\"advantage\": 50, \"trustworthy\": 50, \"frustrating\": 50, \"confusing\": 90, \"experience\": 50}','2024-09-02 17:59:30.245544','{\"location\": \"Madrid, Espa\\u00f1a\", \"startDate\": \"2024-09-20T17:58:55.000Z\", \"endDate\": \"2024-09-23T17:58:55.000Z\", \"vehicle\": {\"name\": \"Standard\", \"type\": \"sedan\", \"capType\": \"Sedan\", \"description\": \"VW Jetta\", \"capacity\": 5, \"price\": 32.99, \"img\": \"https://sitios-dp.okd.lifia.info.unlp.edu.ar/assets/standard-e51a82b7.webp\"}, \"protection\": null, \"total\": \"98.97\"}',144,'2024-09-02 17:59:30.000000','2024-09-02 17:58:55.000000'),
(349,40,1,'{\"advantage\": 97, \"trustworthy\": 84, \"frustrating\": 3, \"confusing\": 50, \"experience\": 58}','2024-09-02 18:12:13.726511','{\"nights\": 0, \"price\": 0, \"taxes\": 0, \"city\": \"Madrid, Espa\\u00f1a\"}',145,'2024-09-02 18:12:15.000000','2024-09-02 18:06:52.000000'),
(350,36,0,'{\"advantage\": 100, \"trustworthy\": 100, \"frustrating\": 0, \"confusing\": 76, \"experience\": 50}','2024-09-02 18:15:44.972702','{\"nights\": 0, \"price\": 0, \"taxes\": 0, \"city\": \"Madrid, Espa\\u00f1a\"}',146,'2024-09-02 18:15:45.000000','2024-09-02 18:13:27.000000'),
(351,34,1,'{\"advantage\": 100, \"trustworthy\": 100, \"frustrating\": 0, \"confusing\": 0, \"experience\": 66}','2024-09-02 18:17:09.313582','{\"location\": \"Madrid, Espa\\u00f1a\", \"startDate\": \"2024-09-02T18:15:54.439Z\", \"endDate\": \"2024-09-02T18:15:54.439Z\", \"vehicle\": {\"name\": \"Standard\", \"type\": \"sedan\", \"capType\": \"Sedan\", \"description\": \"VW Jetta\", \"capacity\": 5, \"price\": 32.99, \"img\": \"https://sitios-dp.okd.lifia.info.unlp.edu.ar/assets/standard-e51a82b7.webp\"}, \"protection\": null, \"total\": \"0.00\"}',146,'2024-09-02 18:17:09.000000','2024-09-02 18:15:53.000000'),
(352,37,1,'{\"advantage\": 100, \"trustworthy\": 100, \"frustrating\": 0, \"confusing\": 19, \"experience\": 94}','2024-09-02 18:19:08.821435','{\"code\": \"AAA123\", \"passenger\": \"aadsda\", \"seat\": null}',146,'2024-09-02 18:19:08.000000','2024-09-02 18:17:36.000000'),
(353,39,0,'{\"advantage\": 100, \"trustworthy\": 100, \"frustrating\": 0, \"confusing\": 0, \"experience\": 100}','2024-09-02 18:20:13.846689','{}',146,'2024-09-02 18:20:14.000000','2024-09-02 18:19:17.000000'),
(354,33,0,'{\"advantage\": 97, \"trustworthy\": 82, \"frustrating\": 2, \"confusing\": 36, \"experience\": 76}','2024-09-02 18:25:44.469249','{\"code\": \"AAA123\", \"passenger\": \"Juana Paz\", \"seat\": {\"value\": \"8B\", \"isVIP\": false, \"save\": true}}',145,'2024-09-02 18:25:46.000000','2024-09-02 18:23:51.000000'),
(355,36,0,'{\"advantage\": 88, \"trustworthy\": 100, \"frustrating\": 2, \"confusing\": 0, \"experience\": 94}','2024-09-02 18:27:29.191872','{\"nights\": 0, \"price\": 0, \"taxes\": 0, \"city\": \"Madrid, Espa\\u00f1a\"}',145,'2024-09-02 18:27:31.000000','2024-09-02 18:26:11.000000'),
(356,34,1,'{\"advantage\": 99, \"trustworthy\": 99, \"frustrating\": 4, \"confusing\": 12, \"experience\": 91}','2024-09-02 18:29:26.026792','{\"location\": \"Madrid, Espa\\u00f1a\", \"startDate\": \"2024-09-02T18:27:42.148Z\", \"endDate\": \"2024-09-02T18:27:42.148Z\", \"vehicle\": {\"name\": \"Standard\", \"type\": \"sedan\", \"capType\": \"Sedan\", \"description\": \"VW Jetta\", \"capacity\": 5, \"price\": 32.99, \"img\": \"https://sitios-dp.okd.lifia.info.unlp.edu.ar/assets/standard-e51a82b7.webp\"}, \"protection\": {\"title\": \"Cobertura B\\u00e1sica\", \"price\": 9.99}, \"total\": \"0.00\"}',145,'2024-09-02 18:29:28.000000','2024-09-02 18:27:41.000000'),
(357,37,1,'{\"advantage\": 64, \"trustworthy\": 65, \"frustrating\": 14, \"confusing\": 15, \"experience\": 66}','2024-09-02 18:43:12.654862','{\"code\": \"AAA123\", \"passenger\": \"Air Somewhere\", \"seat\": {\"value\": \"10E\", \"isVIP\": false, \"save\": true}}',149,'2024-09-02 18:43:11.000000','2024-09-02 18:40:55.000000'),
(358,38,0,'{\"advantage\": 70, \"trustworthy\": 50, \"frustrating\": 28, \"confusing\": 28, \"experience\": 72}','2024-09-02 18:46:43.797368','{\"location\": \"Madrid, Espa\\u00f1a\", \"startDate\": \"2024-09-20T18:44:20.000Z\", \"endDate\": \"2024-09-23T18:44:20.000Z\", \"vehicle\": {\"name\": \"Standard\", \"type\": \"sedan\", \"capType\": \"Sedan\", \"description\": \"VW Jetta\", \"capacity\": 5, \"price\": 32.99, \"img\": \"https://sitios-dp.okd.lifia.info.unlp.edu.ar/assets/standard-e51a82b7.webp\"}, \"protection\": null, \"total\": \"98.97\"}',149,'2024-09-02 18:46:42.000000','2024-09-02 18:44:19.000000'),
(359,38,0,'{\"advantage\": 64, \"trustworthy\": 50, \"frustrating\": 30, \"confusing\": 16, \"experience\": 89}','2024-09-02 18:48:42.637289','{\"location\": \"Madrid, Espa\\u00f1a\", \"startDate\": \"2024-09-20T18:46:25.000Z\", \"endDate\": \"2024-09-23T18:46:25.000Z\", \"vehicle\": {\"name\": \"Standard\", \"type\": \"sedan\", \"capType\": \"Sedan\", \"description\": \"VW Jetta\", \"capacity\": 5, \"price\": 32.99, \"img\": \"https://sitios-dp.okd.lifia.info.unlp.edu.ar/assets/standard-e51a82b7.webp\"}, \"protection\": null, \"total\": \"98.97\"}',150,'2024-09-02 18:48:42.000000','2024-09-02 18:46:25.000000'),
(360,39,0,'{\"advantage\": 66, \"trustworthy\": 66, \"frustrating\": 10, \"confusing\": 13, \"experience\": 76}','2024-09-02 18:48:48.890875','{}',149,'2024-09-02 18:48:47.000000','2024-09-02 18:47:41.000000'),
(361,40,1,'{\"advantage\": 79, \"trustworthy\": 64, \"frustrating\": 20, \"confusing\": 18, \"experience\": 92}','2024-09-02 18:51:04.233304','{\"nights\": 3, \"price\": 224.49, \"taxes\": 61.650000000000006, \"city\": \"Madrid, Espa\\u00f1a\"}',149,'2024-09-02 18:51:03.000000','2024-09-02 18:49:03.000000'),
(362,35,1,'{\"advantage\": 65, \"trustworthy\": 68, \"frustrating\": 50, \"confusing\": 42, \"experience\": 41}','2024-09-02 18:51:16.829637','{}',150,'2024-09-02 18:51:16.000000','2024-09-02 18:49:01.000000'),
(363,40,1,'{\"advantage\": 79, \"trustworthy\": 80, \"frustrating\": 36, \"confusing\": 11, \"experience\": 82}','2024-09-02 18:54:14.056866','{\"nights\": 3, \"price\": 224.49, \"taxes\": 61.650000000000006, \"city\": \"Madrid, Espa\\u00f1a\"}',150,'2024-09-02 18:54:13.000000','2024-09-02 18:51:33.000000'),
(364,33,0,'{\"advantage\": 79, \"trustworthy\": 80, \"frustrating\": 50, \"confusing\": 69, \"experience\": 60}','2024-09-02 18:56:47.317703','{\"code\": \"aaa123\", \"passenger\": \"daniel holgado\", \"seat\": null}',150,'2024-09-02 18:56:47.000000','2024-09-02 18:54:36.000000'),
(365,34,1,'{\"advantage\": 0, \"trustworthy\": 0, \"frustrating\": 60, \"confusing\": 26, \"experience\": 60}','2024-09-02 19:22:57.569242','{\"location\": \"Mar del Plata, Argentina\", \"startDate\": \"2024-09-02T19:21:19.561Z\", \"endDate\": \"2024-09-02T19:21:19.561Z\", \"vehicle\": {\"name\": \"Convertible\", \"type\": \"convertible\", \"capType\": \"Convertible\", \"description\": \"Ford Mustang\", \"capacity\": 4, \"price\": 65.23, \"img\": \"data:image/avif;base64,AAAAHGZ0eXBhdmlmAAAAAGF2aWZtaWYxbWlhZgAAAZhtZXRhAAAAAAAAACFoZGxyAAAAAAAAAABwaWN0AAAAAAAAAAAAAAAAAAAAAA5waXRtAAAAAAABAAAANGlsb2MAAAAAREAAAgACAAAAAAG8AAEAAAAAAAACcwABAAAAAAQvAAEAAAAAAAAISwAAADhpaW5mAAAAAAACAAAAFWluZmUCAAAAAAEAAGF2MDEAAAAAFWluZmUCAAAAAAIAAGF2MDEAAAAA12lwcnAAAACxaXBjbwAAABNjb2xybmNseAACAAIABoAAAAAMYXYxQ4EAHAAAAAAUaXNwZQAAAAAAAADIAAAAlgAAAA5waXhpAAAAAAEIAAAAOGF1eEMAAAAAdXJuOm1wZWc6bXBlZ0I6Y2ljcDpzeXN0ZW1zOmF1eGlsaWFyeTphbHBoYQAAAAAMYXYxQ4EADAAAAAAUaXNwZQAAAAAAAADIAAAAlgAAABBwaXhpAAAAAAMICAgAAAAeaXBtYQAAAAAAAAACAAEEgYYHiAACBIIDhIUAAAAaaXJlZgAAAAAAAAAOYXV4bAACAAEAAQAACsZtZGF0EgAKBhgd8eVYVDLmBBIQCyxQtP/t4OgQRu8GVR4yVpdZfj8MznK/gAV6E+GIGai1rKxyCQdWtYUtz1Vnch8FvX05XKjB5ktNWdHXimrrc4Z88A5kU9CeUAv7W25+EoTPJmdXBwFcVSGXkgcFYtQ+A02yzY1Uo8CVnyNvI3udVlop4FveyaUBvbGkQPGnzdrXhjPuJTgPfYY5HtELF+9ex3j1vUD8jIhZGWk+LPd3U4jUXE9aE19FstUKNFZ9MUVfAgkdowKQljdO2wkoC+ONegWj2StibezTJutMREAkWMq751zwe5/QLwO7mr6K0DtHHX6ECItlzx7LrSM6RMfoLyMy23ie/1fzQ0+A+YGCjuPCzINUkKO/TIhzSfolrLWQg5GzMv6yzVPQzZvJCg3EflD7/MtxzFy7SZohKjbAQ/aRnDVNn7sRacc5d8bId+mdXBEsQNP4mu96qQBseV+mtRbiQhdn6yjceQe59ONdt6mT7xLL+EGzRc/Cvu0IaJNxanou2hkgXtpMWLd1T6MozVRQiQPeBYbHEcArijGWsSRFWFFA2wYepcZ8mHm1mbAdgHhQ83F3uOx3m2omRpdL9pW+7FKrLmJVMRbrIhmVZIXdSrVVB16L+gKfdZY4tPXAQdRlAOk7HfYL98wMsGu0CzIi2DzDfXXiBYDEfTIqm8I3w1DubXbOy3ruSeaJLmowk5onVZI2FH/VfD5H9dw/uij1Jk1GqWg0yG89U6cl9t4v9yfjxAV1kiShFoOUtXzREWqpajAtDz7Kf7pLkxRvb/2OWGEZzmony0R4axv1l70BahcN60l4aOaPVXPEC0q4/rDAEgAKChgd8eVYIEBA0IAyuhASEALLLLFAwzCpIhc6tGQxnquOc4Mq+5Usi5Nyoq+7a+6RYIWztMcq6m7fK4IprOEQSNMX7MF4VZ6z9nZ03wEwf9/p1qV69phNCYEu5lCUcgTmGN/dyxdOFWaPRCL43p5X6OcWHhLrrgCd8fV+YLQSZBvsHq0vyQ7vRFlF8VNSTgxviMv9AJm1mI/kunGd3YFn3ly0T7MV1VbJcpnsugaNJxRFn6Wm23dDJ4hIXaJrNYpbBOIWRFDM8BPEFpzcEale7hglS+PgRiJN08bVlVQhcHPBDBSLTu9IBKjCYf9+ktxgYqQgoIkmsHw9pcLxQ60wPCiHtoN7jz094ErBfy8+tgospMu9mkIQEIiS2HsjKn/XhAPxQQXKLmodz5mV2NU58MVI0pUr3GuPno6F5uH8LYDTDlpC/Yn6/Aipytz6Q+/zOAxZPPM7AFWiK6bvxL5EvjUj4uYFj5M2KL4oDPv+Mv87Iv/JzvIiGkeaSC2GkiET5RfpNVBuYyvIMyBJMnzM6Pt/Dxp9Sq/muz82EwpqZwVQuSmMoGehxa3getAFwoazhM8quAxoIKSZ69YFZrGFUA1im5utg7j6W1z/qdjh6qRwi/kaPg+ViqBJQMorXVgioGjzQ6bAOrucM5lIyLwLPYCNawpuAF24Amxg4TXtcqLnhExadKU4BG69c+pFIAuovJa1eixCRDHBN0dwneUvjxyuKctDYD9Hkgzo4SaxRS7AbfP8zMAHMoE7+q4N7xmre+ag1LugXeSHnlddJYXcNC7H8Rc5WclY7YWxh2ePk8QKgJdkvYmnUbIk6ixUbcnk174Rr8bx/4qg80CzLwAf27cxj5PlaKSA4V+UPw3BbVeuu0db83sX3OHkkGTATyCBnzOOSWJU+y3gh3oVBw418WY9nKj4vQ9gAR6CTDBPu6WdqjD4jRwRSZLM3XJpuqMAGJ5xZzDsScDo0qxlg7o6GKs+hTgngV4cvOthG5Wl7xsqErlTkSNSniZ7Qx/lJsPU/dw6xdxafAoyz6u54TBrXuxF2cjTk4fXbMMUFrmHa9TO4QnB+LK9c6lzetkyYh046HekmxhrW5VTl8SFHiswBiB4VK9fTGrN6IXR+VIbFtwATxcZjfGLFe8CgsWGTikF+A2fs01QlOAlZ9vx0XaSrrYkPL7KhKP1QzUS1Am5TYYq+b9K8NGvI4FGIYRY2aSykIxeAflcD5hKZn82GPMaJFC5AjnnYSnmEvVv+jOXprMdfGhIIgk4McYV9b44ctY3PbBEXSBjmsp12osU+cjrDnDm/l9HS0EP2BmbaBJ4xgyALW6p04D3OVagmy5PtA/O6Xjvt0OAA8vDLK62lbmFz9NqjoEdX5Hy4hilsPafoyPzjKEEbeZ+WLGnVLjqVBX5T8RJfTH5trgJcF/L6wGeOXN7ze4pf1QlU8o0GteAfkJAd0ZFUWp3F9XyQRfEH0qO4UM6v17vJu1G/+vQiT9PxX5sRB8CI23fOtIfEzm+w1CrswslUGfFGNNd4riGwUGlfHuu9z/TIxFrsWkZMsZQbvtBqZtZRogHjurucDOlyL6miJanImDVWr5vl026nb3hfQx/RMAWUvBaa0vsgNmYogqEXiT3ROBEmpsGFQDCmlgbcoJITzfOHRT4iZ869srerAw5ez8ZgaWKP1fNMWoXdkAlk2yWV4d0gQoBfkAf0waCGvX9K4iK4PetgkQ30vZr9qp2sluqs/UjycJBdzR2SU9aIi5s8ghmwaLikSeEKLflZlhQubvMZmCVldD8v2SH2hxSTI4Ditnxzd6Se3rwYS8iUYHLaZcwul5zcnmcZ9EffZrYelG17IL07ho6QZsfproJfQ7+UmEJolhtg9FFT1khDzRMG5lQ+GD6UYDerb3Fhxph6BEZ2h+H48+pWQbOcZB8Q2LWexFxkFRtXSLRiXJSxlQKLAFwQgMXOLJLDExt3wLtnKUNWtRd0Kk7jI/angCNF9mhv3c3KuPvKiTMQCjrzzCAZoZ2Ab+Ji49zwj+fOpFid4rt2y/LJ3wBhI7CKyzZg9mWqOOwTa5H21Hd/whjSXQH7MNLYtN55tbCXVChMYvxVRrsta1O2grH4pXaSsCpnGLOwF5e983ItgWlasP4jomj6ewYUy6vpatpHk5vX6tOT/ChNMhMGcobYPJuQX/A1f2q6ErIwOSTAIVXQoPFx8UDwy+IoMp6wZshr0aRKP8bUYR8UUeRjb2BR8cufg/4i/7tnjZBF9rH9vfaFDgh/PN8g0bmb+xWODmM8BrWtofaFekeTKA+vgZgnDU3oL7UupeOL/oNUZUq4L8Fq61a8EakNAsqRsZqKxyNjF8zUJCitBkZ40Xg8ZYxwgQGNQ4EU8KNp/JdGl8hV/ZYcRBAlHU7YWhX0SECGLnDJwjnkSYZGHKTqmB/eo+h3HertJTXzYH6DvCFxcirLNL6dI/050KwYBUJE1YwczrIG4dW78aa8UnWllskNyhQCfZ7XA+rIAIteq/51/TFcGjJzO83yjFrzGPJSuvKIw6Pprj1rMmIkDdptKumYvTg2V4rTqHz5+DMzfaj6iN5AQSoIlc9KCsP6rs0N53uiNDcJPcwkwvaFHswFLz66qqUhHPZ4SGiOwCu7xfkOawRrycklJI+LlrZELqjFn1vV0aGLMchXoZDnd0qe/2W+ZOYX0ase83iZ1I/5HHny2GJBkP7EpCCXaTlsDlpwbcI2/OFzL5ZrGfporHPANHZmORfzNbYiwOKPaJ4cfw5pinJd8Y76rCHtk0vZVj3oJg2N0XE3AKvvt8Maw8Fnc9OeeYZ7MWuEihlox784Zw=\"}, \"protection\": {\"title\": \"Cobertura Est\\u00e1ndar\", \"price\": 29.99}, \"total\": \"0.00\"}',151,'2024-09-02 19:22:48.000000','2024-09-02 19:21:19.000000'),
(366,39,0,'{\"advantage\": 100, \"trustworthy\": 88, \"frustrating\": 22, \"confusing\": 50, \"experience\": 71}','2024-09-02 19:23:41.953481','{}',151,'2024-09-02 19:23:32.000000','2024-09-02 19:22:53.000000'),
(367,36,0,'{\"advantage\": 32, \"trustworthy\": 1, \"frustrating\": 42, \"confusing\": 50, \"experience\": 61}','2024-09-02 19:24:35.226903','{\"nights\": 0, \"price\": 0, \"taxes\": 0, \"city\": \"Madrid, Espa\\u00f1a\"}',151,'2024-09-02 19:24:25.000000','2024-09-02 19:23:39.000000'),
(368,37,1,'{\"advantage\": 72, \"trustworthy\": 69, \"frustrating\": 36, \"confusing\": 37, \"experience\": 76}','2024-09-02 19:25:35.765611','{\"code\": \"AAA123\", \"passenger\": \"Iv\\u00e1n Aguilar\", \"seat\": null}',151,'2024-09-02 19:25:26.000000','2024-09-02 19:24:35.000000'),
(369,39,0,'{\"advantage\": 50, \"trustworthy\": 50, \"frustrating\": 10, \"confusing\": 10, \"experience\": 89}','2024-09-02 19:31:13.846734','{}',152,'2024-09-02 19:31:11.000000','2024-09-02 19:30:41.000000'),
(370,37,1,'{\"advantage\": 50, \"trustworthy\": 50, \"frustrating\": 9, \"confusing\": 9, \"experience\": 85}','2024-09-02 19:32:31.527733','{\"code\": \"AAA123\", \"passenger\": \"PM\", \"seat\": {\"value\": \"8B\", \"isVIP\": false, \"save\": true}}',152,'2024-09-02 19:32:31.000000','2024-09-02 19:31:24.000000'),
(371,40,1,'{\"advantage\": 50, \"trustworthy\": 50, \"frustrating\": 10, \"confusing\": 10, \"experience\": 87}','2024-09-02 19:34:43.962117','{\"nights\": 3, \"price\": 224.49, \"taxes\": 61.650000000000006, \"city\": \"Madrid, Espa\\u00f1a\"}',152,'2024-09-02 19:34:42.000000','2024-09-02 19:32:41.000000'),
(372,38,0,'{\"advantage\": 50, \"trustworthy\": 50, \"frustrating\": 13, \"confusing\": 13, \"experience\": 56}','2024-09-02 19:36:58.958858','{\"location\": \"Madrid, Espa\\u00f1a\", \"startDate\": \"2024-09-20T19:35:01.000Z\", \"endDate\": \"2024-09-23T19:35:01.000Z\", \"vehicle\": {\"name\": \"Standard\", \"type\": \"sedan\", \"capType\": \"Sedan\", \"description\": \"VW Jetta\", \"capacity\": 5, \"price\": 32.99, \"img\": \"https://sitios-dp.okd.lifia.info.unlp.edu.ar/assets/standard-e51a82b7.webp\"}, \"protection\": {\"title\": \"Cobertura B\\u00e1sica\", \"price\": 9.99}, \"total\": \"128.94\"}',152,'2024-09-02 19:36:58.000000','2024-09-02 19:35:00.000000'),
(373,40,1,'{\"advantage\": 74, \"trustworthy\": 93, \"frustrating\": 17, \"confusing\": 16, \"experience\": 75}','2024-09-02 19:56:24.717105','{\"nights\": 3, \"price\": 224.49, \"taxes\": 61.650000000000006, \"city\": \"Madrid, Espa\\u00f1a\"}',155,'2024-09-02 19:56:24.000000','2024-09-02 19:54:05.000000'),
(374,38,0,'{\"advantage\": 75, \"trustworthy\": 67, \"frustrating\": 27, \"confusing\": 7, \"experience\": 77}','2024-09-02 19:58:41.366006','{\"location\": \"Madrid, Espa\\u00f1a\", \"startDate\": \"2024-09-20T19:56:42.000Z\", \"endDate\": \"2024-09-23T19:56:42.000Z\", \"vehicle\": {\"name\": \"Standard\", \"type\": \"sedan\", \"capType\": \"Sedan\", \"description\": \"VW Jetta\", \"capacity\": 5, \"price\": 32.99, \"img\": \"https://sitios-dp.okd.lifia.info.unlp.edu.ar/assets/standard-e51a82b7.webp\"}, \"protection\": null, \"total\": \"98.97\"}',155,'2024-09-02 19:58:41.000000','2024-09-02 19:56:40.000000'),
(375,33,0,'{\"advantage\": 93, \"trustworthy\": 92, \"frustrating\": 50, \"confusing\": 50, \"experience\": 10}','2024-09-02 20:19:39.671276','{\"code\": \"AAA123\", \"passenger\": \"PEPE\", \"seat\": null}',156,'2024-09-02 20:19:39.000000','2024-09-02 20:18:28.000000'),
(376,37,1,'{\"advantage\": 35, \"trustworthy\": 36, \"frustrating\": 9, \"confusing\": 30, \"experience\": 64}','2024-09-02 21:03:04.406811','{\"code\": \"AAA123\", \"passenger\": \"Juan de los Palotes\", \"seat\": null}',157,'2024-09-02 21:03:03.000000','2024-09-02 21:01:32.000000'),
(377,38,0,'{\"advantage\": 26, \"trustworthy\": 39, \"frustrating\": 4, \"confusing\": 64, \"experience\": 45}','2024-09-02 21:05:26.058731','{\"location\": \"Madrid, Espa\\u00f1a\", \"startDate\": \"2024-09-20T21:03:39.000Z\", \"endDate\": \"2024-09-23T21:03:39.000Z\", \"vehicle\": {\"name\": \"Standard\", \"type\": \"sedan\", \"capType\": \"Sedan\", \"description\": \"VW Jetta\", \"capacity\": 5, \"price\": 32.99, \"img\": \"https://sitios-dp.okd.lifia.info.unlp.edu.ar/assets/standard-e51a82b7.webp\"}, \"protection\": null, \"total\": \"98.97\"}',157,'2024-09-02 21:05:25.000000','2024-09-02 21:03:38.000000'),
(378,39,0,'{\"advantage\": 68, \"trustworthy\": 67, \"frustrating\": 0, \"confusing\": 0, \"experience\": 82}','2024-09-02 21:06:18.371521','{}',157,'2024-09-02 21:06:17.000000','2024-09-02 21:05:38.000000'),
(379,40,1,'{\"advantage\": 65, \"trustworthy\": 78, \"frustrating\": 0, \"confusing\": 0, \"experience\": 86}','2024-09-02 21:07:25.085044','{\"nights\": 3, \"price\": 247.5, \"taxes\": 68.34, \"city\": \"Madrid, Espa\\u00f1a\"}',157,'2024-09-02 21:07:24.000000','2024-09-02 21:06:29.000000'),
(380,34,1,'{\"advantage\": 0, \"trustworthy\": 0, \"frustrating\": 50, \"confusing\": 50, \"experience\": 50}','2024-09-02 23:05:44.735736','{\"location\": \"Madrid, Espa\\u00f1a\", \"startDate\": \"2024-09-23T23:01:47.000Z\", \"endDate\": null, \"vehicle\": {\"name\": \"Standard\", \"type\": \"sedan\", \"capType\": \"Sedan\", \"description\": \"VW Jetta\", \"capacity\": 5, \"price\": 32.99, \"img\": \"https://sitios-dp.okd.lifia.info.unlp.edu.ar/assets/standard-e51a82b7.webp\"}, \"protection\": null, \"total\": \"-659437.11\"}',159,'2024-09-02 23:05:45.000000','2024-09-02 23:01:47.000000'),
(381,39,0,'{\"advantage\": 22, \"trustworthy\": 20, \"frustrating\": 26, \"confusing\": 50, \"experience\": 50}','2024-09-02 23:07:17.181732','{}',159,'2024-09-02 23:07:18.000000','2024-09-02 23:06:04.000000'),
(382,36,0,'{\"advantage\": 39, \"trustworthy\": 40, \"frustrating\": 39, \"confusing\": 50, \"experience\": 50}','2024-09-02 23:08:55.379720','{\"nights\": 3, \"price\": 224.49, \"taxes\": 61.650000000000006, \"city\": \"Madrid, Espa\\u00f1a\"}',159,'2024-09-02 23:08:56.000000','2024-09-02 23:07:43.000000'),
(383,37,1,'{\"advantage\": 0, \"trustworthy\": 0, \"frustrating\": 0, \"confusing\": 0, \"experience\": 14}','2024-09-02 23:13:06.903449','{\"code\": \"AAA123\", \"passenger\": \"Juan Perez\", \"seat\": {\"value\": \"10E\", \"isVIP\": false, \"save\": true}}',159,'2024-09-02 23:13:08.000000','2024-09-02 23:10:36.000000'),
(384,39,0,'{\"advantage\": 69, \"trustworthy\": 60, \"frustrating\": 66, \"confusing\": 66, \"experience\": 25}','2024-09-03 09:43:34.277154','{}',160,'2024-09-03 09:43:34.000000','2024-09-03 09:32:33.000000'),
(385,40,1,'{\"advantage\": 42, \"trustworthy\": 40, \"frustrating\": 63, \"confusing\": 50, \"experience\": 50}','2024-09-03 11:11:06.147666','{\"nights\": 3, \"price\": 224.49, \"taxes\": 61.650000000000006, \"city\": \"Madrid, Espa\\u00f1a\"}',161,'2024-09-03 11:11:08.000000','2024-09-03 11:08:57.000000'),
(386,33,0,'{\"advantage\": 31, \"trustworthy\": 69, \"frustrating\": 5, \"confusing\": 5, \"experience\": 2}','2024-09-03 11:12:29.164517','{\"code\": \"AAA123\", \"passenger\": \"eze\", \"seat\": null}',161,'2024-09-03 11:12:31.000000','2024-09-03 11:11:26.000000'),
(387,36,0,'{\"advantage\": 66, \"trustworthy\": 57, \"frustrating\": 82, \"confusing\": 62, \"experience\": 50}','2024-09-03 11:14:23.157779','{\"nights\": 3, \"price\": 224.49, \"taxes\": 61.650000000000006, \"city\": \"Madrid, Espa\\u00f1a\"}',161,'2024-09-03 11:14:25.000000','2024-09-03 11:12:41.000000'),
(388,34,1,'{\"advantage\": 35, \"trustworthy\": 34, \"frustrating\": 77, \"confusing\": 10, \"experience\": 78}','2024-09-03 11:15:58.953818','{\"location\": \"Madrid, Espa\\u00f1a\", \"startDate\": \"2024-09-20T11:14:35.000Z\", \"endDate\": \"2024-09-23T11:14:35.000Z\", \"vehicle\": {\"name\": \"Standard\", \"type\": \"sedan\", \"capType\": \"Sedan\", \"description\": \"VW Jetta\", \"capacity\": 5, \"price\": 32.99, \"img\": \"https://sitios-dp.okd.lifia.info.unlp.edu.ar/assets/standard-e51a82b7.webp\"}, \"protection\": null, \"total\": \"98.97\"}',161,'2024-09-03 11:16:00.000000','2024-09-03 11:14:34.000000'),
(389,36,0,'{\"advantage\": 16, \"trustworthy\": 24, \"frustrating\": 64, \"confusing\": 50, \"experience\": 42}','2024-09-03 11:35:26.368455','{\"nights\": 3, \"price\": 224.49, \"taxes\": 61.650000000000006, \"city\": \"Madrid, Espa\\u00f1a\"}',162,'2024-09-03 11:35:22.000000','2024-09-03 11:32:16.000000'),
(390,34,1,'{\"advantage\": 23, \"trustworthy\": 27, \"frustrating\": 62, \"confusing\": 50, \"experience\": 30}','2024-09-03 11:37:27.874230','{\"location\": \"Madrid, Espa\\u00f1a\", \"startDate\": \"2024-09-20T11:35:31.000Z\", \"endDate\": \"2024-09-23T11:35:31.000Z\", \"vehicle\": {\"name\": \"Standard\", \"type\": \"sedan\", \"capType\": \"Sedan\", \"description\": \"VW Jetta\", \"capacity\": 5, \"price\": 32.99, \"img\": \"https://sitios-dp.okd.lifia.info.unlp.edu.ar/assets/standard-e51a82b7.webp\"}, \"protection\": {\"title\": \"Cobertura B\\u00e1sica\", \"price\": 9.99}, \"total\": \"128.94\"}',162,'2024-09-03 11:37:23.000000','2024-09-03 11:35:30.000000'),
(391,40,1,'{\"advantage\": 98, \"trustworthy\": 74, \"frustrating\": 21, \"confusing\": 21, \"experience\": 76}','2024-09-03 11:37:34.174180','{\"nights\": 3, \"price\": 224.49, \"taxes\": 61.650000000000006, \"city\": \"Madrid, Espa\\u00f1a\"}',163,'2024-09-03 11:37:34.000000','2024-09-03 11:34:15.000000'),
(392,37,1,'{\"advantage\": 50, \"trustworthy\": 50, \"frustrating\": 23, \"confusing\": 23, \"experience\": 50}','2024-09-03 11:39:18.186724','{\"code\": \"AAA123\", \"passenger\": \"Maria Alejandra Sebastian\", \"seat\": {\"value\": \"2D\", \"isVIP\": false, \"save\": false}}',162,'2024-09-03 11:39:14.000000','2024-09-03 11:37:33.000000'),
(393,39,0,'{\"advantage\": 25, \"trustworthy\": 69, \"frustrating\": 28, \"confusing\": 12, \"experience\": 76}','2024-09-03 11:40:39.698153','{}',162,'2024-09-03 11:40:35.000000','2024-09-03 11:39:24.000000'),
(394,38,0,'{\"advantage\": 98, \"trustworthy\": 76, \"frustrating\": 24, \"confusing\": 24, \"experience\": 77}','2024-09-03 11:40:46.637805','{\"location\": \"Madrid, Espa\\u00f1a\", \"startDate\": \"2024-09-20T11:37:57.000Z\", \"endDate\": \"2024-09-23T11:37:57.000Z\", \"vehicle\": {\"name\": \"Standard\", \"type\": \"sedan\", \"capType\": \"Sedan\", \"description\": \"VW Jetta\", \"capacity\": 5, \"price\": 32.99, \"img\": \"https://sitios-dp.okd.lifia.info.unlp.edu.ar/assets/standard-e51a82b7.webp\"}, \"protection\": null, \"total\": \"98.97\"}',163,'2024-09-03 11:40:46.000000','2024-09-03 11:37:57.000000'),
(395,33,0,'{\"advantage\": 20, \"trustworthy\": 20, \"frustrating\": 77, \"confusing\": 78, \"experience\": 22}','2024-09-03 11:45:04.956467','{\"code\": \"AAA123\", \"passenger\": \"Andrea Paz\", \"seat\": {\"value\": \"2C\", \"isVIP\": false, \"save\": false}}',163,'2024-09-03 11:45:05.000000','2024-09-03 11:41:18.000000'),
(396,35,1,'{\"advantage\": 75, \"trustworthy\": 75, \"frustrating\": 21, \"confusing\": 21, \"experience\": 77}','2024-09-03 11:46:58.638590','{}',163,'2024-09-03 11:46:58.000000','2024-09-03 11:45:16.000000'),
(397,37,1,'{\"advantage\": 68, \"trustworthy\": 38, \"frustrating\": 16, \"confusing\": 16, \"experience\": 38}','2024-09-03 14:30:44.253757','{\"code\": \"AAA123\", \"passenger\": \"Fabio Espa\\u00f1ol\", \"seat\": {\"value\": \"9E\", \"isVIP\": false, \"save\": true}}',165,'2024-09-03 14:30:44.000000','2024-09-03 14:27:41.000000'),
(398,38,0,'{\"advantage\": 70, \"trustworthy\": 70, \"frustrating\": 28, \"confusing\": 28, \"experience\": 28}','2024-09-03 14:37:13.044664','{\"location\": \"Madrid, Espa\\u00f1a\", \"startDate\": \"2024-09-20T14:35:40.000Z\", \"endDate\": \"2024-09-23T14:35:40.000Z\", \"vehicle\": {\"name\": \"Standard\", \"type\": \"sedan\", \"capType\": \"Sedan\", \"description\": \"VW Jetta\", \"capacity\": 5, \"price\": 32.99, \"img\": \"https://sitios-dp.okd.lifia.info.unlp.edu.ar/assets/standard-e51a82b7.webp\"}, \"protection\": null, \"total\": \"98.97\"}',165,'2024-09-03 14:37:12.000000','2024-09-03 14:35:39.000000'),
(399,39,0,'{\"advantage\": 74, \"trustworthy\": 74, \"frustrating\": 21, \"confusing\": 21, \"experience\": 75}','2024-09-03 14:38:44.765073','{}',165,'2024-09-03 14:38:44.000000','2024-09-03 14:37:15.000000'),
(400,40,1,'{\"advantage\": 25, \"trustworthy\": 25, \"frustrating\": 28, \"confusing\": 76, \"experience\": 29}','2024-09-03 14:40:38.261852','{\"nights\": 3, \"price\": 224.49, \"taxes\": 61.650000000000006, \"city\": \"Madrid, Espa\\u00f1a\"}',165,'2024-09-03 14:40:38.000000','2024-09-03 14:38:55.000000'),
(401,34,1,'{\"advantage\": 19, \"trustworthy\": 50, \"frustrating\": 50, \"confusing\": 50, \"experience\": 92}','2024-09-03 19:13:59.818751','{\"location\": \"Madrid, Espa\\u00f1a\", \"startDate\": \"2024-09-20T19:10:17.000Z\", \"endDate\": \"2024-09-23T19:10:17.000Z\", \"vehicle\": {\"name\": \"Standard\", \"type\": \"sedan\", \"capType\": \"Sedan\", \"description\": \"VW Jetta\", \"capacity\": 5, \"price\": 32.99, \"img\": \"https://sitios-dp.okd.lifia.info.unlp.edu.ar/assets/standard-e51a82b7.webp\"}, \"protection\": null, \"total\": \"98.97\"}',167,'2024-09-03 19:13:59.000000','2024-09-03 19:08:10.000000'),
(402,39,0,'{\"advantage\": 86, \"trustworthy\": 86, \"frustrating\": 9, \"confusing\": 20, \"experience\": 93}','2024-09-03 19:15:49.516628','{}',167,'2024-09-03 19:15:49.000000','2024-09-03 19:14:11.000000'),
(403,36,0,'{\"advantage\": 50, \"trustworthy\": 50, \"frustrating\": 21, \"confusing\": 21, \"experience\": 97}','2024-09-03 19:19:12.314671','{\"nights\": 3, \"price\": 224.49, \"taxes\": 61.650000000000006, \"city\": \"Madrid, Espa\\u00f1a\"}',167,'2024-09-03 19:19:12.000000','2024-09-03 19:16:10.000000'),
(404,37,1,'{\"advantage\": 98, \"trustworthy\": 97, \"frustrating\": 3, \"confusing\": 97, \"experience\": 98}','2024-09-03 19:20:41.176806','{\"code\": \"AAA123\", \"passenger\": \"Enrique Aramayo\", \"seat\": {\"value\": \"7D\", \"isVIP\": false, \"save\": false}}',167,'2024-09-03 19:20:41.000000','2024-09-03 19:19:35.000000'),
(405,37,1,'{\"advantage\": 94, \"trustworthy\": 85, \"frustrating\": 41, \"confusing\": 50, \"experience\": 50}','2024-09-04 09:38:19.858126','{\"code\": \"AAA123\", \"passenger\": \"Pablo Nicolas\", \"seat\": {\"value\": \"10F\", \"isVIP\": false, \"save\": false}}',160,'2024-09-04 09:38:19.000000','2024-09-04 09:33:54.000000'),
(406,40,1,'{\"advantage\": 100, \"trustworthy\": 91, \"frustrating\": 3, \"confusing\": 51, \"experience\": 67}','2024-09-04 09:45:00.305489','{\"nights\": 3, \"price\": 224.49, \"taxes\": 61.650000000000006, \"city\": \"Madrid, Espa\\u00f1a\"}',160,'2024-09-04 09:45:00.000000','2024-09-04 09:38:46.000000'),
(407,38,0,'{\"advantage\": 85, \"trustworthy\": 85, \"frustrating\": 15, \"confusing\": 47, \"experience\": 70}','2024-09-04 09:48:37.791521','{\"location\": \"Madrid, Espa\\u00f1a\", \"startDate\": \"2024-09-20T09:45:21.000Z\", \"endDate\": \"2024-09-23T09:45:21.000Z\", \"vehicle\": {\"name\": \"Standard\", \"type\": \"sedan\", \"capType\": \"Sedan\", \"description\": \"VW Jetta\", \"capacity\": 5, \"price\": 32.99, \"img\": \"https://sitios-dp.okd.lifia.info.unlp.edu.ar/assets/standard-e51a82b7.webp\"}, \"protection\": null, \"total\": \"98.97\"}',160,'2024-09-04 09:48:37.000000','2024-09-04 09:45:20.000000'),
(408,36,0,'{\"advantage\": 0, \"trustworthy\": 0, \"frustrating\": 0, \"confusing\": 0, \"experience\": 99}','2024-09-04 12:39:08.067361','{\"nights\": 3, \"price\": 224.49, \"taxes\": 61.650000000000006, \"city\": \"Madrid, Espa\\u00f1a\"}',170,'2024-09-04 12:39:07.000000','2024-09-04 12:37:02.000000'),
(409,34,1,'{\"advantage\": 0, \"trustworthy\": 0, \"frustrating\": 0, \"confusing\": 0, \"experience\": 75}','2024-09-04 12:41:07.008756','{\"location\": \"Madrid, Espa\\u00f1a\", \"startDate\": \"2024-09-20T12:39:16.000Z\", \"endDate\": \"2024-09-23T12:39:16.000Z\", \"vehicle\": {\"name\": \"Standard\", \"type\": \"sedan\", \"capType\": \"Sedan\", \"description\": \"VW Jetta\", \"capacity\": 5, \"price\": 32.99, \"img\": \"https://sitios-dp.okd.lifia.info.unlp.edu.ar/assets/standard-e51a82b7.webp\"}, \"protection\": null, \"total\": \"98.97\"}',170,'2024-09-04 12:41:06.000000','2024-09-04 12:39:16.000000'),
(410,37,1,'{\"advantage\": 0, \"trustworthy\": 0, \"frustrating\": 77, \"confusing\": 92, \"experience\": 0}','2024-09-04 12:42:40.908326','{\"code\": \"1234\", \"passenger\": \"Cecilia\", \"seat\": {\"value\": \"1E\", \"isVIP\": true, \"save\": false}}',170,'2024-09-04 12:42:40.000000','2024-09-04 12:41:21.000000'),
(411,39,0,'{\"advantage\": 0, \"trustworthy\": 2, \"frustrating\": 0, \"confusing\": 0, \"experience\": 80}','2024-09-04 12:43:42.221117','{}',170,'2024-09-04 12:43:41.000000','2024-09-04 12:42:47.000000'),
(412,40,1,'{\"advantage\": 50, \"trustworthy\": 50, \"frustrating\": 50, \"confusing\": 50, \"experience\": 0}','2024-09-04 14:20:17.163577','{\"nights\": 0, \"price\": 0, \"taxes\": 0, \"city\": \"Madrid, Espa\\u00f1a\"}',171,'2024-09-04 14:20:18.000000','2024-09-04 14:18:57.000000'),
(413,37,1,'{\"advantage\": 100, \"trustworthy\": 100, \"frustrating\": 0, \"confusing\": 0, \"experience\": 100}','2024-09-04 17:46:38.697840','{\"code\": \"AAA123\", \"passenger\": \"Javier\", \"seat\": null}',173,'2024-09-04 17:46:38.000000','2024-09-04 17:45:30.000000'),
(414,38,0,'{\"advantage\": 100, \"trustworthy\": 100, \"frustrating\": 0, \"confusing\": 13, \"experience\": 100}','2024-09-04 17:48:34.165758','{\"location\": \"Madrid, Espa\\u00f1a\", \"startDate\": \"2024-09-20T17:46:49.000Z\", \"endDate\": \"2024-09-23T17:46:49.000Z\", \"vehicle\": {\"name\": \"Standard\", \"type\": \"sedan\", \"capType\": \"Sedan\", \"description\": \"VW Jetta\", \"capacity\": 5, \"price\": 32.99, \"img\": \"https://sitios-dp.okd.lifia.info.unlp.edu.ar/assets/standard-e51a82b7.webp\"}, \"protection\": null, \"total\": \"98.97\"}',173,'2024-09-04 17:48:33.000000','2024-09-04 17:46:48.000000'),
(415,39,0,'{\"advantage\": 100, \"trustworthy\": 100, \"frustrating\": 0, \"confusing\": 0, \"experience\": 100}','2024-09-04 17:49:06.529801','{}',173,'2024-09-04 17:49:06.000000','2024-09-04 17:48:39.000000'),
(416,40,1,'{\"advantage\": 100, \"trustworthy\": 100, \"frustrating\": 0, \"confusing\": 8, \"experience\": 100}','2024-09-04 17:50:39.310822','{\"nights\": 3, \"price\": 224.49, \"taxes\": 61.650000000000006, \"city\": \"Madrid, Espa\\u00f1a\"}',173,'2024-09-04 17:50:38.000000','2024-09-04 17:49:14.000000'),
(417,38,0,'{\"advantage\": 75, \"trustworthy\": 60, \"frustrating\": 56, \"confusing\": 36, \"experience\": 32}','2024-09-04 21:29:23.257939','{\"location\": \"Madrid, Espa\\u00f1a\", \"startDate\": \"2024-09-04T21:27:55.582Z\", \"endDate\": \"2024-09-04T21:27:55.582Z\", \"vehicle\": {\"name\": \"Standard\", \"type\": \"sedan\", \"capType\": \"Sedan\", \"description\": \"VW Jetta\", \"capacity\": 5, \"price\": 32.99, \"img\": \"https://sitios-dp.okd.lifia.info.unlp.edu.ar/assets/standard-e51a82b7.webp\"}, \"protection\": {\"title\": \"Standard Cover Protection\", \"price\": 29.99}, \"total\": \"0.00\"}',174,'2024-09-04 21:29:23.000000','2024-09-04 21:27:55.000000'),
(418,35,1,'{\"advantage\": 71, \"trustworthy\": 65, \"frustrating\": 36, \"confusing\": 30, \"experience\": 62}','2024-09-04 21:30:30.476855','{}',174,'2024-09-04 21:30:30.000000','2024-09-04 21:29:25.000000'),
(419,40,1,'{\"advantage\": 56, \"trustworthy\": 55, \"frustrating\": 53, \"confusing\": 45, \"experience\": 53}','2024-09-04 21:30:57.954624','{\"nights\": 0, \"price\": 0, \"taxes\": 0, \"city\": \"Madrid, Espa\\u00f1a\"}',174,'2024-09-04 21:30:57.000000','2024-09-04 21:30:32.000000'),
(420,33,0,'{\"advantage\": 57, \"trustworthy\": 63, \"frustrating\": 32, \"confusing\": 55, \"experience\": 20}','2024-09-04 21:32:34.663566','{\"code\": \"AAA123\", \"passenger\": \"asdas\", \"seat\": {\"value\": \"8B\", \"isVIP\": false, \"save\": true}}',174,'2024-09-04 21:32:34.000000','2024-09-04 21:31:57.000000'),
(421,39,0,'{\"advantage\": 100, \"trustworthy\": 100, \"frustrating\": 0, \"confusing\": 0, \"experience\": 100}','2024-09-05 16:47:24.052960','{}',176,'2024-09-05 16:47:23.000000','2024-09-05 16:45:51.000000'),
(422,37,1,'{\"advantage\": 50, \"trustworthy\": 50, \"frustrating\": 27, \"confusing\": 28, \"experience\": 28}','2024-09-05 16:49:55.797382','{\"code\": \"AAA123\", \"passenger\": \"Alexis Rodriguez Arteaga\", \"seat\": null}',176,'2024-09-05 16:49:55.000000','2024-09-05 16:48:09.000000'),
(423,40,1,'{\"advantage\": 22, \"trustworthy\": 21, \"frustrating\": 73, \"confusing\": 55, \"experience\": 21}','2024-09-05 16:55:09.528829','{\"nights\": 3, \"price\": 224.49, \"taxes\": 61.650000000000006, \"city\": \"Madrid, Espa\\u00f1a\"}',176,'2024-09-05 16:55:09.000000','2024-09-05 16:50:54.000000'),
(424,38,0,'{\"advantage\": 41, \"trustworthy\": 42, \"frustrating\": 64, \"confusing\": 59, \"experience\": 43}','2024-09-05 16:59:02.366006','{\"location\": \"Madrid, Espa\\u00f1a\", \"startDate\": \"2024-09-20T16:55:26.000Z\", \"endDate\": \"2024-09-23T16:55:26.000Z\", \"vehicle\": {\"name\": \"Standard\", \"type\": \"sedan\", \"capType\": \"Sedan\", \"description\": \"VW Jetta\", \"capacity\": 5, \"price\": 32.99, \"img\": \"https://sitios-dp.okd.lifia.info.unlp.edu.ar/assets/standard-e51a82b7.webp\"}, \"protection\": null, \"total\": \"98.97\"}',176,'2024-09-05 16:59:02.000000','2024-09-05 16:55:25.000000'),
(425,40,1,'{\"advantage\": 44, \"trustworthy\": 45, \"frustrating\": 9, \"confusing\": 2, \"experience\": 91}','2024-09-05 17:05:24.915981','{\"nights\": 3, \"price\": 224.49, \"taxes\": 61.650000000000006, \"city\": \"Madrid, Espa\\u00f1a\"}',177,'2024-09-05 17:05:24.000000','2024-09-05 17:03:44.000000'),
(426,40,1,'{\"advantage\": 80, \"trustworthy\": 79, \"frustrating\": 10, \"confusing\": 13, \"experience\": 79}','2024-09-06 00:25:23.575291','{\"nights\": 3, \"price\": 247.5, \"taxes\": 68.34, \"city\": \"Madrid, Espa\\u00f1a\"}',179,'2024-09-06 00:25:23.000000','2024-09-06 00:20:45.000000'),
(427,38,0,'{\"advantage\": 24, \"trustworthy\": 25, \"frustrating\": 83, \"confusing\": 41, \"experience\": 10}','2024-09-06 00:27:28.600168','{\"location\": \"Madrid, Espa\\u00f1a\", \"startDate\": \"2024-09-21T00:25:27.000Z\", \"endDate\": \"2024-09-24T00:25:27.000Z\", \"vehicle\": {\"name\": \"Standard\", \"type\": \"sedan\", \"capType\": \"Sedan\", \"description\": \"VW Jetta\", \"capacity\": 5, \"price\": 32.99, \"img\": \"https://sitios-dp.okd.lifia.info.unlp.edu.ar/assets/standard-e51a82b7.webp\"}, \"protection\": null, \"total\": \"98.97\"}',179,'2024-09-06 00:27:28.000000','2024-09-06 00:25:26.000000'),
(428,33,0,'{\"advantage\": 50, \"trustworthy\": 23, \"frustrating\": 28, \"confusing\": 34, \"experience\": 39}','2024-09-06 00:29:31.923729','{\"code\": \"AAA123\", \"passenger\": \"Fernando Durgam\", \"seat\": null}',179,'2024-09-06 00:29:31.000000','2024-09-06 00:27:44.000000'),
(429,35,1,'{\"advantage\": 50, \"trustworthy\": 36, \"frustrating\": 41, \"confusing\": 47, \"experience\": 66}','2024-09-06 00:30:53.907243','{}',179,'2024-09-06 00:30:53.000000','2024-09-06 00:29:34.000000'),
(430,33,0,'{\"advantage\": 50, \"trustworthy\": 56, \"frustrating\": 14, \"confusing\": 37, \"experience\": 53}','2024-09-06 14:35:24.359706','{\"code\": \"AAA123\", \"passenger\": \"Virginia Bertuzzi\", \"seat\": null}',180,'2024-09-06 14:36:43.000000','2024-09-06 14:35:02.000000'),
(431,34,1,'{\"advantage\": 64, \"trustworthy\": 62, \"frustrating\": 26, \"confusing\": 34, \"experience\": 50}','2024-09-06 14:37:53.297580','{\"location\": \"Madrid, Espa\\u00f1a\", \"startDate\": \"2024-09-20T14:37:03.000Z\", \"endDate\": \"2024-09-23T14:37:03.000Z\", \"vehicle\": {\"name\": \"Standard\", \"type\": \"sedan\", \"capType\": \"Sedan\", \"description\": \"VW Jetta\", \"capacity\": 5, \"price\": 32.99, \"img\": \"https://sitios-dp.okd.lifia.info.unlp.edu.ar/assets/standard-e51a82b7.webp\"}, \"protection\": null, \"total\": \"98.97\"}',180,'2024-09-06 14:39:12.000000','2024-09-06 14:37:03.000000'),
(432,35,1,'{\"advantage\": 71, \"trustworthy\": 71, \"frustrating\": 12, \"confusing\": 13, \"experience\": 68}','2024-09-06 14:39:00.015839','{}',180,'2024-09-06 14:40:18.000000','2024-09-06 14:39:21.000000'),
(433,36,0,'{\"advantage\": 73, \"trustworthy\": 71, \"frustrating\": 16, \"confusing\": 16, \"experience\": 76}','2024-09-06 14:40:05.819910','{\"nights\": 3, \"price\": 224.49, \"taxes\": 61.650000000000006, \"city\": \"Madrid, Espa\\u00f1a\"}',180,'2024-09-06 14:41:24.000000','2024-09-06 14:40:28.000000'),
(434,37,1,'{\"advantage\": 50, \"trustworthy\": 50, \"frustrating\": 24, \"confusing\": 25, \"experience\": 73}','2024-09-06 15:27:59.516616','{\"code\": \"AAA123\", \"passenger\": \"GABRIEL\", \"seat\": null}',181,'2024-09-06 15:29:18.000000','2024-09-06 15:27:31.000000'),
(435,38,0,'{\"advantage\": 75, \"trustworthy\": 74, \"frustrating\": 22, \"confusing\": 21, \"experience\": 75}','2024-09-06 15:31:17.679960','{\"location\": \"Madrid, Espa\\u00f1a\", \"startDate\": \"2024-09-06T15:29:49.545Z\", \"endDate\": \"2024-09-06T15:29:49.545Z\", \"vehicle\": {\"name\": \"Standard\", \"type\": \"sedan\", \"capType\": \"Sedan\", \"description\": \"VW Jetta\", \"capacity\": 5, \"price\": 32.99, \"img\": \"https://sitios-dp.okd.lifia.info.unlp.edu.ar/assets/standard-e51a82b7.webp\"}, \"protection\": null, \"total\": \"0.00\"}',181,'2024-09-06 15:32:37.000000','2024-09-06 15:29:49.000000'),
(436,39,0,'{\"advantage\": 50, \"trustworthy\": 50, \"frustrating\": 18, \"confusing\": 18, \"experience\": 19}','2024-09-06 15:34:57.828420','{}',181,'2024-09-06 15:36:17.000000','2024-09-06 15:33:10.000000'),
(437,40,1,'{\"advantage\": 50, \"trustworthy\": 50, \"frustrating\": 19, \"confusing\": 19, \"experience\": 18}','2024-09-06 15:36:58.566181','{\"nights\": 0, \"price\": 0, \"taxes\": 0, \"city\": \"Madrid, Espa\\u00f1a\"}',181,'2024-09-06 15:38:17.000000','2024-09-06 15:36:27.000000'),
(438,38,0,'{\"advantage\": 50, \"trustworthy\": 50, \"frustrating\": 50, \"confusing\": 75, \"experience\": 75}','2024-09-06 16:27:38.413023','{\"location\": \"Madrid, Espa\\u00f1a\", \"startDate\": \"2024-09-20T16:27:06.000Z\", \"endDate\": \"2024-09-22T16:27:06.000Z\", \"vehicle\": {\"name\": \"Standard\", \"type\": \"sedan\", \"capType\": \"Sedan\", \"description\": \"VW Jetta\", \"capacity\": 5, \"price\": 32.99, \"img\": \"https://sitios-dp.okd.lifia.info.unlp.edu.ar/assets/standard-e51a82b7.webp\"}, \"protection\": {\"title\": \"Cobertura B\\u00e1sica\", \"price\": 9.99}, \"total\": \"85.96\"}',182,'2024-09-06 16:28:56.000000','2024-09-06 16:26:40.000000'),
(439,35,1,'{\"advantage\": 85, \"trustworthy\": 76, \"frustrating\": 13, \"confusing\": 15, \"experience\": 75}','2024-09-06 16:29:03.597103','{}',182,'2024-09-06 16:30:21.000000','2024-09-06 16:29:10.000000'),
(440,34,1,'{\"advantage\": 72, \"trustworthy\": 67, \"frustrating\": 20, \"confusing\": 20, \"experience\": 76}','2024-09-06 16:39:15.023359','{\"location\": \"Madrid, Espa\\u00f1a\", \"startDate\": \"2024-09-20T16:34:17.000Z\", \"endDate\": \"2024-09-23T16:34:17.000Z\", \"vehicle\": {\"name\": \"Standard\", \"type\": \"sedan\", \"capType\": \"Sedan\", \"description\": \"VW Jetta\", \"capacity\": 5, \"price\": 32.99, \"img\": \"https://sitios-dp.okd.lifia.info.unlp.edu.ar/assets/standard-e51a82b7.webp\"}, \"protection\": null, \"total\": \"98.97\"}',183,'2024-09-06 16:40:33.000000','2024-09-06 16:34:17.000000'),
(441,39,0,'{\"advantage\": 83, \"trustworthy\": 82, \"frustrating\": 18, \"confusing\": 16, \"experience\": 81}','2024-09-06 17:24:35.849307','{}',184,'2024-09-06 17:25:53.000000','2024-09-06 17:25:03.000000'),
(442,37,1,'{\"advantage\": 86, \"trustworthy\": 87, \"frustrating\": 14, \"confusing\": 2, \"experience\": 93}','2024-09-06 17:26:57.082681','{\"code\": \"AAA111\", \"passenger\": \"ariel\", \"seat\": {\"value\": \"8B\", \"isVIP\": false, \"save\": true}}',184,'2024-09-06 17:28:15.000000','2024-09-06 17:26:20.000000'),
(443,40,1,'{\"advantage\": 86, \"trustworthy\": 86, \"frustrating\": 13, \"confusing\": 6, \"experience\": 82}','2024-09-06 17:28:12.446425','{\"nights\": 3, \"price\": 224.49, \"taxes\": 61.650000000000006, \"city\": \"Madrid, Espa\\u00f1a\"}',184,'2024-09-06 17:29:30.000000','2024-09-06 17:28:32.000000'),
(444,38,0,'{\"advantage\": 98, \"trustworthy\": 99, \"frustrating\": 16, \"confusing\": 13, \"experience\": 87}','2024-09-06 17:29:10.856834','{\"location\": \"Madrid, Espa\\u00f1a\", \"startDate\": \"2024-09-20T17:29:41.000Z\", \"endDate\": \"2024-09-23T17:29:41.000Z\", \"vehicle\": {\"name\": \"Standard\", \"type\": \"sedan\", \"capType\": \"Sedan\", \"description\": \"VW Jetta\", \"capacity\": 5, \"price\": 32.99, \"img\": \"https://sitios-dp.okd.lifia.info.unlp.edu.ar/assets/standard-e51a82b7.webp\"}, \"protection\": null, \"total\": \"98.97\"}',184,'2024-09-06 17:30:28.000000','2024-09-06 17:29:41.000000'),
(445,36,0,'{\"advantage\": 5, \"trustworthy\": 5, \"frustrating\": 66, \"confusing\": 70, \"experience\": 50}','2024-09-07 20:02:27.207785','{\"nights\": 3, \"price\": 224.49, \"taxes\": 61.650000000000006, \"city\": \"Madrid, Espa\\u00f1a\"}',186,'2024-09-07 20:02:26.000000','2024-09-07 19:59:39.000000'),
(446,34,1,'{\"advantage\": 1, \"trustworthy\": 1, \"frustrating\": 70, \"confusing\": 83, \"experience\": 33}','2024-09-07 20:05:11.546858','{\"location\": \"Madrid, Espa\\u00f1a\", \"startDate\": \"2024-09-20T20:02:46.000Z\", \"endDate\": \"2024-09-23T20:02:46.000Z\", \"vehicle\": {\"name\": \"Standard\", \"type\": \"sedan\", \"capType\": \"Sedan\", \"description\": \"VW Jetta\", \"capacity\": 5, \"price\": 32.99, \"img\": \"https://sitios-dp.okd.lifia.info.unlp.edu.ar/assets/standard-e51a82b7.webp\"}, \"protection\": null, \"total\": \"98.97\"}',186,'2024-09-07 20:05:11.000000','2024-09-07 20:02:46.000000'),
(447,37,1,'{\"advantage\": 0, \"trustworthy\": 20, \"frustrating\": 34, \"confusing\": 34, \"experience\": 50}','2024-09-07 20:06:16.743662','{\"code\": \"AAA123\", \"passenger\": \"fsda\", \"seat\": null}',186,'2024-09-07 20:06:16.000000','2024-09-07 20:05:22.000000'),
(448,39,0,'{\"advantage\": 17, \"trustworthy\": 18, \"frustrating\": 17, \"confusing\": 38, \"experience\": 71}','2024-09-07 20:07:18.050989','{}',186,'2024-09-07 20:07:17.000000','2024-09-07 20:06:24.000000'),
(449,39,0,'{\"advantage\": 36, \"trustworthy\": 66, \"frustrating\": 32, \"confusing\": 32, \"experience\": 60}','2024-09-09 16:50:16.135512','{}',192,'2024-09-09 16:51:32.000000','2024-09-09 16:50:30.000000'),
(450,37,1,'{\"advantage\": 66, \"trustworthy\": 63, \"frustrating\": 26, \"confusing\": 7, \"experience\": 86}','2024-09-09 16:54:23.371617','{\"code\": \"AAA123\", \"passenger\": \"lUCAS\", \"seat\": null}',192,'2024-09-09 16:55:40.000000','2024-09-09 16:51:47.000000'),
(451,40,1,'{\"advantage\": 30, \"trustworthy\": 58, \"frustrating\": 18, \"confusing\": 33, \"experience\": 64}','2024-09-09 16:56:03.770674','{\"nights\": 3, \"price\": 247.5, \"taxes\": 68.34, \"city\": \"Madrid, Espa\\u00f1a\"}',192,'2024-09-09 16:57:20.000000','2024-09-09 16:56:11.000000'),
(452,38,0,'{\"advantage\": 40, \"trustworthy\": 51, \"frustrating\": 32, \"confusing\": 43, \"experience\": 58}','2024-09-09 16:57:25.319287','{\"location\": \"Madrid, Espa\\u00f1a\", \"startDate\": \"2024-09-20T16:57:29.000Z\", \"endDate\": \"2024-09-23T16:57:29.000Z\", \"vehicle\": {\"name\": \"Standard\", \"type\": \"sedan\", \"capType\": \"Sedan\", \"description\": \"VW Jetta\", \"capacity\": 5, \"price\": 32.99, \"img\": \"https://sitios-dp.okd.lifia.info.unlp.edu.ar/assets/standard-e51a82b7.webp\"}, \"protection\": null, \"total\": \"98.97\"}',192,'2024-09-09 16:58:42.000000','2024-09-09 16:57:29.000000'),
(453,36,0,'{\"advantage\": 25, \"trustworthy\": 39, \"frustrating\": 7, \"confusing\": 0, \"experience\": 72}','2024-09-10 12:36:08.382866','{\"nights\": 3, \"price\": 224.49, \"taxes\": 61.650000000000006, \"city\": \"Madrid, Espa\\u00f1a\"}',194,'2024-09-10 12:36:08.000000','2024-09-10 12:34:08.000000'),
(454,34,1,'{\"advantage\": 19, \"trustworthy\": 31, \"frustrating\": 10, \"confusing\": 0, \"experience\": 100}','2024-09-10 12:38:42.799482','{\"location\": \"Madrid, Espa\\u00f1a\", \"startDate\": \"2024-09-20T12:36:22.000Z\", \"endDate\": \"2024-09-23T12:36:22.000Z\", \"vehicle\": {\"name\": \"Standard\", \"type\": \"sedan\", \"capType\": \"Sedan\", \"description\": \"VW Jetta\", \"capacity\": 5, \"price\": 32.99, \"img\": \"https://sitios-dp.okd.lifia.info.unlp.edu.ar/assets/standard-e51a82b7.webp\"}, \"protection\": null, \"total\": \"98.97\"}',194,'2024-09-10 12:38:42.000000','2024-09-10 12:36:22.000000'),
(455,37,1,'{\"advantage\": 8, \"trustworthy\": 18, \"frustrating\": 61, \"confusing\": 2, \"experience\": 72}','2024-09-10 12:40:40.808795','{\"code\": \"AAA123\", \"passenger\": \"Miriam Flores\", \"seat\": {\"value\": \"8B\", \"isVIP\": false, \"save\": true}}',194,'2024-09-10 12:40:40.000000','2024-09-10 12:38:51.000000'),
(456,39,0,'{\"advantage\": 23, \"trustworthy\": 68, \"frustrating\": 0, \"confusing\": 0, \"experience\": 99}','2024-09-10 12:42:57.452469','{}',194,'2024-09-10 12:42:57.000000','2024-09-10 12:40:49.000000'),
(457,40,1,'{\"advantage\": 17, \"trustworthy\": 38, \"frustrating\": 0, \"confusing\": 0, \"experience\": 63}','2024-09-10 12:51:38.304848','{\"nights\": 3, \"price\": 247.5, \"taxes\": 68.34, \"city\": \"Madrid, Espa\\u00f1a\"}',195,'2024-09-10 12:51:37.000000','2024-09-10 12:50:00.000000'),
(458,38,0,'{\"advantage\": 22, \"trustworthy\": 22, \"frustrating\": 0, \"confusing\": 0, \"experience\": 55}','2024-09-10 12:52:54.983360','{\"location\": \"Madrid, Espa\\u00f1a\", \"startDate\": \"2024-09-20T12:51:41.000Z\", \"endDate\": \"2024-09-23T12:51:41.000Z\", \"vehicle\": {\"name\": \"Standard\", \"type\": \"sedan\", \"capType\": \"Sedan\", \"description\": \"VW Jetta\", \"capacity\": 5, \"price\": 32.99, \"img\": \"https://sitios-dp.okd.lifia.info.unlp.edu.ar/assets/standard-e51a82b7.webp\"}, \"protection\": null, \"total\": \"98.97\"}',195,'2024-09-10 12:52:54.000000','2024-09-10 12:51:41.000000'),
(459,33,0,'{\"advantage\": 28, \"trustworthy\": 28, \"frustrating\": 46, \"confusing\": 27, \"experience\": 39}','2024-09-10 12:53:56.858376','{\"code\": \"AAA123\", \"passenger\": \"Sebastian Baez Escobar\", \"seat\": null}',195,'2024-09-10 12:53:56.000000','2024-09-10 12:53:08.000000'),
(460,35,1,'{\"advantage\": 36, \"trustworthy\": 36, \"frustrating\": 39, \"confusing\": 34, \"experience\": 28}','2024-09-10 12:54:30.716670','{}',195,'2024-09-10 12:54:30.000000','2024-09-10 12:54:01.000000'),
(461,33,0,'{\"advantage\": 28, \"trustworthy\": 28, \"frustrating\": 43, \"confusing\": 12, \"experience\": 50}','2024-09-10 13:15:40.909469','{\"code\": \"AAA123\", \"passenger\": \"Pedro \\u00c1lvarez\", \"seat\": null}',196,'2024-09-10 13:15:40.000000','2024-09-10 13:13:47.000000'),
(462,34,1,'{\"advantage\": 39, \"trustworthy\": 65, \"frustrating\": 39, \"confusing\": 22, \"experience\": 66}','2024-09-10 13:18:11.193427','{\"location\": \"Madrid, Espa\\u00f1a\", \"startDate\": \"2024-09-20T13:15:52.000Z\", \"endDate\": \"2024-09-23T13:15:52.000Z\", \"vehicle\": {\"name\": \"Standard\", \"type\": \"sedan\", \"capType\": \"Sedan\", \"description\": \"VW Jetta\", \"capacity\": 5, \"price\": 32.99, \"img\": \"https://sitios-dp.okd.lifia.info.unlp.edu.ar/assets/standard-e51a82b7.webp\"}, \"protection\": null, \"total\": \"98.97\"}',196,'2024-09-10 13:18:10.000000','2024-09-10 13:15:52.000000'),
(463,35,1,'{\"advantage\": 72, \"trustworthy\": 72, \"frustrating\": 8, \"confusing\": 9, \"experience\": 73}','2024-09-10 13:18:57.370592','{}',196,'2024-09-10 13:18:56.000000','2024-09-10 13:18:18.000000'),
(464,36,0,'{\"advantage\": 61, \"trustworthy\": 61, \"frustrating\": 20, \"confusing\": 20, \"experience\": 76}','2024-09-10 13:20:24.770642','{\"nights\": 3, \"price\": 224.49, \"taxes\": 61.650000000000006, \"city\": \"Madrid, Espa\\u00f1a\"}',196,'2024-09-10 13:20:24.000000','2024-09-10 13:19:05.000000'),
(465,37,1,'{\"advantage\": 61, \"trustworthy\": 61, \"frustrating\": 50, \"confusing\": 50, \"experience\": 61}','2024-09-10 13:24:13.647773','{\"code\": \"AAA123\", \"passenger\": \"Ezequiel Arbeletche\", \"seat\": null}',197,'2024-09-10 13:24:14.000000','2024-09-10 13:22:08.000000'),
(466,38,0,'{\"advantage\": 40, \"trustworthy\": 54, \"frustrating\": 30, \"confusing\": 32, \"experience\": 64}','2024-09-10 13:34:52.565058','{\"location\": \"Madrid, Espa\\u00f1a\", \"startDate\": \"2024-09-20T13:24:36.000Z\", \"endDate\": \"2024-09-23T13:24:36.000Z\", \"vehicle\": {\"name\": \"Standard\", \"type\": \"sedan\", \"capType\": \"Sedan\", \"description\": \"VW Jetta\", \"capacity\": 5, \"price\": 32.99, \"img\": \"https://sitios-dp.okd.lifia.info.unlp.edu.ar/assets/standard-e51a82b7.webp\"}, \"protection\": null, \"total\": \"98.97\"}',197,'2024-09-10 13:34:53.000000','2024-09-10 13:24:35.000000'),
(467,39,0,'{\"advantage\": 26, \"trustworthy\": 50, \"frustrating\": 17, \"confusing\": 19, \"experience\": 78}','2024-09-10 13:39:58.470512','{}',197,'2024-09-10 13:39:59.000000','2024-09-10 13:35:40.000000'),
(468,40,1,'{\"advantage\": 50, \"trustworthy\": 50, \"frustrating\": 55, \"confusing\": 17, \"experience\": 55}','2024-09-10 13:45:58.849278','{\"nights\": 3, \"price\": 224.49, \"taxes\": 61.650000000000006, \"city\": \"Madrid, Espa\\u00f1a\"}',197,'2024-09-10 13:45:59.000000','2024-09-10 13:43:58.000000'),
(469,34,1,'{\"advantage\": 72, \"trustworthy\": 73, \"frustrating\": 41, \"confusing\": 56, \"experience\": 58}','2024-09-10 20:19:43.539680','{\"location\": \"Madrid, Espa\\u00f1a\", \"startDate\": \"2024-09-20T20:17:40.000Z\", \"endDate\": \"2024-09-23T20:17:40.000Z\", \"vehicle\": {\"name\": \"Standard\", \"type\": \"sedan\", \"capType\": \"Sedan\", \"description\": \"VW Jetta\", \"capacity\": 5, \"price\": 32.99, \"img\": \"https://sitios-dp.okd.lifia.info.unlp.edu.ar/assets/standard-e51a82b7.webp\"}, \"protection\": null, \"total\": \"98.97\"}',199,'2024-09-10 20:19:43.000000','2024-09-10 20:17:40.000000'),
(470,39,0,'{\"advantage\": 37, \"trustworthy\": 59, \"frustrating\": 78, \"confusing\": 42, \"experience\": 66}','2024-09-10 20:20:34.795228','{}',199,'2024-09-10 20:20:34.000000','2024-09-10 20:19:53.000000'),
(471,36,0,'{\"advantage\": 50, \"trustworthy\": 54, \"frustrating\": 56, \"confusing\": 59, \"experience\": 42}','2024-09-10 20:21:52.015523','{\"nights\": 3, \"price\": 224.49, \"taxes\": 61.650000000000006, \"city\": \"Madrid, Espa\\u00f1a\"}',199,'2024-09-10 20:21:51.000000','2024-09-10 20:20:43.000000'),
(472,37,1,'{\"advantage\": 100, \"trustworthy\": 25, \"frustrating\": 63, \"confusing\": 64, \"experience\": 23}','2024-09-10 20:23:55.528701','{\"code\": \"AAA123\", \"passenger\": \"juan perez\", \"seat\": null}',199,'2024-09-10 20:23:55.000000','2024-09-10 20:22:08.000000'),
(473,39,0,'{\"advantage\": 77, \"trustworthy\": 78, \"frustrating\": 4, \"confusing\": 2, \"experience\": 77}','2024-09-10 20:28:12.797338','{}',200,'2024-09-10 20:28:12.000000','2024-09-10 20:27:26.000000'),
(474,37,1,'{\"advantage\": 72, \"trustworthy\": 74, \"frustrating\": 77, \"confusing\": 50, \"experience\": 75}','2024-09-10 20:29:37.411571','{\"code\": \"AAA123\", \"passenger\": \"zz\", \"seat\": null}',200,'2024-09-10 20:29:37.000000','2024-09-10 20:28:32.000000'),
(475,40,1,'{\"advantage\": 76, \"trustworthy\": 81, \"frustrating\": 8, \"confusing\": 12, \"experience\": 78}','2024-09-10 20:31:07.405582','{\"nights\": 3, \"price\": 224.49, \"taxes\": 61.650000000000006, \"city\": \"Madrid, Espa\\u00f1a\"}',200,'2024-09-10 20:31:07.000000','2024-09-10 20:29:47.000000'),
(476,38,0,'{\"advantage\": 78, \"trustworthy\": 79, \"frustrating\": 8, \"confusing\": 26, \"experience\": 80}','2024-09-10 20:32:48.526653','{\"location\": \"Madrid, Espa\\u00f1a\", \"startDate\": \"2024-09-20T20:31:23.000Z\", \"endDate\": \"2024-09-23T20:31:23.000Z\", \"vehicle\": {\"name\": \"Standard\", \"type\": \"sedan\", \"capType\": \"Sedan\", \"description\": \"VW Jetta\", \"capacity\": 5, \"price\": 32.99, \"img\": \"https://sitios-dp.okd.lifia.info.unlp.edu.ar/assets/standard-e51a82b7.webp\"}, \"protection\": null, \"total\": \"98.97\"}',200,'2024-09-10 20:32:47.000000','2024-09-10 20:31:22.000000'),
(477,40,1,'{\"advantage\": 28, \"trustworthy\": 32, \"frustrating\": 46, \"confusing\": 64, \"experience\": 36}','2024-09-10 20:39:52.175633','{\"nights\": 3, \"price\": 224.49, \"taxes\": 61.650000000000006, \"city\": \"Madrid, Espa\\u00f1a\"}',201,'2024-09-10 20:39:52.000000','2024-09-10 20:37:18.000000'),
(478,33,0,'{\"advantage\": 63, \"trustworthy\": 62, \"frustrating\": 42, \"confusing\": 57, \"experience\": 56}','2024-09-10 20:41:33.754067','{\"code\": \"AAA123\", \"passenger\": \"MMNN\", \"seat\": null}',201,'2024-09-10 20:41:33.000000','2024-09-10 20:40:11.000000'),
(479,36,0,'{\"advantage\": 70, \"trustworthy\": 27, \"frustrating\": 59, \"confusing\": 59, \"experience\": 36}','2024-09-10 20:43:14.778087','{\"nights\": 3, \"price\": 224.49, \"taxes\": 61.650000000000006, \"city\": \"Madrid, Espa\\u00f1a\"}',201,'2024-09-10 20:43:14.000000','2024-09-10 20:41:48.000000'),
(480,34,1,'{\"advantage\": 65, \"trustworthy\": 64, \"frustrating\": 59, \"confusing\": 57, \"experience\": 37}','2024-09-10 20:45:55.582716','{\"location\": \"Madrid, Espa\\u00f1a\", \"startDate\": \"2024-09-20T20:43:25.000Z\", \"endDate\": \"2024-09-23T20:43:25.000Z\", \"vehicle\": {\"name\": \"Standard\", \"type\": \"sedan\", \"capType\": \"Sedan\", \"description\": \"VW Jetta\", \"capacity\": 5, \"price\": 32.99, \"img\": \"https://sitios-dp.okd.lifia.info.unlp.edu.ar/assets/standard-e51a82b7.webp\"}, \"protection\": null, \"total\": \"98.97\"}',201,'2024-09-10 20:45:55.000000','2024-09-10 20:43:25.000000'),
(481,36,0,'{\"advantage\": 100, \"trustworthy\": 65, \"frustrating\": 0, \"confusing\": 0, \"experience\": 100}','2024-09-10 20:48:45.024485','{\"nights\": 3, \"price\": 224.49, \"taxes\": 61.650000000000006, \"city\": \"Madrid, Espa\\u00f1a\"}',202,'2024-09-10 20:48:44.000000','2024-09-10 20:46:25.000000'),
(482,34,1,'{\"advantage\": 80, \"trustworthy\": 100, \"frustrating\": 0, \"confusing\": 0, \"experience\": 100}','2024-09-10 20:50:52.112892','{\"location\": \"Madrid, Espa\\u00f1a\", \"startDate\": \"2024-09-20T20:48:52.000Z\", \"endDate\": \"2024-09-23T20:48:52.000Z\", \"vehicle\": {\"name\": \"Standard\", \"type\": \"sedan\", \"capType\": \"Sedan\", \"description\": \"VW Jetta\", \"capacity\": 5, \"price\": 32.99, \"img\": \"https://sitios-dp.okd.lifia.info.unlp.edu.ar/assets/standard-e51a82b7.webp\"}, \"protection\": {\"title\": \"Cobertura B\\u00e1sica\", \"price\": 9.99}, \"total\": \"128.94\"}',202,'2024-09-10 20:50:52.000000','2024-09-10 20:48:51.000000'),
(483,37,1,'{\"advantage\": 100, \"trustworthy\": 87, \"frustrating\": 0, \"confusing\": 0, \"experience\": 100}','2024-09-10 20:52:03.466594','{\"code\": \"AAA123\", \"passenger\": \"CAROLINA CARRIZO\", \"seat\": null}',202,'2024-09-10 20:52:03.000000','2024-09-10 20:50:55.000000'),
(484,39,0,'{\"advantage\": 100, \"trustworthy\": 100, \"frustrating\": 0, \"confusing\": 0, \"experience\": 100}','2024-09-10 20:52:57.402749','{}',202,'2024-09-10 20:52:57.000000','2024-09-10 20:52:07.000000'),
(485,40,1,'{\"advantage\": 84, \"trustworthy\": 82, \"frustrating\": 0, \"confusing\": 11, \"experience\": 94}','2024-09-10 21:22:57.498354','{\"nights\": 3, \"price\": 224.49, \"taxes\": 61.650000000000006, \"city\": \"Madrid, Espa\\u00f1a\"}',203,'2024-09-10 21:22:58.000000','2024-09-10 21:19:54.000000'),
(486,38,0,'{\"advantage\": 72, \"trustworthy\": 70, \"frustrating\": 0, \"confusing\": 0, \"experience\": 100}','2024-09-10 21:25:52.364575','{\"location\": \"Madrid, Espa\\u00f1a\", \"startDate\": \"2024-09-20T21:23:11.000Z\", \"endDate\": \"2024-09-23T21:23:11.000Z\", \"vehicle\": {\"name\": \"Standard\", \"type\": \"sedan\", \"capType\": \"Sedan\", \"description\": \"VW Jetta\", \"capacity\": 5, \"price\": 32.99, \"img\": \"https://sitios-dp.okd.lifia.info.unlp.edu.ar/assets/standard-e51a82b7.webp\"}, \"protection\": null, \"total\": \"98.97\"}',203,'2024-09-10 21:25:52.000000','2024-09-10 21:23:10.000000'),
(487,33,0,'{\"advantage\": 84, \"trustworthy\": 84, \"frustrating\": 0, \"confusing\": 10, \"experience\": 50}','2024-09-10 21:26:26.916610','{\"code\": \"AAA123\", \"passenger\": \"Ana DAnna \", \"seat\": {\"value\": \"8E\", \"isVIP\": false, \"save\": true}}',204,'2024-09-10 21:26:25.000000','2024-09-10 21:24:10.000000'),
(488,34,1,'{\"advantage\": 70, \"trustworthy\": 71, \"frustrating\": 0, \"confusing\": 5, \"experience\": 50}','2024-09-10 21:28:11.883855','{\"location\": \"Barcelona, Espa\\u00f1a\", \"startDate\": \"2024-09-20T21:26:36.000Z\", \"endDate\": \"2024-09-23T21:26:36.000Z\", \"vehicle\": {\"name\": \"Standard\", \"type\": \"sedan\", \"capType\": \"Sedan\", \"description\": \"VW Jetta\", \"capacity\": 5, \"price\": 32.99, \"img\": \"https://sitios-dp.okd.lifia.info.unlp.edu.ar/assets/standard-e51a82b7.webp\"}, \"protection\": null, \"total\": \"98.97\"}',204,'2024-09-10 21:28:10.000000','2024-09-10 21:26:35.000000'),
(489,37,1,'{\"advantage\": 0, \"trustworthy\": 50, \"frustrating\": 50, \"confusing\": 77, \"experience\": 50}','2024-09-10 21:28:12.864238','{\"code\": \"AAA123\", \"passenger\": \"Lucia Berterreix\", \"seat\": null}',205,'2024-09-10 21:28:13.000000','2024-09-10 21:26:30.000000'),
(490,35,1,'{\"advantage\": 75, \"trustworthy\": 75, \"frustrating\": 0, \"confusing\": 0, \"experience\": 50}','2024-09-10 21:29:01.407613','{}',204,'2024-09-10 21:28:59.000000','2024-09-10 21:28:17.000000'),
(491,36,0,'{\"advantage\": 80, \"trustworthy\": 80, \"frustrating\": 0, \"confusing\": 0, \"experience\": 50}','2024-09-10 21:30:12.335738','{\"nights\": 3, \"price\": 224.49, \"taxes\": 61.650000000000006, \"city\": \"Madrid, Espa\\u00f1a\"}',204,'2024-09-10 21:30:10.000000','2024-09-10 21:29:10.000000'),
(492,38,0,'{\"advantage\": 0, \"trustworthy\": 20, \"frustrating\": 50, \"confusing\": 50, \"experience\": 50}','2024-09-10 21:30:44.720591','{\"location\": \"Madrid, Espa\\u00f1a\", \"startDate\": \"2024-09-20T21:28:18.000Z\", \"endDate\": \"2024-09-23T21:28:18.000Z\", \"vehicle\": {\"name\": \"Standard\", \"type\": \"sedan\", \"capType\": \"Sedan\", \"description\": \"VW Jetta\", \"capacity\": 5, \"price\": 32.99, \"img\": \"https://sitios-dp.okd.lifia.info.unlp.edu.ar/assets/standard-e51a82b7.webp\"}, \"protection\": null, \"total\": \"98.97\"}',205,'2024-09-10 21:30:44.000000','2024-09-10 21:28:17.000000'),
(493,39,0,'{\"advantage\": 0, \"trustworthy\": 21, \"frustrating\": 50, \"confusing\": 50, \"experience\": 100}','2024-09-10 21:31:24.524010','{}',205,'2024-09-10 21:31:24.000000','2024-09-10 21:30:51.000000'),
(494,40,1,'{\"advantage\": 0, \"trustworthy\": 50, \"frustrating\": 50, \"confusing\": 50, \"experience\": 100}','2024-09-10 21:33:52.082872','{\"nights\": 3, \"price\": 224.49, \"taxes\": 61.650000000000006, \"city\": \"Madrid, Espa\\u00f1a\"}',205,'2024-09-10 21:33:52.000000','2024-09-10 21:31:36.000000'),
(495,38,0,'{\"advantage\": 44, \"trustworthy\": 38, \"frustrating\": 62, \"confusing\": 73, \"experience\": 33}','2024-09-10 21:48:52.809559','{\"location\": \"Madrid, Espa\\u00f1a\", \"startDate\": \"2024-09-20T21:47:15.000Z\", \"endDate\": \"2024-09-23T21:47:15.000Z\", \"vehicle\": {\"name\": \"Standard\", \"type\": \"sedan\", \"capType\": \"Sedan\", \"description\": \"VW Jetta\", \"capacity\": 5, \"price\": 32.99, \"img\": \"https://sitios-dp.okd.lifia.info.unlp.edu.ar/assets/standard-e51a82b7.webp\"}, \"protection\": null, \"total\": \"98.97\"}',206,'2024-09-10 21:48:52.000000','2024-09-10 21:47:14.000000'),
(496,35,1,'{\"advantage\": 100, \"trustworthy\": 30, \"frustrating\": 100, \"confusing\": 77, \"experience\": 6}','2024-09-10 21:49:38.580535','{}',206,'2024-09-10 21:49:38.000000','2024-09-10 21:48:58.000000'),
(497,40,1,'{\"advantage\": 11, \"trustworthy\": 4, \"frustrating\": 99, \"confusing\": 81, \"experience\": 6}','2024-09-10 21:51:09.307412','{\"nights\": 3, \"price\": 247.5, \"taxes\": 68.34, \"city\": \"Madrid, Espa\\u00f1a\"}',206,'2024-09-10 21:51:09.000000','2024-09-10 21:49:46.000000'),
(498,33,0,'{\"advantage\": 21, \"trustworthy\": 50, \"frustrating\": 70, \"confusing\": 77, \"experience\": 35}','2024-09-10 21:51:53.532540','{\"code\": \"aaa123\", \"passenger\": \"Cosme Fulanito\", \"seat\": null}',206,'2024-09-10 21:51:53.000000','2024-09-10 21:51:18.000000'),
(499,39,0,'{\"advantage\": 37, \"trustworthy\": 27, \"frustrating\": 0, \"confusing\": 0, \"experience\": 100}','2024-09-10 23:05:12.404587','{}',208,'2024-09-10 23:05:11.000000','2024-09-10 23:03:35.000000'),
(500,37,1,'{\"advantage\": 100, \"trustworthy\": 100, \"frustrating\": 0, \"confusing\": 0, \"experience\": 100}','2024-09-10 23:06:17.761595','{\"code\": \"AAA123\", \"passenger\": \"juan minujin\", \"seat\": null}',208,'2024-09-10 23:06:17.000000','2024-09-10 23:05:23.000000'),
(501,40,1,'{\"advantage\": 38, \"trustworthy\": 36, \"frustrating\": 0, \"confusing\": 0, \"experience\": 99}','2024-09-10 23:08:16.356178','{\"nights\": 3, \"price\": 224.49, \"taxes\": 61.650000000000006, \"city\": \"Madrid, Espa\\u00f1a\"}',208,'2024-09-10 23:08:15.000000','2024-09-10 23:06:30.000000'),
(502,38,0,'{\"advantage\": 42, \"trustworthy\": 43, \"frustrating\": 13, \"confusing\": 14, \"experience\": 68}','2024-09-10 23:10:08.243867','{\"location\": \"Madrid, Espa\\u00f1a\", \"startDate\": \"2024-09-20T23:08:22.000Z\", \"endDate\": \"2024-09-23T23:08:22.000Z\", \"vehicle\": {\"name\": \"Standard\", \"type\": \"sedan\", \"capType\": \"Sedan\", \"description\": \"VW Jetta\", \"capacity\": 5, \"price\": 32.99, \"img\": \"https://sitios-dp.okd.lifia.info.unlp.edu.ar/assets/standard-e51a82b7.webp\"}, \"protection\": null, \"total\": \"98.97\"}',208,'2024-09-10 23:10:07.000000','2024-09-10 23:08:22.000000'),
(503,36,0,'{\"advantage\": 100, \"trustworthy\": 30, \"frustrating\": 0, \"confusing\": 0, \"experience\": 65}','2024-09-10 23:16:38.750684','{\"nights\": 3, \"price\": 224.49, \"taxes\": 61.650000000000006, \"city\": \"Madrid, Espa\\u00f1a\"}',210,'2024-09-10 23:16:38.000000','2024-09-10 23:15:16.000000'),
(504,40,1,'{\"advantage\": 50, \"trustworthy\": 50, \"frustrating\": 75, \"confusing\": 15, \"experience\": 50}','2024-09-10 23:16:48.485325','{\"nights\": 3, \"price\": 224.49, \"taxes\": 61.650000000000006, \"city\": \"Madrid, Espa\\u00f1a\"}',209,'2024-09-10 23:16:47.000000','2024-09-10 23:14:34.000000'),
(505,34,1,'{\"advantage\": 100, \"trustworthy\": 35, \"frustrating\": 0, \"confusing\": 0, \"experience\": 78}','2024-09-10 23:18:23.079845','{\"location\": \"Madrid, Espa\\u00f1a\", \"startDate\": \"2024-09-20T23:16:44.000Z\", \"endDate\": \"2024-09-23T23:16:44.000Z\", \"vehicle\": {\"name\": \"Standard\", \"type\": \"sedan\", \"capType\": \"Sedan\", \"description\": \"VW Jetta\", \"capacity\": 5, \"price\": 32.99, \"img\": \"https://sitios-dp.okd.lifia.info.unlp.edu.ar/assets/standard-e51a82b7.webp\"}, \"protection\": null, \"total\": \"98.97\"}',210,'2024-09-10 23:18:22.000000','2024-09-10 23:16:44.000000'),
(506,33,0,'{\"advantage\": 10, \"trustworthy\": 50, \"frustrating\": 83, \"confusing\": 83, \"experience\": 50}','2024-09-10 23:18:49.580498','{\"code\": \"AAA123\", \"passenger\": \"Federico Orlando\", \"seat\": null}',209,'2024-09-10 23:18:48.000000','2024-09-10 23:17:05.000000'),
(507,40,1,'{\"advantage\": 70, \"trustworthy\": 70, \"frustrating\": 0, \"confusing\": 0, \"experience\": 100}','2024-09-10 23:19:57.087685','{\"nights\": 3, \"price\": 224.49, \"taxes\": 61.650000000000006, \"city\": \"Madrid, Espa\\u00f1a\"}',211,'2024-09-10 23:19:58.000000','2024-09-10 23:17:31.000000'),
(508,36,0,'{\"advantage\": 70, \"trustworthy\": 50, \"frustrating\": 30, \"confusing\": 31, \"experience\": 73}','2024-09-10 23:20:17.755560','{\"nights\": 3, \"price\": 224.49, \"taxes\": 61.650000000000006, \"city\": \"Madrid, Espa\\u00f1a\"}',209,'2024-09-10 23:20:16.000000','2024-09-10 23:19:06.000000'),
(509,33,0,'{\"advantage\": 50, \"trustworthy\": 50, \"frustrating\": 0, \"confusing\": 0, \"experience\": 100}','2024-09-10 23:21:06.191202','{\"code\": \"AAA123\", \"passenger\": \"MARTIN ANDRES\", \"seat\": {\"value\": \"4D\", \"isVIP\": false, \"save\": false}}',212,'2024-09-10 23:21:05.000000','2024-09-10 23:19:54.000000'),
(510,34,1,'{\"advantage\": 25, \"trustworthy\": 50, \"frustrating\": 50, \"confusing\": 27, \"experience\": 50}','2024-09-10 23:22:32.317856','{\"location\": \"Madrid, Espa\\u00f1a\", \"startDate\": \"2024-09-20T23:20:23.000Z\", \"endDate\": \"2024-09-23T23:20:23.000Z\", \"vehicle\": {\"name\": \"Standard\", \"type\": \"sedan\", \"capType\": \"Sedan\", \"description\": \"VW Jetta\", \"capacity\": 5, \"price\": 32.99, \"img\": \"https://sitios-dp.okd.lifia.info.unlp.edu.ar/assets/standard-e51a82b7.webp\"}, \"protection\": null, \"total\": \"98.97\"}',209,'2024-09-10 23:22:31.000000','2024-09-10 23:20:23.000000'),
(511,38,0,'{\"advantage\": 25, \"trustworthy\": 26, \"frustrating\": 81, \"confusing\": 50, \"experience\": 39}','2024-09-10 23:22:48.344997','{\"location\": \"Madrid, Espa\\u00f1a\", \"startDate\": \"2024-09-20T23:20:11.000Z\", \"endDate\": \"2024-09-23T23:20:11.000Z\", \"vehicle\": {\"name\": \"Standard\", \"type\": \"sedan\", \"capType\": \"Sedan\", \"description\": \"VW Jetta\", \"capacity\": 5, \"price\": 32.99, \"img\": \"https://sitios-dp.okd.lifia.info.unlp.edu.ar/assets/standard-e51a82b7.webp\"}, \"protection\": {\"title\": \"Cobertura B\\u00e1sica\", \"price\": 9.99}, \"total\": \"128.94\"}',211,'2024-09-10 23:22:49.000000','2024-09-10 23:20:10.000000'),
(512,34,1,'{\"advantage\": 50, \"trustworthy\": 50, \"frustrating\": 0, \"confusing\": 0, \"experience\": 100}','2024-09-10 23:22:49.877978','{\"location\": \"Barcelona, Espa\\u00f1a\", \"startDate\": \"2024-09-20T23:21:19.000Z\", \"endDate\": \"2024-09-23T23:21:19.000Z\", \"vehicle\": {\"name\": \"Standard\", \"type\": \"sedan\", \"capType\": \"Sedan\", \"description\": \"VW Jetta\", \"capacity\": 5, \"price\": 32.99, \"img\": \"https://sitios-dp.okd.lifia.info.unlp.edu.ar/assets/standard-e51a82b7.webp\"}, \"protection\": null, \"total\": \"98.97\"}',212,'2024-09-10 23:22:49.000000','2024-09-10 23:21:18.000000'),
(513,35,1,'{\"advantage\": 48, \"trustworthy\": 50, \"frustrating\": 0, \"confusing\": 0, \"experience\": 100}','2024-09-10 23:24:00.422586','{}',212,'2024-09-10 23:24:00.000000','2024-09-10 23:23:00.000000'),
(514,36,0,'{\"advantage\": 50, \"trustworthy\": 50, \"frustrating\": 0, \"confusing\": 0, \"experience\": 100}','2024-09-10 23:25:40.994699','{\"nights\": 3, \"price\": 224.49, \"taxes\": 61.650000000000006, \"city\": \"Madrid, Espa\\u00f1a\"}',212,'2024-09-10 23:25:40.000000','2024-09-10 23:24:07.000000'),
(515,33,0,'{\"advantage\": 29, \"trustworthy\": 100, \"frustrating\": 50, \"confusing\": 0, \"experience\": 29}','2024-09-10 23:31:35.565418','{\"code\": \"AAA333\", \"passenger\": \"Andrea Paz\", \"seat\": null}',211,'2024-09-10 23:31:36.000000','2024-09-10 23:23:28.000000'),
(516,35,1,'{\"advantage\": 100, \"trustworthy\": 100, \"frustrating\": 0, \"confusing\": 0, \"experience\": 100}','2024-09-10 23:33:19.866003','{}',211,'2024-09-10 23:33:20.000000','2024-09-10 23:31:45.000000'),
(517,37,1,'{\"advantage\": 100, \"trustworthy\": 100, \"frustrating\": 0, \"confusing\": 0, \"experience\": 0}','2024-09-10 23:34:24.568539','{\"code\": \"AAA123\", \"passenger\": \"Alejandro Gomez\", \"seat\": null}',210,'2024-09-10 23:34:24.000000','2024-09-10 23:18:25.000000'),
(518,39,0,'{\"advantage\": 100, \"trustworthy\": 100, \"frustrating\": 0, \"confusing\": 0, \"experience\": 0}','2024-09-10 23:35:01.482719','{}',210,'2024-09-10 23:35:01.000000','2024-09-10 23:34:26.000000'),
(519,37,1,'{\"advantage\": 32, \"trustworthy\": 36, \"frustrating\": 71, \"confusing\": 87, \"experience\": 25}','2024-09-11 01:24:39.191499','{\"code\": \"AAA123\", \"passenger\": \"Martin Tau\", \"seat\": null}',213,'2024-09-11 01:24:58.000000','2024-09-11 01:22:51.000000'),
(520,38,0,'{\"advantage\": 87, \"trustworthy\": 78, \"frustrating\": 34, \"confusing\": 8, \"experience\": 83}','2024-09-11 01:26:13.827887','{\"location\": \"Madrid, Espa\\u00f1a\", \"startDate\": \"2024-09-21T01:24:48.000Z\", \"endDate\": \"2024-09-24T01:24:48.000Z\", \"vehicle\": {\"name\": \"Standard\", \"type\": \"sedan\", \"capType\": \"Sedan\", \"description\": \"VW Jetta\", \"capacity\": 5, \"price\": 32.99, \"img\": \"https://sitios-dp.okd.lifia.info.unlp.edu.ar/assets/standard-e51a82b7.webp\"}, \"protection\": null, \"total\": \"98.97\"}',214,'2024-09-11 01:26:13.000000','2024-09-11 01:24:48.000000'),
(521,38,0,'{\"advantage\": 50, \"trustworthy\": 50, \"frustrating\": 59, \"confusing\": 60, \"experience\": 50}','2024-09-11 01:28:17.646020','{\"location\": \"Madrid, Espa\\u00f1a\", \"startDate\": \"2024-09-21T01:25:31.000Z\", \"endDate\": \"2024-09-24T01:25:31.000Z\", \"vehicle\": {\"name\": \"Standard\", \"type\": \"sedan\", \"capType\": \"Sedan\", \"description\": \"VW Jetta\", \"capacity\": 5, \"price\": 32.99, \"img\": \"https://sitios-dp.okd.lifia.info.unlp.edu.ar/assets/standard-e51a82b7.webp\"}, \"protection\": null, \"total\": \"98.97\"}',213,'2024-09-11 01:28:36.000000','2024-09-11 01:25:31.000000'),
(522,39,0,'{\"advantage\": 35, \"trustworthy\": 50, \"frustrating\": 38, \"confusing\": 43, \"experience\": 66}','2024-09-11 01:29:30.045341','{}',213,'2024-09-11 01:29:49.000000','2024-09-11 01:28:50.000000'),
(523,40,1,'{\"advantage\": 42, \"trustworthy\": 40, \"frustrating\": 62, \"confusing\": 53, \"experience\": 43}','2024-09-11 01:32:14.659767','{\"nights\": 3, \"price\": 224.49, \"taxes\": 61.650000000000006, \"city\": \"Madrid, Espa\\u00f1a\"}',213,'2024-09-11 01:32:33.000000','2024-09-11 01:30:12.000000'),
(524,34,1,'{\"advantage\": 50, \"trustworthy\": 50, \"frustrating\": 0, \"confusing\": 0, \"experience\": 100}','2024-09-11 01:57:54.909328','{\"location\": \"Madrid, Espa\\u00f1a\", \"startDate\": \"2024-09-21T01:54:00.000Z\", \"endDate\": \"2024-09-24T01:54:00.000Z\", \"vehicle\": {\"name\": \"Standard\", \"type\": \"sedan\", \"capType\": \"Sedan\", \"description\": \"VW Jetta\", \"capacity\": 5, \"price\": 32.99, \"img\": \"https://sitios-dp.okd.lifia.info.unlp.edu.ar/assets/standard-e51a82b7.webp\"}, \"protection\": null, \"total\": \"98.97\"}',215,'2024-09-11 01:57:55.000000','2024-09-11 01:53:59.000000'),
(525,39,0,'{\"advantage\": 68, \"trustworthy\": 61, \"frustrating\": 0, \"confusing\": 0, \"experience\": 100}','2024-09-11 01:58:36.485931','{}',215,'2024-09-11 01:58:37.000000','2024-09-11 01:58:03.000000'),
(526,36,0,'{\"advantage\": 50, \"trustworthy\": 43, \"frustrating\": 0, \"confusing\": 0, \"experience\": 60}','2024-09-11 02:01:00.151089','{\"nights\": 3, \"price\": 224.49, \"taxes\": 61.650000000000006, \"city\": \"Madrid, Espa\\u00f1a\"}',215,'2024-09-11 02:01:00.000000','2024-09-11 01:58:59.000000'),
(527,37,1,'{\"advantage\": 71, \"trustworthy\": 71, \"frustrating\": 0, \"confusing\": 0, \"experience\": 73}','2024-09-11 02:02:05.395663','{\"code\": \"AAA123\", \"passenger\": \"Roberto Lopez\", \"seat\": null}',215,'2024-09-11 02:02:06.000000','2024-09-11 02:01:17.000000'),
(528,39,0,'{\"advantage\": 69, \"trustworthy\": 69, \"frustrating\": 31, \"confusing\": 31, \"experience\": 69}','2024-09-11 10:57:10.345869','{}',216,'2024-09-11 10:57:11.000000','2024-09-11 10:54:47.000000'),
(529,37,1,'{\"advantage\": 39, \"trustworthy\": 39, \"frustrating\": 18, \"confusing\": 88, \"experience\": 18}','2024-09-11 11:02:36.893297','{\"code\": \"AAA123\", \"passenger\": \"Rodr\\u00edguez Juan\", \"seat\": null}',216,'2024-09-11 11:02:38.000000','2024-09-11 10:57:28.000000'),
(530,40,1,'{\"advantage\": 24, \"trustworthy\": 23, \"frustrating\": 39, \"confusing\": 25, \"experience\": 77}','2024-09-11 11:06:00.120299','{\"nights\": 3, \"price\": 224.49, \"taxes\": 61.650000000000006, \"city\": \"Madrid, Espa\\u00f1a\"}',216,'2024-09-11 11:06:01.000000','2024-09-11 11:02:52.000000'),
(531,38,0,'{\"advantage\": 65, \"trustworthy\": 64, \"frustrating\": 37, \"confusing\": 37, \"experience\": 64}','2024-09-11 11:07:54.683353','{\"location\": \"Madrid, Espa\\u00f1a\", \"startDate\": \"2024-09-20T11:06:11.000Z\", \"endDate\": \"2024-09-23T11:06:11.000Z\", \"vehicle\": {\"name\": \"Standard\", \"type\": \"sedan\", \"capType\": \"Sedan\", \"description\": \"VW Jetta\", \"capacity\": 5, \"price\": 32.99, \"img\": \"https://sitios-dp.okd.lifia.info.unlp.edu.ar/assets/standard-e51a82b7.webp\"}, \"protection\": null, \"total\": \"98.97\"}',216,'2024-09-11 11:07:56.000000','2024-09-11 11:06:11.000000'),
(532,40,1,'{\"advantage\": 82, \"trustworthy\": 63, \"frustrating\": 0, \"confusing\": 0, \"experience\": 86}','2024-09-11 12:24:07.355661','{\"nights\": 3, \"price\": 224.49, \"taxes\": 61.650000000000006, \"city\": \"Madrid, Espa\\u00f1a\"}',217,'2024-09-11 12:24:08.000000','2024-09-11 12:22:25.000000'),
(533,33,0,'{\"advantage\": 64, \"trustworthy\": 53, \"frustrating\": 100, \"confusing\": 97, \"experience\": 33}','2024-09-11 12:26:07.410235','{\"code\": \"AAA123\", \"passenger\": \"A BC\", \"seat\": null}',217,'2024-09-11 12:26:08.000000','2024-09-11 12:24:16.000000'),
(534,36,0,'{\"advantage\": 98, \"trustworthy\": 100, \"frustrating\": 0, \"confusing\": 10, \"experience\": 100}','2024-09-11 12:27:21.316203','{\"nights\": 3, \"price\": 224.49, \"taxes\": 61.650000000000006, \"city\": \"Madrid, Espa\\u00f1a\"}',217,'2024-09-11 12:27:22.000000','2024-09-11 12:26:11.000000'),
(535,34,1,'{\"advantage\": 16, \"trustworthy\": 15, \"frustrating\": 0, \"confusing\": 0, \"experience\": 37}','2024-09-11 12:28:43.599026','{\"location\": \"Madrid, Espa\\u00f1a\", \"startDate\": \"2024-09-20T12:27:27.000Z\", \"endDate\": \"2024-09-23T12:27:27.000Z\", \"vehicle\": {\"name\": \"Standard\", \"type\": \"sedan\", \"capType\": \"Sedan\", \"description\": \"VW Jetta\", \"capacity\": 5, \"price\": 32.99, \"img\": \"https://sitios-dp.okd.lifia.info.unlp.edu.ar/assets/standard-e51a82b7.webp\"}, \"protection\": null, \"total\": \"98.97\"}',217,'2024-09-11 12:28:44.000000','2024-09-11 12:27:27.000000'),
(536,36,0,'{\"advantage\": 50, \"trustworthy\": 50, \"frustrating\": 0, \"confusing\": 0, \"experience\": 85}','2024-09-11 13:27:37.945476','{\"nights\": 3, \"price\": 224.49, \"taxes\": 61.650000000000006, \"city\": \"Madrid, Espa\\u00f1a\"}',218,'2024-09-11 13:27:37.000000','2024-09-11 13:25:54.000000'),
(537,34,1,'{\"advantage\": 17, \"trustworthy\": 17, \"frustrating\": 67, \"confusing\": 66, \"experience\": 35}','2024-09-11 13:29:41.631480','{\"location\": \"Madrid, Espa\\u00f1a\", \"startDate\": \"2024-09-20T13:27:43.000Z\", \"endDate\": \"2024-09-23T13:27:43.000Z\", \"vehicle\": {\"name\": \"Standard\", \"type\": \"sedan\", \"capType\": \"Sedan\", \"description\": \"VW Jetta\", \"capacity\": 5, \"price\": 32.99, \"img\": \"https://sitios-dp.okd.lifia.info.unlp.edu.ar/assets/standard-e51a82b7.webp\"}, \"protection\": null, \"total\": \"98.97\"}',218,'2024-09-11 13:29:41.000000','2024-09-11 13:27:43.000000'),
(538,37,1,'{\"advantage\": 100, \"trustworthy\": 100, \"frustrating\": 0, \"confusing\": 0, \"experience\": 100}','2024-09-11 13:30:45.211782','{\"code\": \"AAA123\", \"passenger\": \"Pepe Grillo\", \"seat\": null}',218,'2024-09-11 13:30:45.000000','2024-09-11 13:29:48.000000'),
(539,39,0,'{\"advantage\": 100, \"trustworthy\": 100, \"frustrating\": 0, \"confusing\": 0, \"experience\": 100}','2024-09-11 13:31:28.018395','{}',218,'2024-09-11 13:31:27.000000','2024-09-11 13:31:02.000000'),
(540,40,1,'{\"advantage\": 93, \"trustworthy\": 92, \"frustrating\": 12, \"confusing\": 11, \"experience\": 91}','2024-09-11 14:12:59.051314','{\"nights\": 3, \"price\": 224.49, \"taxes\": 61.650000000000006, \"city\": \"Madrid, Espa\\u00f1a\"}',219,'2024-09-11 14:12:58.000000','2024-09-11 14:09:58.000000'),
(541,38,0,'{\"advantage\": 91, \"trustworthy\": 93, \"frustrating\": 10, \"confusing\": 10, \"experience\": 92}','2024-09-11 14:15:02.806479','{\"location\": \"Madrid, Espa\\u00f1a\", \"startDate\": \"2024-09-20T14:13:11.000Z\", \"endDate\": \"2024-09-23T14:13:11.000Z\", \"vehicle\": {\"name\": \"Standard\", \"type\": \"sedan\", \"capType\": \"Sedan\", \"description\": \"VW Jetta\", \"capacity\": 5, \"price\": 32.99, \"img\": \"https://sitios-dp.okd.lifia.info.unlp.edu.ar/assets/standard-e51a82b7.webp\"}, \"protection\": null, \"total\": \"98.97\"}',219,'2024-09-11 14:15:02.000000','2024-09-11 14:13:11.000000'),
(542,33,0,'{\"advantage\": 87, \"trustworthy\": 87, \"frustrating\": 15, \"confusing\": 71, \"experience\": 50}','2024-09-11 14:17:40.308508','{\"code\": \"AAA123\", \"passenger\": \"Marina Marro\", \"seat\": null}',219,'2024-09-11 14:17:40.000000','2024-09-11 14:15:20.000000'),
(543,35,1,'{\"advantage\": 87, \"trustworthy\": 86, \"frustrating\": 9, \"confusing\": 9, \"experience\": 78}','2024-09-11 14:19:21.368104','{}',219,'2024-09-11 14:19:21.000000','2024-09-11 14:17:50.000000'),
(544,33,0,'{\"advantage\": 100, \"trustworthy\": 50, \"frustrating\": 0, \"confusing\": 0, \"experience\": 98}','2024-09-11 14:19:31.219955','{\"code\": \"AAA123\", \"passenger\": \"RONNY SANTANA\", \"seat\": {\"value\": \"1A\", \"isVIP\": true, \"save\": false}}',221,'2024-09-11 14:18:55.000000','2024-09-11 14:17:23.000000'),
(545,34,1,'{\"advantage\": 88, \"trustworthy\": 83, \"frustrating\": 0, \"confusing\": 2, \"experience\": 50}','2024-09-11 16:21:37.621199','{\"location\": \"Madrid, Espa\\u00f1a\", \"startDate\": \"2024-09-20T16:19:16.000Z\", \"endDate\": \"2024-09-23T16:19:16.000Z\", \"vehicle\": {\"name\": \"Standard\", \"type\": \"sedan\", \"capType\": \"Sedan\", \"description\": \"VW Jetta\", \"capacity\": 5, \"price\": 32.99, \"img\": \"https://sitios-dp.okd.lifia.info.unlp.edu.ar/assets/standard-e51a82b7.webp\"}, \"protection\": null, \"total\": \"98.97\"}',223,'2024-09-11 16:21:36.000000','2024-09-11 16:18:49.000000'),
(546,39,0,'{\"advantage\": 50, \"trustworthy\": 64, \"frustrating\": 0, \"confusing\": 13, \"experience\": 73}','2024-09-11 16:52:31.670499','{}',224,'2024-09-11 16:52:31.000000','2024-09-11 16:50:00.000000'),
(547,37,1,'{\"advantage\": 50, \"trustworthy\": 67, \"frustrating\": 3, \"confusing\": 35, \"experience\": 83}','2024-09-11 16:55:54.368765','{\"code\": \"AAA123\", \"passenger\": \"Sabri Serra\", \"seat\": null}',224,'2024-09-11 16:55:53.000000','2024-09-11 16:53:52.000000'),
(548,40,1,'{\"advantage\": 20, \"trustworthy\": 15, \"frustrating\": 60, \"confusing\": 75, \"experience\": 50}','2024-09-11 16:59:22.651242','{\"nights\": 3, \"price\": 224.49, \"taxes\": 61.650000000000006, \"city\": \"Madrid, Espa\\u00f1a\"}',224,'2024-09-11 16:59:21.000000','2024-09-11 16:56:04.000000'),
(549,38,0,'{\"advantage\": 41, \"trustworthy\": 27, \"frustrating\": 50, \"confusing\": 21, \"experience\": 40}','2024-09-11 17:01:44.378466','{\"location\": \"Madrid, Espa\\u00f1a\", \"startDate\": \"2024-09-20T16:59:33.000Z\", \"endDate\": \"2024-09-23T16:59:33.000Z\", \"vehicle\": {\"name\": \"Standard\", \"type\": \"sedan\", \"capType\": \"Sedan\", \"description\": \"VW Jetta\", \"capacity\": 5, \"price\": 32.99, \"img\": \"https://sitios-dp.okd.lifia.info.unlp.edu.ar/assets/standard-e51a82b7.webp\"}, \"protection\": null, \"total\": \"98.97\"}',224,'2024-09-11 17:01:43.000000','2024-09-11 16:59:32.000000'),
(550,40,1,'{\"advantage\": 50, \"trustworthy\": 50, \"frustrating\": 0, \"confusing\": 0, \"experience\": 50}','2024-09-11 17:14:35.651450','{\"nights\": 0, \"price\": 0, \"taxes\": 0, \"city\": \"Madrid, Espa\\u00f1a\"}',225,'2024-09-11 17:14:36.000000','2024-09-11 17:10:58.000000'),
(551,33,0,'{\"advantage\": 50, \"trustworthy\": 50, \"frustrating\": 0, \"confusing\": 0, \"experience\": 50}','2024-09-11 17:18:51.288194','{\"code\": \"AAA123\", \"passenger\": \"Andrea Paz\", \"seat\": {\"value\": \"10E\", \"isVIP\": false, \"save\": true}}',225,'2024-09-11 17:18:52.000000','2024-09-11 17:15:17.000000'),
(552,36,0,'{\"advantage\": 50, \"trustworthy\": 50, \"frustrating\": 0, \"confusing\": 0, \"experience\": 50}','2024-09-11 17:21:02.681592','{\"nights\": 0, \"price\": 0, \"taxes\": 0, \"city\": \"Madrid, Espa\\u00f1a\"}',225,'2024-09-11 17:21:03.000000','2024-09-11 17:19:13.000000'),
(553,34,1,'{\"advantage\": 50, \"trustworthy\": 50, \"frustrating\": 0, \"confusing\": 0, \"experience\": 50}','2024-09-11 17:24:53.171234','{\"location\": \"Madrid, Espa\\u00f1a\", \"startDate\": \"2024-09-11T17:21:20.641Z\", \"endDate\": \"2024-09-11T17:21:20.641Z\", \"vehicle\": {\"name\": \"Standard\", \"type\": \"sedan\", \"capType\": \"Sedan\", \"description\": \"VW Jetta\", \"capacity\": 5, \"price\": 32.99, \"img\": \"https://sitios-dp.okd.lifia.info.unlp.edu.ar/assets/standard-e51a82b7.webp\"}, \"protection\": null, \"total\": \"0.00\"}',225,'2024-09-11 17:24:54.000000','2024-09-11 17:21:20.000000'),
(554,40,1,'{\"advantage\": 71, \"trustworthy\": 64, \"frustrating\": 55, \"confusing\": 56, \"experience\": 56}','2024-09-11 20:40:47.708987','{\"nights\": 3, \"price\": 224.49, \"taxes\": 61.650000000000006, \"city\": \"Madrid, Espa\\u00f1a\"}',227,'2024-09-11 20:40:47.000000','2024-09-11 20:38:51.000000'),
(555,38,0,'{\"advantage\": 65, \"trustworthy\": 64, \"frustrating\": 75, \"confusing\": 64, \"experience\": 28}','2024-09-11 20:42:47.860957','{\"location\": \"Madrid, Espa\\u00f1a\", \"startDate\": \"2024-09-20T20:41:02.000Z\", \"endDate\": \"2024-09-23T20:41:02.000Z\", \"vehicle\": {\"name\": \"Standard\", \"type\": \"sedan\", \"capType\": \"Sedan\", \"description\": \"VW Jetta\", \"capacity\": 5, \"price\": 32.99, \"img\": \"https://sitios-dp.okd.lifia.info.unlp.edu.ar/assets/standard-e51a82b7.webp\"}, \"protection\": null, \"total\": \"98.97\"}',227,'2024-09-11 20:42:47.000000','2024-09-11 20:41:02.000000'),
(556,33,0,'{\"advantage\": 87, \"trustworthy\": 29, \"frustrating\": 68, \"confusing\": 67, \"experience\": 0}','2024-09-11 20:44:11.098445','{\"code\": \"AAA123\", \"passenger\": \"carla Luna Gennari\", \"seat\": null}',227,'2024-09-11 20:44:10.000000','2024-09-11 20:42:58.000000'),
(557,35,1,'{\"advantage\": 76, \"trustworthy\": 70, \"frustrating\": 27, \"confusing\": 27, \"experience\": 83}','2024-09-11 20:45:06.594402','{}',227,'2024-09-11 20:45:06.000000','2024-09-11 20:44:15.000000'),
(558,33,0,'{\"advantage\": 93, \"trustworthy\": 67, \"frustrating\": 0, \"confusing\": 32, \"experience\": 100}','2024-09-11 21:14:57.142426','{\"code\": \"AA123\", \"passenger\": \"student\", \"seat\": null}',228,'2024-09-11 21:15:01.000000','2024-09-11 21:12:24.000000'),
(559,34,1,'{\"advantage\": 98, \"trustworthy\": 82, \"frustrating\": 0, \"confusing\": 0, \"experience\": 100}','2024-09-11 21:18:17.760670','{\"location\": \"Madrid, Espa\\u00f1a\", \"startDate\": \"2024-09-20T21:15:28.000Z\", \"endDate\": \"2024-09-23T21:15:28.000Z\", \"vehicle\": {\"name\": \"Standard\", \"type\": \"sedan\", \"capType\": \"Sedan\", \"description\": \"VW Jetta\", \"capacity\": 5, \"price\": 32.99, \"img\": \"https://sitios-dp.okd.lifia.info.unlp.edu.ar/assets/standard-e51a82b7.webp\"}, \"protection\": null, \"total\": \"98.97\"}',228,'2024-09-11 21:18:21.000000','2024-09-11 21:15:27.000000'),
(560,35,1,'{\"advantage\": 94, \"trustworthy\": 86, \"frustrating\": 0, \"confusing\": 0, \"experience\": 100}','2024-09-11 21:19:14.479404','{}',228,'2024-09-11 21:19:18.000000','2024-09-11 21:18:30.000000'),
(561,36,0,'{\"advantage\": 90, \"trustworthy\": 81, \"frustrating\": 0, \"confusing\": 0, \"experience\": 100}','2024-09-11 21:20:47.938673','{\"nights\": 3, \"price\": 224.49, \"taxes\": 61.650000000000006, \"city\": \"Madrid, Espa\\u00f1a\"}',228,'2024-09-11 21:20:51.000000','2024-09-11 21:19:28.000000'),
(562,37,1,'{\"advantage\": 34, \"trustworthy\": 66, \"frustrating\": 24, \"confusing\": 36, \"experience\": 73}','2024-09-11 21:24:42.362516','{\"code\": \"AAA123\", \"passenger\": \"Diego Lopez\", \"seat\": null}',229,'2024-09-11 21:24:19.000000','2024-09-11 21:20:27.000000'),
(563,38,0,'{\"advantage\": 72, \"trustworthy\": 50, \"frustrating\": 0, \"confusing\": 0, \"experience\": 81}','2024-09-11 21:30:21.499188','{\"location\": \"Madrid, Espa\\u00f1a\", \"startDate\": \"2024-09-20T21:24:56.000Z\", \"endDate\": \"2024-09-23T21:24:56.000Z\", \"vehicle\": {\"name\": \"Standard\", \"type\": \"sedan\", \"capType\": \"Sedan\", \"description\": \"VW Jetta\", \"capacity\": 5, \"price\": 32.99, \"img\": \"https://sitios-dp.okd.lifia.info.unlp.edu.ar/assets/standard-e51a82b7.webp\"}, \"protection\": null, \"total\": \"98.97\"}',229,'2024-09-11 21:29:58.000000','2024-09-11 21:24:56.000000'),
(564,39,0,'{\"advantage\": 33, \"trustworthy\": 73, \"frustrating\": 10, \"confusing\": 10, \"experience\": 78}','2024-09-11 21:31:58.492008','{}',229,'2024-09-11 21:31:35.000000','2024-09-11 21:30:04.000000'),
(565,40,1,'{\"advantage\": 30, \"trustworthy\": 67, \"frustrating\": 2, \"confusing\": 3, \"experience\": 68}','2024-09-11 21:35:34.260505','{\"nights\": 3, \"price\": 224.49, \"taxes\": 61.650000000000006, \"city\": \"Madrid, Espa\\u00f1a\"}',229,'2024-09-11 21:35:10.000000','2024-09-11 21:31:51.000000'),
(566,38,0,'{\"advantage\": 0, \"trustworthy\": 50, \"frustrating\": 50, \"confusing\": 0, \"experience\": 100}','2024-09-12 01:07:09.583420','{\"location\": \"Madrid, Espa\\u00f1a\", \"startDate\": \"2024-09-21T01:04:19.000Z\", \"endDate\": \"2024-09-24T01:04:19.000Z\", \"vehicle\": {\"name\": \"Standard\", \"type\": \"sedan\", \"capType\": \"Sedan\", \"description\": \"VW Jetta\", \"capacity\": 5, \"price\": 32.99, \"img\": \"https://sitios-dp.okd.lifia.info.unlp.edu.ar/assets/standard-e51a82b7.webp\"}, \"protection\": null, \"total\": \"98.97\"}',230,'2024-09-12 01:07:09.000000','2024-09-12 01:04:19.000000'),
(567,34,1,'{\"advantage\": 51, \"trustworthy\": 50, \"frustrating\": 50, \"confusing\": 50, \"experience\": 50}','2024-09-12 11:47:24.527629','{\"location\": \"Madrid, Espa\\u00f1a\", \"startDate\": \"2024-09-12T11:45:51.686Z\", \"endDate\": \"2024-09-12T11:45:51.686Z\", \"vehicle\": {\"name\": \"Standard\", \"type\": \"sedan\", \"capType\": \"Sedan\", \"description\": \"VW Jetta\", \"capacity\": 5, \"price\": 32.99, \"img\": \"https://sitios-dp.okd.lifia.info.unlp.edu.ar/assets/standard-e51a82b7.webp\"}, \"protection\": {\"title\": \"Standard Cover Protection\", \"price\": 29.99}, \"total\": \"0.00\"}',231,'2024-09-12 11:47:24.000000','2024-09-12 11:46:49.000000'),
(568,39,0,'{\"advantage\": 75, \"trustworthy\": 62, \"frustrating\": 37, \"confusing\": 44, \"experience\": 64}','2024-09-12 11:48:08.276326','{}',231,'2024-09-12 11:48:08.000000','2024-09-12 11:47:35.000000'),
(569,36,0,'{\"advantage\": 63, \"trustworthy\": 59, \"frustrating\": 29, \"confusing\": 83, \"experience\": 71}','2024-09-12 11:48:59.008313','{\"nights\": 0, \"price\": 0, \"taxes\": 0, \"city\": \"Madrid, Espa\\u00f1a\"}',231,'2024-09-12 11:48:58.000000','2024-09-12 11:48:18.000000'),
(570,37,1,'{\"advantage\": 59, \"trustworthy\": 63, \"frustrating\": 42, \"confusing\": 30, \"experience\": 67}','2024-09-12 11:49:49.921965','{\"code\": \"AAA123\", \"passenger\": \"Lautaro Torchia\", \"seat\": {\"value\": \"6A\", \"isVIP\": false, \"save\": false}}',231,'2024-09-12 11:49:49.000000','2024-09-12 11:49:11.000000'),
(571,39,0,'{\"advantage\": 93, \"trustworthy\": 93, \"frustrating\": 9, \"confusing\": 10, \"experience\": 94}','2024-09-12 11:56:37.496857','{}',232,'2024-09-12 11:56:36.000000','2024-09-12 11:55:39.000000'),
(572,37,1,'{\"advantage\": 9, \"trustworthy\": 9, \"frustrating\": 93, \"confusing\": 94, \"experience\": 11}','2024-09-12 11:58:17.830024','{\"code\": \"AAA123\", \"passenger\": \"Adrian Lado\", \"seat\": null}',232,'2024-09-12 11:58:16.000000','2024-09-12 11:56:58.000000'),
(573,40,1,'{\"advantage\": 8, \"trustworthy\": 7, \"frustrating\": 90, \"confusing\": 90, \"experience\": 9}','2024-09-12 12:00:06.662506','{\"nights\": 3, \"price\": 224.49, \"taxes\": 61.650000000000006, \"city\": \"Madrid, Espa\\u00f1a\"}',232,'2024-09-12 12:00:05.000000','2024-09-12 11:58:48.000000'),
(574,38,0,'{\"advantage\": 87, \"trustworthy\": 86, \"frustrating\": 13, \"confusing\": 12, \"experience\": 12}','2024-09-12 12:02:02.596262','{\"location\": \"Madrid, Espa\\u00f1a\", \"startDate\": \"2024-09-20T12:00:15.000Z\", \"endDate\": \"2024-09-23T12:00:15.000Z\", \"vehicle\": {\"name\": \"Standard\", \"type\": \"sedan\", \"capType\": \"Sedan\", \"description\": \"VW Jetta\", \"capacity\": 5, \"price\": 32.99, \"img\": \"https://sitios-dp.okd.lifia.info.unlp.edu.ar/assets/standard-e51a82b7.webp\"}, \"protection\": null, \"total\": \"98.97\"}',232,'2024-09-12 12:02:01.000000','2024-09-12 12:00:14.000000'),
(575,36,0,'{\"advantage\": 100, \"trustworthy\": 100, \"frustrating\": 22, \"confusing\": 0, \"experience\": 100}','2024-09-12 14:06:41.198154','{\"nights\": 3, \"price\": 224.49, \"taxes\": 61.650000000000006, \"city\": \"Madrid, Espa\\u00f1a\"}',234,'2024-09-12 14:06:40.000000','2024-09-12 14:05:22.000000'),
(576,34,1,'{\"advantage\": 63, \"trustworthy\": 69, \"frustrating\": 0, \"confusing\": 0, \"experience\": 69}','2024-09-12 14:07:59.795968','{\"location\": \"Madrid, Espa\\u00f1a\", \"startDate\": \"2024-09-20T14:06:44.000Z\", \"endDate\": \"2024-09-23T14:06:44.000Z\", \"vehicle\": {\"name\": \"Standard\", \"type\": \"sedan\", \"capType\": \"Sedan\", \"description\": \"VW Jetta\", \"capacity\": 5, \"price\": 32.99, \"img\": \"https://sitios-dp.okd.lifia.info.unlp.edu.ar/assets/standard-e51a82b7.webp\"}, \"protection\": null, \"total\": \"98.97\"}',234,'2024-09-12 14:07:59.000000','2024-09-12 14:06:44.000000'),
(577,37,1,'{\"advantage\": 79, \"trustworthy\": 78, \"frustrating\": 28, \"confusing\": 11, \"experience\": 100}','2024-09-12 14:09:04.979042','{\"code\": \"aaa123\", \"passenger\": \"Natalia Ortu\", \"seat\": {\"value\": \"8E\", \"isVIP\": false, \"save\": true}}',234,'2024-09-12 14:09:04.000000','2024-09-12 14:08:02.000000'),
(578,39,0,'{\"advantage\": 100, \"trustworthy\": 100, \"frustrating\": 17, \"confusing\": 0, \"experience\": 100}','2024-09-12 14:09:42.311698','{}',234,'2024-09-12 14:09:41.000000','2024-09-12 14:09:06.000000'),
(579,33,0,'{\"advantage\": 42, \"trustworthy\": 42, \"frustrating\": 62, \"confusing\": 62, \"experience\": 50}','2024-09-13 17:57:29.474323','{\"code\": \"AAA123\", \"passenger\": \"BAUTISTA MERCADO\", \"seat\": {\"value\": \"9E\", \"isVIP\": false, \"save\": true}}',236,'2024-09-13 17:57:29.000000','2024-09-13 17:55:09.000000'),
(580,34,1,'{\"advantage\": 32, \"trustworthy\": 50, \"frustrating\": 38, \"confusing\": 38, \"experience\": 45}','2024-09-13 17:59:55.070581','{\"location\": \"Madrid, Espa\\u00f1a\", \"startDate\": \"2024-09-20T17:57:39.000Z\", \"endDate\": \"2024-09-23T17:57:39.000Z\", \"vehicle\": {\"name\": \"Standard\", \"type\": \"sedan\", \"capType\": \"Sedan\", \"description\": \"VW Jetta\", \"capacity\": 5, \"price\": 32.99, \"img\": \"https://sitios-dp.okd.lifia.info.unlp.edu.ar/assets/standard-e51a82b7.webp\"}, \"protection\": null, \"total\": \"98.97\"}',236,'2024-09-13 17:59:54.000000','2024-09-13 17:57:38.000000'),
(581,35,1,'{\"advantage\": 49, \"trustworthy\": 66, \"frustrating\": 43, \"confusing\": 43, \"experience\": 50}','2024-09-13 18:01:29.808967','{}',236,'2024-09-13 18:01:29.000000','2024-09-13 18:00:05.000000'),
(582,36,0,'{\"advantage\": 41, \"trustworthy\": 50, \"frustrating\": 27, \"confusing\": 27, \"experience\": 62}','2024-09-13 18:03:16.262770','{\"nights\": 3, \"price\": 224.49, \"taxes\": 61.650000000000006, \"city\": \"Madrid, Espa\\u00f1a\"}',236,'2024-09-13 18:03:16.000000','2024-09-13 18:01:37.000000'),
(583,37,1,'{\"advantage\": 45, \"trustworthy\": 54, \"frustrating\": 45, \"confusing\": 66, \"experience\": 61}','2024-09-16 17:35:51.856928','{\"code\": \"AAA123\", \"passenger\": \"juan miceli\", \"seat\": null}',237,'2024-09-16 17:35:51.000000','2024-09-16 17:34:05.000000'),
(584,38,0,'{\"advantage\": 50, \"trustworthy\": 52, \"frustrating\": 54, \"confusing\": 66, \"experience\": 45}','2024-09-16 22:33:27.077329','{\"location\": \"Madrid, Espa\\u00f1a\", \"startDate\": \"2024-09-20T22:05:56.000Z\", \"endDate\": \"2024-09-23T22:05:56.000Z\", \"vehicle\": {\"name\": \"Standard\", \"type\": \"sedan\", \"capType\": \"Sedan\", \"description\": \"VW Jetta\", \"capacity\": 5, \"price\": 32.99, \"img\": \"https://sitios-dp.okd.lifia.info.unlp.edu.ar/assets/standard-e51a82b7.webp\"}, \"protection\": null, \"total\": \"98.97\"}',237,'2024-09-16 22:33:26.000000','2024-09-16 22:02:13.000000'),
(585,39,0,'{\"advantage\": 46, \"trustworthy\": 56, \"frustrating\": 50, \"confusing\": 50, \"experience\": 60}','2024-09-16 22:34:56.090831','{}',237,'2024-09-16 22:34:55.000000','2024-09-16 22:33:33.000000'),
(586,40,1,'{\"advantage\": 53, \"trustworthy\": 46, \"frustrating\": 56, \"confusing\": 53, \"experience\": 50}','2024-09-16 22:37:09.225765','{\"nights\": 3, \"price\": 247.5, \"taxes\": 68.34, \"city\": \"Madrid, Espa\\u00f1a\"}',237,'2024-09-16 22:37:08.000000','2024-09-16 22:34:58.000000'),
(587,38,0,'{\"advantage\": 51, \"trustworthy\": 60, \"frustrating\": 14, \"confusing\": 14, \"experience\": 87}','2024-09-18 12:51:10.569918','{\"location\": \"Madrid, Espa\\u00f1a\", \"startDate\": \"2024-09-20T12:47:15.000Z\", \"endDate\": \"2024-09-23T12:47:15.000Z\", \"vehicle\": {\"name\": \"Standard\", \"type\": \"sedan\", \"capType\": \"Sedan\", \"description\": \"VW Jetta\", \"capacity\": 5, \"price\": 32.99, \"img\": \"https://sitios-dp.okd.lifia.info.unlp.edu.ar/assets/standard-e51a82b7.webp\"}, \"protection\": null, \"total\": \"98.97\"}',238,'2024-09-18 12:51:10.000000','2024-09-18 12:47:15.000000'),
(588,35,1,'{\"advantage\": 63, \"trustworthy\": 64, \"frustrating\": 8, \"confusing\": 9, \"experience\": 67}','2024-09-18 12:52:44.065265','{}',238,'2024-09-18 12:52:44.000000','2024-09-18 12:51:25.000000'),
(589,40,1,'{\"advantage\": 63, \"trustworthy\": 60, \"frustrating\": 2, \"confusing\": 8, \"experience\": 86}','2024-09-18 12:56:03.422978','{\"nights\": 3, \"price\": 224.49, \"taxes\": 61.650000000000006, \"city\": \"Madrid, Espa\\u00f1a\"}',238,'2024-09-18 12:56:03.000000','2024-09-18 12:52:54.000000'),
(590,33,0,'{\"advantage\": 56, \"trustworthy\": 81, \"frustrating\": 0, \"confusing\": 0, \"experience\": 89}','2024-09-18 12:57:22.471314','{\"code\": \"AAA123\", \"passenger\": \"Mar\\u00eda\", \"seat\": null}',238,'2024-09-18 12:57:22.000000','2024-09-18 12:56:28.000000'),
(591,34,1,'{\"advantage\": 76, \"trustworthy\": 76, \"frustrating\": 0, \"confusing\": 0, \"experience\": 100}','2024-09-18 15:03:38.960770','{\"location\": \"Madrid, Espa\\u00f1a\", \"startDate\": \"2024-09-20T15:01:36.000Z\", \"endDate\": \"2024-09-23T15:01:36.000Z\", \"vehicle\": {\"name\": \"Standard\", \"type\": \"sedan\", \"capType\": \"Sedan\", \"description\": \"VW Jetta\", \"capacity\": 5, \"price\": 32.99, \"img\": \"https://sitios-dp.okd.lifia.info.unlp.edu.ar/assets/standard-e51a82b7.webp\"}, \"protection\": null, \"total\": \"98.97\"}',239,'2024-09-18 15:03:38.000000','2024-09-18 15:01:34.000000'),
(592,39,0,'{\"advantage\": 100, \"trustworthy\": 100, \"frustrating\": 0, \"confusing\": 0, \"experience\": 100}','2024-09-18 15:04:50.252768','{}',239,'2024-09-18 15:04:50.000000','2024-09-18 15:03:41.000000'),
(593,36,0,'{\"advantage\": 86, \"trustworthy\": 98, \"frustrating\": 0, \"confusing\": 0, \"experience\": 100}','2024-09-18 15:06:12.569389','{\"nights\": 3, \"price\": 224.49, \"taxes\": 61.650000000000006, \"city\": \"Madrid, Espa\\u00f1a\"}',239,'2024-09-18 15:06:12.000000','2024-09-18 15:05:09.000000'),
(594,37,1,'{\"advantage\": 100, \"trustworthy\": 100, \"frustrating\": 0, \"confusing\": 0, \"experience\": 100}','2024-09-18 15:07:16.299341','{\"code\": \" AAA123\", \"passenger\": \"h\\u00e9ctor menta\", \"seat\": null}',239,'2024-09-18 15:07:16.000000','2024-09-18 15:06:25.000000'),
(595,39,0,'{\"advantage\": 66, \"trustworthy\": 50, \"frustrating\": 68, \"confusing\": 69, \"experience\": 43}','2024-09-18 20:15:59.462888','{}',240,'2024-09-18 20:15:58.000000','2024-09-18 20:14:08.000000'),
(596,37,1,'{\"advantage\": 29, \"trustworthy\": 54, \"frustrating\": 84, \"confusing\": 84, \"experience\": 21}','2024-09-18 20:19:17.453947','{\"code\": \"AAA123\", \"passenger\": \"Nombre Ficticio\", \"seat\": null}',240,'2024-09-18 20:19:17.000000','2024-09-18 20:18:23.000000'),
(597,40,1,'{\"advantage\": 40, \"trustworthy\": 57, \"frustrating\": 39, \"confusing\": 39, \"experience\": 60}','2024-09-18 20:21:53.331831','{\"nights\": 3, \"price\": 224.49, \"taxes\": 61.650000000000006, \"city\": \"Madrid, Espa\\u00f1a\"}',240,'2024-09-18 20:21:53.000000','2024-09-18 20:19:23.000000'),
(598,38,0,'{\"advantage\": 61, \"trustworthy\": 62, \"frustrating\": 27, \"confusing\": 31, \"experience\": 56}','2024-09-18 20:24:50.845719','{\"location\": \"Madrid, Espa\\u00f1a\", \"startDate\": \"2024-09-20T20:24:09.000Z\", \"endDate\": \"2024-09-23T20:24:09.000Z\", \"vehicle\": {\"name\": \"Standard\", \"type\": \"sedan\", \"capType\": \"Sedan\", \"description\": \"VW Jetta\", \"capacity\": 5, \"price\": 32.99, \"img\": \"https://sitios-dp.okd.lifia.info.unlp.edu.ar/assets/standard-e51a82b7.webp\"}, \"protection\": null, \"total\": \"98.97\"}',240,'2024-09-18 20:24:50.000000','2024-09-18 20:24:09.000000'),
(599,36,0,'{\"advantage\": 18, \"trustworthy\": 68, \"frustrating\": 50, \"confusing\": 65, \"experience\": 41}','2024-09-24 13:19:30.333405','{\"nights\": 3, \"price\": 224.49, \"taxes\": 61.650000000000006, \"city\": \"Madrid, Espa\\u00f1a\"}',242,'2024-09-24 13:19:30.000000','2024-09-24 13:16:27.000000'),
(600,34,1,'{\"advantage\": 0, \"trustworthy\": 67, \"frustrating\": 67, \"confusing\": 68, \"experience\": 25}','2024-09-24 13:24:39.636732','{\"location\": \"Madrid, Espa\\u00f1a\", \"startDate\": \"2024-09-27T13:19:36.000Z\", \"endDate\": \"2024-09-30T13:19:36.000Z\", \"vehicle\": {\"name\": \"Standard\", \"type\": \"sedan\", \"capType\": \"Sedan\", \"description\": \"VW Jetta\", \"capacity\": 5, \"price\": 32.99, \"img\": \"https://sitios-dp.okd.lifia.info.unlp.edu.ar/assets/standard-e51a82b7.webp\"}, \"protection\": {\"title\": \"Cobertura B\\u00e1sica\", \"price\": 9.99}, \"total\": \"128.94\"}',242,'2024-09-24 13:24:39.000000','2024-09-24 13:19:36.000000'),
(601,37,1,'{\"advantage\": 16, \"trustworthy\": 36, \"frustrating\": 100, \"confusing\": 82, \"experience\": 47}','2024-09-24 13:27:01.796658','{\"code\": \"AAA123\", \"passenger\": \"andrea paz\", \"seat\": null}',242,'2024-09-24 13:27:01.000000','2024-09-24 13:24:52.000000'),
(602,39,0,'{\"advantage\": 75, \"trustworthy\": 62, \"frustrating\": 19, \"confusing\": 17, \"experience\": 70}','2024-09-24 13:28:04.501337','{}',242,'2024-09-24 13:28:04.000000','2024-09-24 13:27:22.000000'),
(603,33,0,'{\"advantage\": 50, \"trustworthy\": 50, \"frustrating\": 50, \"confusing\": 71, \"experience\": 59}','2024-09-24 14:06:42.709866','{\"code\": \" AAA123\", \"passenger\": \"Laura Cuenca\", \"seat\": null}',244,'2024-09-24 14:06:42.000000','2024-09-24 14:04:54.000000'),
(604,34,1,'{\"advantage\": 69, \"trustworthy\": 79, \"frustrating\": 28, \"confusing\": 64, \"experience\": 59}','2024-09-24 14:08:13.933565','{\"location\": \"Madrid, Espa\\u00f1a\", \"startDate\": \"2024-09-24T14:06:46.060Z\", \"endDate\": \"2024-09-24T14:06:46.060Z\", \"vehicle\": {\"name\": \"Standard\", \"type\": \"sedan\", \"capType\": \"Sedan\", \"description\": \"VW Jetta\", \"capacity\": 5, \"price\": 32.99, \"img\": \"https://sitios-dp.okd.lifia.info.unlp.edu.ar/assets/standard-e51a82b7.webp\"}, \"protection\": {\"title\": \"Cobertura B\\u00e1sica\", \"price\": 9.99}, \"total\": \"0.00\"}',244,'2024-09-24 14:08:13.000000','2024-09-24 14:06:45.000000'),
(605,35,1,'{\"advantage\": 93, \"trustworthy\": 94, \"frustrating\": 1, \"confusing\": 18, \"experience\": 90}','2024-09-24 14:09:07.715295','{}',244,'2024-09-24 14:09:07.000000','2024-09-24 14:08:16.000000'),
(606,36,0,'{\"advantage\": 50, \"trustworthy\": 50, \"frustrating\": 50, \"confusing\": 80, \"experience\": 50}','2024-09-24 14:10:23.090394','{\"nights\": 0, \"price\": 0, \"taxes\": 0, \"city\": \"Madrid, Espa\\u00f1a\"}',244,'2024-09-24 14:10:22.000000','2024-09-24 14:09:09.000000'),
(607,37,1,'{\"advantage\": 61, \"trustworthy\": 42, \"frustrating\": 14, \"confusing\": 70, \"experience\": 78}','2024-09-24 14:14:46.873625','{\"code\": \"AAA123\", \"passenger\": \"Braian Perruchoud\", \"seat\": {\"value\": \"8E\", \"isVIP\": false, \"save\": true}}',245,'2024-09-24 14:14:46.000000','2024-09-24 14:11:34.000000'),
(608,38,0,'{\"advantage\": 50, \"trustworthy\": 50, \"frustrating\": 24, \"confusing\": 11, \"experience\": 80}','2024-09-24 14:19:25.089820','{\"location\": \"Madrid, Espa\\u00f1a\", \"startDate\": \"2024-09-24T14:15:03.000Z\", \"endDate\": \"2024-09-27T14:15:03.000Z\", \"vehicle\": {\"name\": \"Standard\", \"type\": \"sedan\", \"capType\": \"Sedan\", \"description\": \"VW Jetta\", \"capacity\": 5, \"price\": 32.99, \"img\": \"https://sitios-dp.okd.lifia.info.unlp.edu.ar/assets/standard-e51a82b7.webp\"}, \"protection\": null, \"total\": \"98.97\"}',245,'2024-09-24 14:19:24.000000','2024-09-24 14:15:03.000000'),
(609,39,0,'{\"advantage\": 85, \"trustworthy\": 86, \"frustrating\": 0, \"confusing\": 13, \"experience\": 87}','2024-09-24 14:20:43.520333','{}',245,'2024-09-24 14:20:42.000000','2024-09-24 14:19:31.000000'),
(610,40,1,'{\"advantage\": 58, \"trustworthy\": 57, \"frustrating\": 68, \"confusing\": 21, \"experience\": 38}','2024-09-24 14:24:01.431351','{\"nights\": 3, \"price\": 224.49, \"taxes\": 61.650000000000006, \"city\": \"Madrid, Espa\\u00f1a\"}',245,'2024-09-24 14:24:00.000000','2024-09-24 14:20:58.000000'),
(611,38,0,'{\"advantage\": 50, \"trustworthy\": 50, \"frustrating\": 20, \"confusing\": 13, \"experience\": 89}','2024-09-24 14:45:21.505853','{\"location\": \"Madrid, Espa\\u00f1a\", \"startDate\": \"2024-09-24T14:41:35.661Z\", \"endDate\": \"2024-09-24T14:41:35.661Z\", \"vehicle\": {\"name\": \"Standard\", \"type\": \"sedan\", \"capType\": \"Sedan\", \"description\": \"VW Jetta\", \"capacity\": 5, \"price\": 32.99, \"img\": \"https://sitios-dp.okd.lifia.info.unlp.edu.ar/assets/standard-e51a82b7.webp\"}, \"protection\": null, \"total\": \"0.00\"}',246,'2024-09-24 14:45:19.000000','2024-09-24 14:41:34.000000'),
(612,35,1,'{\"advantage\": 84, \"trustworthy\": 90, \"frustrating\": 7, \"confusing\": 13, \"experience\": 100}','2024-09-24 14:47:35.656633','{}',246,'2024-09-24 14:47:33.000000','2024-09-24 14:45:24.000000'),
(613,40,1,'{\"advantage\": 28, \"trustworthy\": 28, \"frustrating\": 7, \"confusing\": 60, \"experience\": 84}','2024-09-24 14:51:23.386293','{\"nights\": 1, \"price\": 74.83, \"taxes\": 20.55, \"city\": \"Madrid, Espa\\u00f1a\"}',246,'2024-09-24 14:51:21.000000','2024-09-24 14:47:37.000000'),
(614,33,0,'{\"advantage\": 98, \"trustworthy\": 97, \"frustrating\": 1, \"confusing\": 13, \"experience\": 91}','2024-09-24 14:53:28.327103','{\"code\": \"AAA123\", \"passenger\": \"Mariana R\", \"seat\": null}',246,'2024-09-24 14:53:26.000000','2024-09-24 14:52:07.000000'),
(615,34,1,'{\"advantage\": 75, \"trustworthy\": 36, \"frustrating\": 11, \"confusing\": 11, \"experience\": 91}','2024-09-24 15:15:05.434790','{\"location\": \"Madrid, Espa\\u00f1a\", \"startDate\": \"2024-10-20T15:12:19.000Z\", \"endDate\": \"2024-10-23T15:12:19.000Z\", \"vehicle\": {\"name\": \"Standard\", \"type\": \"sedan\", \"capType\": \"Sedan\", \"description\": \"VW Jetta\", \"capacity\": 5, \"price\": 32.99, \"img\": \"https://sitios-dp.okd.lifia.info.unlp.edu.ar/assets/standard-e51a82b7.webp\"}, \"protection\": null, \"total\": \"98.97\"}',247,'2024-09-24 15:15:05.000000','2024-09-24 15:09:30.000000'),
(616,39,0,'{\"advantage\": 74, \"trustworthy\": 74, \"frustrating\": 23, \"confusing\": 0, \"experience\": 88}','2024-09-24 15:59:02.791502','{}',248,'2024-09-24 15:59:04.000000','2024-09-24 15:58:22.000000'),
(617,37,1,'{\"advantage\": 64, \"trustworthy\": 64, \"frustrating\": 0, \"confusing\": 0, \"experience\": 100}','2024-09-24 16:16:01.323792','{\"code\": \"AAA123\", \"passenger\": \"Esteban\", \"seat\": {\"value\": \"10D\", \"isVIP\": false, \"save\": false}}',248,'2024-09-24 16:16:03.000000','2024-09-24 15:59:13.000000'),
(618,40,1,'{\"advantage\": 76, \"trustworthy\": 75, \"frustrating\": 19, \"confusing\": 0, \"experience\": 100}','2024-09-24 16:17:18.022933','{\"nights\": 0, \"price\": 0, \"taxes\": 0, \"city\": \"Madrid, Espa\\u00f1a\"}',248,'2024-09-24 16:17:19.000000','2024-09-24 16:16:50.000000'),
(619,38,0,'{\"advantage\": 64, \"trustworthy\": 30, \"frustrating\": 11, \"confusing\": 11, \"experience\": 74}','2024-09-24 16:18:11.680739','{\"location\": \"Madrid, Espa\\u00f1a\", \"startDate\": \"2024-09-24T16:17:22.302Z\", \"endDate\": \"2024-09-24T16:17:22.302Z\", \"vehicle\": {\"name\": \"Standard\", \"type\": \"sedan\", \"capType\": \"Sedan\", \"description\": \"VW Jetta\", \"capacity\": 5, \"price\": 32.99, \"img\": \"https://sitios-dp.okd.lifia.info.unlp.edu.ar/assets/standard-e51a82b7.webp\"}, \"protection\": null, \"total\": \"0.00\"}',248,'2024-09-24 16:18:13.000000','2024-09-24 16:17:22.000000'),
(620,40,1,'{\"advantage\": 100, \"trustworthy\": 50, \"frustrating\": 67, \"confusing\": 0, \"experience\": 39}','2024-09-24 16:54:30.634970','{\"nights\": 3, \"price\": 224.49, \"taxes\": 61.650000000000006, \"city\": \"Madrid, Espa\\u00f1a\"}',249,'2024-09-24 16:54:30.000000','2024-09-24 16:51:02.000000'),
(621,33,0,'{\"advantage\": 100, \"trustworthy\": 50, \"frustrating\": 20, \"confusing\": 0, \"experience\": 92}','2024-09-24 16:56:22.882871','{\"code\": \"AAA123\", \"passenger\": \"Ana Perez\", \"seat\": null}',249,'2024-09-24 16:56:22.000000','2024-09-24 16:54:56.000000'),
(622,36,0,'{\"advantage\": 100, \"trustworthy\": 35, \"frustrating\": 71, \"confusing\": 0, \"experience\": 38}','2024-09-24 16:57:50.126575','{\"nights\": 3, \"price\": 224.49, \"taxes\": 61.650000000000006, \"city\": \"Madrid, Espa\\u00f1a\"}',249,'2024-09-24 16:57:50.000000','2024-09-24 16:56:34.000000'),
(623,34,1,'{\"advantage\": 100, \"trustworthy\": 37, \"frustrating\": 70, \"confusing\": 0, \"experience\": 33}','2024-09-24 16:59:42.265031','{\"location\": \"Madrid, Espa\\u00f1a\", \"startDate\": \"2024-09-24T16:58:03.000Z\", \"endDate\": \"2024-09-27T16:58:03.000Z\", \"vehicle\": {\"name\": \"Standard\", \"type\": \"sedan\", \"capType\": \"Sedan\", \"description\": \"VW Jetta\", \"capacity\": 5, \"price\": 32.99, \"img\": \"https://sitios-dp.okd.lifia.info.unlp.edu.ar/assets/standard-e51a82b7.webp\"}, \"protection\": null, \"total\": \"98.97\"}',249,'2024-09-24 16:59:42.000000','2024-09-24 16:58:03.000000'),
(624,40,1,'{\"advantage\": 22, \"trustworthy\": 67, \"frustrating\": 13, \"confusing\": 13, \"experience\": 83}','2024-09-24 17:09:29.587778','{\"nights\": 2, \"price\": 297.52, \"taxes\": 60.86, \"city\": \"Madrid, Espa\\u00f1a\"}',251,'2024-09-24 17:09:22.000000','2024-09-24 17:08:28.000000'),
(625,33,0,'{\"advantage\": 82, \"trustworthy\": 83, \"frustrating\": 4, \"confusing\": 4, \"experience\": 93}','2024-09-24 17:51:35.447979','{\"code\": \"AAA123\", \"passenger\": \"Julio L\\u00f3pez\", \"seat\": {\"value\": \"1A\", \"isVIP\": true, \"save\": false}}',252,'2024-09-24 17:51:34.000000','2024-09-24 17:48:57.000000'),
(626,34,1,'{\"advantage\": 79, \"trustworthy\": 85, \"frustrating\": 3, \"confusing\": 12, \"experience\": 6}','2024-09-24 17:56:00.625996','{\"location\": \"Madrid, Espa\\u00f1a\", \"startDate\": \"2024-09-27T17:54:30.000Z\", \"endDate\": \"2024-09-30T17:54:30.000Z\", \"vehicle\": {\"name\": \"Standard\", \"type\": \"sedan\", \"capType\": \"Sedan\", \"description\": \"VW Jetta\", \"capacity\": 5, \"price\": 32.99, \"img\": \"https://sitios-dp.okd.lifia.info.unlp.edu.ar/assets/standard-e51a82b7.webp\"}, \"protection\": null, \"total\": \"98.97\"}',252,'2024-09-24 17:55:59.000000','2024-09-24 17:52:57.000000'),
(627,35,1,'{\"advantage\": 97, \"trustworthy\": 97, \"frustrating\": 4, \"confusing\": 8, \"experience\": 96}','2024-09-24 17:58:19.994555','{}',252,'2024-09-24 17:58:18.000000','2024-09-24 17:56:27.000000'),
(628,36,0,'{\"advantage\": 90, \"trustworthy\": 91, \"frustrating\": 3, \"confusing\": 3, \"experience\": 92}','2024-09-24 18:00:15.813449','{\"nights\": 3, \"price\": 224.49, \"taxes\": 61.650000000000006, \"city\": \"Madrid, Espa\\u00f1a\"}',252,'2024-09-24 18:00:14.000000','2024-09-24 17:58:31.000000'),
(629,37,1,'{\"advantage\": 59, \"trustworthy\": 26, \"frustrating\": 0, \"confusing\": 0, \"experience\": 99}','2024-09-24 18:22:10.837776','{\"code\": \"AAA123\", \"passenger\": \"john smith\", \"seat\": {\"value\": \"6A\", \"isVIP\": false, \"save\": false}}',253,'2024-09-24 18:22:10.000000','2024-09-24 18:21:13.000000'),
(630,38,0,'{\"advantage\": 39, \"trustworthy\": 41, \"frustrating\": 5, \"confusing\": 11, \"experience\": 90}','2024-09-24 18:23:59.729668','{\"location\": \"Madrid, Espa\\u00f1a\", \"startDate\": \"2024-09-24T18:22:23.000Z\", \"endDate\": \"2024-09-26T18:22:23.000Z\", \"vehicle\": {\"name\": \"Standard\", \"type\": \"sedan\", \"capType\": \"Sedan\", \"description\": \"VW Jetta\", \"capacity\": 5, \"price\": 32.99, \"img\": \"https://sitios-dp.okd.lifia.info.unlp.edu.ar/assets/standard-e51a82b7.webp\"}, \"protection\": {\"title\": \"Basic Cover Protection\", \"price\": 9.99}, \"total\": \"85.96\"}',253,'2024-09-24 18:23:58.000000','2024-09-24 18:22:22.000000'),
(631,39,0,'{\"advantage\": 54, \"trustworthy\": 54, \"frustrating\": 0, \"confusing\": 0, \"experience\": 100}','2024-09-24 18:24:33.628248','{}',253,'2024-09-24 18:24:32.000000','2024-09-24 18:24:04.000000'),
(632,40,1,'{\"advantage\": 43, \"trustworthy\": 40, \"frustrating\": 10, \"confusing\": 17, \"experience\": 86}','2024-09-24 18:25:48.490828','{\"nights\": 2, \"price\": 149.66, \"taxes\": 41.1, \"city\": \"Madrid, Espa\\u00f1a\"}',253,'2024-09-24 18:25:47.000000','2024-09-24 18:24:39.000000'),
(633,34,1,'{\"advantage\": 100, \"trustworthy\": 0, \"frustrating\": 77, \"confusing\": 0, \"experience\": 100}','2024-09-24 18:53:06.841033','{\"location\": \"Mar del Plata, Argentina\", \"startDate\": \"2024-09-24T18:51:21.423Z\", \"endDate\": \"2024-09-24T18:51:21.423Z\", \"vehicle\": {\"name\": \"Standard\", \"type\": \"sedan\", \"capType\": \"Sedan\", \"description\": \"VW Jetta\", \"capacity\": 5, \"price\": 32.99, \"img\": \"https://sitios-dp.okd.lifia.info.unlp.edu.ar/assets/standard-e51a82b7.webp\"}, \"protection\": {\"title\": \"Cobertura Total\", \"price\": 59.99}, \"total\": \"0.00\"}',255,'2024-09-24 18:53:07.000000','2024-09-24 18:51:21.000000'),
(634,39,0,'{\"advantage\": 0, \"trustworthy\": 0, \"frustrating\": 0, \"confusing\": 0, \"experience\": 100}','2024-09-24 18:53:53.197620','{}',255,'2024-09-24 18:53:53.000000','2024-09-24 18:53:14.000000'),
(635,36,0,'{\"advantage\": 0, \"trustworthy\": 0, \"frustrating\": 0, \"confusing\": 0, \"experience\": 100}','2024-09-24 18:59:19.791980','{\"nights\": 3, \"price\": 224.49, \"taxes\": 61.650000000000006, \"city\": \"Madrid, Espa\\u00f1a\"}',255,'2024-09-24 18:59:19.000000','2024-09-24 18:56:05.000000'),
(636,37,1,'{\"advantage\": 0, \"trustworthy\": 0, \"frustrating\": 66, \"confusing\": 87, \"experience\": 80}','2024-09-24 19:00:58.480166','{\"code\": \"AAA123\", \"passenger\": \"Naruto Uzumaki\", \"seat\": null}',255,'2024-09-24 19:00:58.000000','2024-09-24 18:59:32.000000'),
(637,39,0,'{\"advantage\": 100, \"trustworthy\": 100, \"frustrating\": 0, \"confusing\": 0, \"experience\": 100}','2024-09-24 19:11:51.510860','{}',256,'2024-09-24 19:11:51.000000','2024-09-24 19:10:53.000000'),
(638,37,1,'{\"advantage\": 21, \"trustworthy\": 100, \"frustrating\": 8, \"confusing\": 80, \"experience\": 100}','2024-09-24 19:13:19.415528','{\"code\": \"AAA123\", \"passenger\": \"Lucas Rodriguez\", \"seat\": null}',256,'2024-09-24 19:13:19.000000','2024-09-24 19:12:03.000000'),
(639,40,1,'{\"advantage\": 100, \"trustworthy\": 100, \"frustrating\": 0, \"confusing\": 0, \"experience\": 100}','2024-09-24 19:16:12.885909','{\"nights\": 3, \"price\": 224.49, \"taxes\": 61.650000000000006, \"city\": \"Madrid, Espa\\u00f1a\"}',256,'2024-09-24 19:16:12.000000','2024-09-24 19:13:58.000000'),
(640,38,0,'{\"advantage\": 27, \"trustworthy\": 62, \"frustrating\": 0, \"confusing\": 85, \"experience\": 50}','2024-09-24 19:18:33.954057','{\"location\": \"Madrid, Espa\\u00f1a\", \"startDate\": \"2025-09-20T19:16:25.000Z\", \"endDate\": \"2025-09-23T19:16:25.000Z\", \"vehicle\": {\"name\": \"Standard\", \"type\": \"sedan\", \"capType\": \"Sedan\", \"description\": \"VW Jetta\", \"capacity\": 5, \"price\": 32.99, \"img\": \"https://sitios-dp.okd.lifia.info.unlp.edu.ar/assets/standard-e51a82b7.webp\"}, \"protection\": null, \"total\": \"98.97\"}',256,'2024-09-24 19:18:34.000000','2024-09-24 19:16:24.000000'),
(641,40,1,'{\"advantage\": 66, \"trustworthy\": 67, \"frustrating\": 22, \"confusing\": 23, \"experience\": 67}','2024-09-24 22:52:15.845681','{\"nights\": 3, \"price\": 224.49, \"taxes\": 61.650000000000006, \"city\": \"Madrid, Espa\\u00f1a\"}',259,'2024-09-24 22:52:17.000000','2024-09-24 22:49:54.000000'),
(642,38,0,'{\"advantage\": 52, \"trustworthy\": 52, \"frustrating\": 52, \"confusing\": 52, \"experience\": 54}','2024-09-24 22:54:39.994993','{\"location\": \"Madrid, Espa\\u00f1a\", \"startDate\": \"2024-09-24T22:52:23.000Z\", \"endDate\": \"2024-09-27T22:52:23.000Z\", \"vehicle\": {\"name\": \"Standard\", \"type\": \"sedan\", \"capType\": \"Sedan\", \"description\": \"VW Jetta\", \"capacity\": 5, \"price\": 32.99, \"img\": \"https://sitios-dp.okd.lifia.info.unlp.edu.ar/assets/standard-e51a82b7.webp\"}, \"protection\": {\"title\": \"Cobertura B\\u00e1sica\", \"price\": 9.99}, \"total\": \"128.94\"}',259,'2024-09-24 22:54:41.000000','2024-09-24 22:52:22.000000'),
(643,37,1,'{\"advantage\": 11, \"trustworthy\": 27, \"frustrating\": 82, \"confusing\": 95, \"experience\": 5}','2024-09-25 12:26:25.813548','{\"code\": \"AAA123\", \"passenger\": \"AAAAAA\", \"seat\": null}',261,'2024-09-25 12:26:25.000000','2024-09-25 12:25:12.000000'),
(644,38,0,'{\"advantage\": 50, \"trustworthy\": 50, \"frustrating\": 50, \"confusing\": 39, \"experience\": 29}','2024-09-25 12:28:52.978464','{\"location\": \"Madrid, Espa\\u00f1a\", \"startDate\": \"2025-09-20T12:27:08.000Z\", \"endDate\": \"2025-09-23T12:27:08.000Z\", \"vehicle\": {\"name\": \"Standard\", \"type\": \"sedan\", \"capType\": \"Sedan\", \"description\": \"VW Jetta\", \"capacity\": 5, \"price\": 32.99, \"img\": \"https://sitios-dp.okd.lifia.info.unlp.edu.ar/assets/standard-e51a82b7.webp\"}, \"protection\": null, \"total\": \"98.97\"}',261,'2024-09-25 12:28:52.000000','2024-09-25 12:26:36.000000'),
(645,39,0,'{\"advantage\": 50, \"trustworthy\": 45, \"frustrating\": 43, \"confusing\": 42, \"experience\": 45}','2024-09-25 12:30:18.196956','{}',261,'2024-09-25 12:30:17.000000','2024-09-25 12:29:13.000000'),
(646,38,0,'{\"advantage\": 26, \"trustworthy\": 0, \"frustrating\": 68, \"confusing\": 0, \"experience\": 45}','2024-09-25 16:59:57.060486','{\"location\": \"Madrid, Espa\\u00f1a\", \"startDate\": \"2024-09-25T16:57:52.000Z\", \"endDate\": \"2024-09-28T16:57:52.000Z\", \"vehicle\": {\"name\": \"Standard\", \"type\": \"sedan\", \"capType\": \"Sedan\", \"description\": \"VW Jetta\", \"capacity\": 5, \"price\": 32.99, \"img\": \"https://sitios-dp.okd.lifia.info.unlp.edu.ar/assets/standard-e51a82b7.webp\"}, \"protection\": null, \"total\": \"98.97\"}',262,'2024-09-25 16:59:56.000000','2024-09-25 16:55:24.000000'),
(647,35,1,'{\"advantage\": 66, \"trustworthy\": 93, \"frustrating\": 0, \"confusing\": 0, \"experience\": 80}','2024-09-25 17:00:55.967309','{}',262,'2024-09-25 17:00:55.000000','2024-09-25 17:00:03.000000'),
(648,40,1,'{\"advantage\": 43, \"trustworthy\": 86, \"frustrating\": 14, \"confusing\": 0, \"experience\": 52}','2024-09-25 17:03:35.019723','{\"nights\": 3, \"price\": 224.49, \"taxes\": 61.650000000000006, \"city\": \"Madrid, Espa\\u00f1a\"}',262,'2024-09-25 17:03:34.000000','2024-09-25 17:01:14.000000'),
(649,33,0,'{\"advantage\": 87, \"trustworthy\": 100, \"frustrating\": 0, \"confusing\": 0, \"experience\": 93}','2024-09-25 17:04:53.783090','{\"code\": \"AAA123\", \"passenger\": \"MINOMBRE COMPLETO\", \"seat\": null}',262,'2024-09-25 17:04:53.000000','2024-09-25 17:03:50.000000'),
(650,39,0,'{\"advantage\": 73, \"trustworthy\": 74, \"frustrating\": 0, \"confusing\": 0, \"experience\": 100}','2024-09-26 20:04:45.163644','{}',264,'2024-09-26 20:04:46.000000','2024-09-26 20:03:51.000000'),
(651,37,1,'{\"advantage\": 22, \"trustworthy\": 73, \"frustrating\": 16, \"confusing\": 9, \"experience\": 90}','2024-09-26 20:06:21.407444','{\"code\": \"AAA123\", \"passenger\": \"Javier\", \"seat\": null}',264,'2024-09-26 20:06:22.000000','2024-09-26 20:05:02.000000'),
(652,40,1,'{\"advantage\": 71, \"trustworthy\": 78, \"frustrating\": 16, \"confusing\": 8, \"experience\": 95}','2024-09-26 20:07:49.967782','{\"nights\": 3, \"price\": 247.5, \"taxes\": 68.34, \"city\": \"Madrid, Espa\\u00f1a\"}',264,'2024-09-26 20:07:50.000000','2024-09-26 20:06:25.000000'),
(653,38,0,'{\"advantage\": 62, \"trustworthy\": 76, \"frustrating\": 12, \"confusing\": 14, \"experience\": 85}','2024-09-26 20:08:59.746916','{\"location\": \"Madrid, Espa\\u00f1a\", \"startDate\": \"2024-09-27T20:07:56.000Z\", \"endDate\": \"2024-09-30T20:07:56.000Z\", \"vehicle\": {\"name\": \"Standard\", \"type\": \"sedan\", \"capType\": \"Sedan\", \"description\": \"VW Jetta\", \"capacity\": 5, \"price\": 32.99, \"img\": \"https://sitios-dp.okd.lifia.info.unlp.edu.ar/assets/standard-e51a82b7.webp\"}, \"protection\": null, \"total\": \"98.97\"}',264,'2024-09-26 20:09:00.000000','2024-09-26 20:07:55.000000'),
(654,40,1,'{\"advantage\": 50, \"trustworthy\": 79, \"frustrating\": 19, \"confusing\": 21, \"experience\": 21}','2024-09-26 22:10:19.459658','{\"nights\": 3, \"price\": 224.49, \"taxes\": 61.650000000000006, \"city\": \"Madrid, Espa\\u00f1a\"}',265,'2024-09-26 22:10:19.000000','2024-09-26 22:05:22.000000'),
(655,33,0,'{\"advantage\": 50, \"trustworthy\": 78, \"frustrating\": 28, \"confusing\": 31, \"experience\": 20}','2024-09-26 22:12:58.305417','{\"code\": \"AAA123\", \"passenger\": \"DSDS\", \"seat\": null}',265,'2024-09-26 22:12:58.000000','2024-09-26 22:10:45.000000'),
(656,36,0,'{\"advantage\": 63, \"trustworthy\": 75, \"frustrating\": 25, \"confusing\": 37, \"experience\": 23}','2024-09-26 22:15:27.579786','{\"nights\": 3, \"price\": 224.49, \"taxes\": 61.650000000000006, \"city\": \"Madrid, Espa\\u00f1a\"}',265,'2024-09-26 22:15:27.000000','2024-09-26 22:13:00.000000'),
(657,34,1,'{\"advantage\": 35, \"trustworthy\": 60, \"frustrating\": 79, \"confusing\": 82, \"experience\": 21}','2024-09-26 22:18:15.789269','{\"location\": \"Madrid, Espa\\u00f1a\", \"startDate\": \"2024-09-26T22:15:34.000Z\", \"endDate\": \"2024-09-29T22:15:34.000Z\", \"vehicle\": {\"name\": \"Standard\", \"type\": \"sedan\", \"capType\": \"Sedan\", \"description\": \"VW Jetta\", \"capacity\": 5, \"price\": 32.99, \"img\": \"https://sitios-dp.okd.lifia.info.unlp.edu.ar/assets/standard-e51a82b7.webp\"}, \"protection\": null, \"total\": \"98.97\"}',265,'2024-09-26 22:18:15.000000','2024-09-26 22:15:34.000000'),
(658,36,0,'{\"advantage\": 31, \"trustworthy\": 46, \"frustrating\": 0, \"confusing\": 0, \"experience\": 75}','2024-09-27 22:17:58.067319','{\"nights\": 3, \"price\": 224.49, \"taxes\": 61.650000000000006, \"city\": \"Madrid, Espa\\u00f1a\"}',266,'2024-09-27 22:17:58.000000','2024-09-27 22:15:51.000000'),
(659,34,1,'{\"advantage\": 75, \"trustworthy\": 100, \"frustrating\": 10, \"confusing\": 5, \"experience\": 61}','2024-09-27 22:20:02.535539','{\"location\": \"Madrid, Espa\\u00f1a\", \"startDate\": \"2024-09-27T22:18:04.000Z\", \"endDate\": \"2024-09-30T22:18:04.000Z\", \"vehicle\": {\"name\": \"Standard\", \"type\": \"sedan\", \"capType\": \"Sedan\", \"description\": \"VW Jetta\", \"capacity\": 5, \"price\": 32.99, \"img\": \"https://sitios-dp.okd.lifia.info.unlp.edu.ar/assets/standard-e51a82b7.webp\"}, \"protection\": {\"title\": \"Cobertura B\\u00e1sica\", \"price\": 9.99}, \"total\": \"128.94\"}',266,'2024-09-27 22:20:02.000000','2024-09-27 22:18:04.000000'),
(660,37,1,'{\"advantage\": 100, \"trustworthy\": 100, \"frustrating\": 15, \"confusing\": 41, \"experience\": 58}','2024-09-27 22:21:19.911345','{\"code\": \"AAA123\", \"passenger\": \"Andrea Paz\", \"seat\": null}',266,'2024-09-27 22:21:20.000000','2024-09-27 22:20:05.000000'),
(661,39,0,'{\"advantage\": 100, \"trustworthy\": 100, \"frustrating\": 0, \"confusing\": 0, \"experience\": 100}','2024-09-27 22:22:48.342497','{}',266,'2024-09-27 22:22:48.000000','2024-09-27 22:21:22.000000'),
(662,37,1,'{\"advantage\": 35, \"trustworthy\": 71, \"frustrating\": 0, \"confusing\": 55, \"experience\": 60}','2024-10-02 14:41:31.947383','{\"code\": \"aaa123\", \"passenger\": \"jj\", \"seat\": {\"value\": \"8E\", \"isVIP\": false, \"save\": true}}',269,'2024-10-02 14:41:32.000000','2024-10-02 14:40:35.000000'),
(663,38,0,'{\"advantage\": 20, \"trustworthy\": 37, \"frustrating\": 57, \"confusing\": 0, \"experience\": 50}','2024-10-02 14:43:40.096590','{\"location\": \"Madrid, Espa\\u00f1a\", \"startDate\": \"2025-02-07T14:42:23.000Z\", \"endDate\": \"2025-02-10T14:42:23.000Z\", \"vehicle\": {\"name\": \"Standard\", \"type\": \"sedan\", \"capType\": \"Sedan\", \"description\": \"VW Jetta\", \"capacity\": 5, \"price\": 32.99, \"img\": \"https://sitios-dp.okd.lifia.info.unlp.edu.ar/assets/standard-e51a82b7.webp\"}, \"protection\": null, \"total\": \"98.97\"}',269,'2024-10-02 14:43:40.000000','2024-10-02 14:42:22.000000'),
(664,39,0,'{\"advantage\": 0, \"trustworthy\": 100, \"frustrating\": 0, \"confusing\": 0, \"experience\": 100}','2024-10-02 14:44:16.833508','{}',269,'2024-10-02 14:44:17.000000','2024-10-02 14:43:48.000000'),
(665,40,1,'{\"advantage\": 37, \"trustworthy\": 59, \"frustrating\": 0, \"confusing\": 50, \"experience\": 60}','2024-10-02 14:45:10.653266','{\"nights\": 3, \"price\": 224.49, \"taxes\": 61.650000000000006, \"city\": \"Madrid, Espa\\u00f1a\"}',269,'2024-10-02 14:45:10.000000','2024-10-02 14:44:23.000000'),
(666,33,0,'{\"advantage\": 41, \"trustworthy\": 52, \"frustrating\": 50, \"confusing\": 50, \"experience\": 50}','2024-10-09 17:55:27.090266','{\"code\": \"AAA123\", \"passenger\": \"Anonimus el unico\", \"seat\": null}',177,'2024-10-09 17:55:26.000000','2024-10-09 17:51:40.000000'),
(667,34,1,'{\"advantage\": 100, \"trustworthy\": 50, \"frustrating\": 50, \"confusing\": 59, \"experience\": 50}','2024-11-05 12:44:38.203731','{\"location\": \"Madrid, Espa\\u00f1a\", \"startDate\": \"2024-11-07T12:41:51.000Z\", \"endDate\": \"2024-11-10T12:41:51.000Z\", \"vehicle\": {\"name\": \"Standard\", \"type\": \"sedan\", \"capType\": \"Sedan\", \"description\": \"VW Jetta\", \"capacity\": 5, \"price\": 32.99, \"img\": \"https://sitios-dp.okd.lifia.info.unlp.edu.ar/assets/standard-e51a82b7.webp\"}, \"protection\": null, \"total\": \"98.97\"}',271,'2024-11-05 12:44:38.000000','2024-11-05 12:41:51.000000'),
(668,38,0,'{\"advantage\": 40, \"trustworthy\": 40, \"frustrating\": 56, \"confusing\": 40, \"experience\": 30}','2025-03-17 21:38:48.055748','{\"location\": \"Madrid, Espa\\u00f1a\", \"startDate\": \"2025-09-12T21:38:18.000Z\", \"endDate\": \"2025-09-15T21:38:18.000Z\", \"vehicle\": {\"name\": \"Standard\", \"type\": \"sedan\", \"capType\": \"Sedan\", \"description\": \"VW Jetta\", \"capacity\": 5, \"price\": 32.99, \"img\": \"https://sitios-dp.okd.lifia.info.unlp.edu.ar/assets/standard-e51a82b7.webp\"}, \"protection\": null, \"total\": \"98.97\"}',109,'2025-03-17 21:38:47.000000','2025-03-17 21:38:18.000000'),
(669,37,1,'{\"advantage\": 50, \"trustworthy\": 34, \"frustrating\": 50, \"confusing\": 62, \"experience\": 50}','2025-03-18 12:40:07.281877','{\"code\": \"Juan\", \"passenger\": \"Juan Gardey\", \"seat\": null}',268,'2025-03-18 12:40:07.000000','2025-03-18 12:39:56.000000'),
(670,38,0,'{\"advantage\": 47, \"trustworthy\": 50, \"frustrating\": 50, \"confusing\": 50, \"experience\": 50}','2025-03-18 13:31:18.777340','{\"location\": \"Madrid, Espa\\u00f1a\", \"startDate\": \"2025-09-12T13:30:46.000Z\", \"endDate\": \"2025-09-15T13:30:46.000Z\", \"vehicle\": {\"name\": \"Standard\", \"type\": \"sedan\", \"capType\": \"Sedan\", \"description\": \"VW Jetta\", \"capacity\": 5, \"price\": 32.99, \"img\": \"https://sitios-dp.okd.lifia.info.unlp.edu.ar/assets/standard-e51a82b7.webp\"}, \"protection\": null, \"total\": \"98.97\"}',45,'2025-03-18 13:31:18.000000','2025-03-18 13:30:45.000000'),
(671,34,1,'{\"advantage\": 19, \"trustworthy\": 32, \"frustrating\": 60, \"confusing\": 13, \"experience\": 39}','2025-03-18 20:36:22.308930','{\"location\": \"Madrid, Espa\\u00f1a\", \"startDate\": \"2025-09-12T20:32:37.000Z\", \"endDate\": \"2025-09-15T20:32:37.000Z\", \"vehicle\": {\"name\": \"Standard\", \"type\": \"sedan\", \"capType\": \"Sedan\", \"description\": \"VW Jetta\", \"capacity\": 5, \"price\": 32.99, \"img\": \"https://sitios-dp.okd.lifia.info.unlp.edu.ar/assets/standard-e51a82b7.webp\"}, \"protection\": null, \"total\": \"98.97\"}',254,'2025-03-18 20:36:17.000000','2025-03-18 20:31:48.000000'),
(672,39,0,'{\"advantage\": 72, \"trustworthy\": 72, \"frustrating\": 5, \"confusing\": 5, \"experience\": 75}','2025-03-18 20:38:05.338523','{}',254,'2025-03-18 20:38:00.000000','2025-03-18 20:36:28.000000'),
(673,33,0,'{\"advantage\": 57, \"trustworthy\": 76, \"frustrating\": 60, \"confusing\": 56, \"experience\": 69}','2025-03-18 20:39:42.208905','{\"code\": \"AAA123\", \"passenger\": \"Martin Tau\", \"seat\": null}',213,'2025-03-18 20:42:49.000000','2025-03-18 20:41:13.000000'),
(674,36,0,'{\"advantage\": 57, \"trustworthy\": 57, \"frustrating\": 0, \"confusing\": 0, \"experience\": 69}','2025-03-18 20:41:05.807849','{\"nights\": 3, \"price\": 224.49, \"taxes\": 61.650000000000006, \"city\": \"Madrid, Espa\\u00f1a\"}',254,'2025-03-18 20:41:00.000000','2025-03-18 20:38:11.000000'),
(675,37,1,'{\"advantage\": 13, \"trustworthy\": 24, \"frustrating\": 90, \"confusing\": 97, \"experience\": 22}','2025-03-18 20:43:50.816943','{\"code\": \"AAA123\", \"passenger\": \"Maria Ene\", \"seat\": null}',254,'2025-03-18 20:43:45.000000','2025-03-18 20:41:12.000000'),
(676,33,0,'{\"advantage\": 87, \"trustworthy\": 87, \"frustrating\": 55, \"confusing\": 54, \"experience\": 44}','2025-03-18 22:09:35.772414','{\"code\": \"AAA123\", \"passenger\": \"Ezequiel Arbeletche\", \"seat\": null}',197,'2025-03-18 22:09:35.000000','2025-03-18 22:07:45.000000'),
(677,34,1,'{\"advantage\": 46, \"trustworthy\": 46, \"frustrating\": 37, \"confusing\": 21, \"experience\": 71}','2025-03-18 22:14:55.932748','{\"location\": \"Madrid, Espa\\u00f1a\", \"startDate\": \"2025-09-12T22:09:47.000Z\", \"endDate\": \"2025-09-15T22:09:47.000Z\", \"vehicle\": {\"name\": \"Standard\", \"type\": \"sedan\", \"capType\": \"Sedan\", \"description\": \"VW Jetta\", \"capacity\": 5, \"price\": 32.99, \"img\": \"https://sitios-dp.okd.lifia.info.unlp.edu.ar/assets/standard-e51a82b7.webp\"}, \"protection\": null, \"total\": \"98.97\"}',197,'2025-03-18 22:14:55.000000','2025-03-18 22:09:46.000000'),
(678,35,1,'{\"advantage\": 90, \"trustworthy\": 87, \"frustrating\": 20, \"confusing\": 11, \"experience\": 87}','2025-03-18 22:16:21.930670','{}',197,'2025-03-18 22:16:21.000000','2025-03-18 22:15:04.000000'),
(679,36,0,'{\"advantage\": 43, \"trustworthy\": 43, \"frustrating\": 23, \"confusing\": 24, \"experience\": 80}','2025-03-18 22:19:38.571981','{\"nights\": 3, \"price\": 224.49, \"taxes\": 61.650000000000006, \"city\": \"Madrid, Espa\\u00f1a\"}',197,'2025-03-18 22:19:38.000000','2025-03-18 22:16:28.000000'),
(680,37,1,'{\"advantage\": 50, \"trustworthy\": 50, \"frustrating\": 43, \"confusing\": 81, \"experience\": 50}','2025-03-18 22:31:03.208992','{\"code\": \"AAA123\", \"passenger\": \"Paula Fernandez\", \"seat\": null}',47,'2025-03-18 22:30:57.000000','2025-03-18 22:28:59.000000'),
(681,38,0,'{\"advantage\": 50, \"trustworthy\": 50, \"frustrating\": 50, \"confusing\": 63, \"experience\": 50}','2025-03-18 22:33:02.577281','{\"location\": \"Madrid, Espa\\u00f1a\", \"startDate\": \"2025-03-18T22:31:05.698Z\", \"endDate\": \"2025-03-18T22:31:05.698Z\", \"vehicle\": {\"name\": \"Standard\", \"type\": \"sedan\", \"capType\": \"Sedan\", \"description\": \"VW Jetta\", \"capacity\": 5, \"price\": 32.99, \"img\": \"https://sitios-dp.okd.lifia.info.unlp.edu.ar/assets/standard-e51a82b7.webp\"}, \"protection\": null, \"total\": \"0.00\"}',47,'2025-03-18 22:32:57.000000','2025-03-18 22:31:05.000000'),
(682,39,0,'{\"advantage\": 50, \"trustworthy\": 50, \"frustrating\": 50, \"confusing\": 50, \"experience\": 100}','2025-03-18 22:33:27.136979','{}',47,'2025-03-18 22:33:21.000000','2025-03-18 22:33:02.000000'),
(683,40,1,'{\"advantage\": 50, \"trustworthy\": 50, \"frustrating\": 50, \"confusing\": 60, \"experience\": 50}','2025-03-18 22:36:17.112034','{\"nights\": 3, \"price\": 224.49, \"taxes\": 61.650000000000006, \"city\": \"Madrid, Espa\\u00f1a\"}',47,'2025-03-18 22:36:11.000000','2025-03-18 22:33:29.000000'),
(684,39,0,'{\"advantage\": 100, \"trustworthy\": 75, \"frustrating\": 12, \"confusing\": 0, \"experience\": 100}','2025-03-18 23:08:03.202953','{}',145,'2025-03-18 23:08:04.000000','2025-03-18 23:05:37.000000'),
(685,37,1,'{\"advantage\": 100, \"trustworthy\": 100, \"frustrating\": 7, \"confusing\": 7, \"experience\": 100}','2025-03-18 23:09:38.509184','{\"code\": \"AAA123\", \"passenger\": \"LEOPOLDO\", \"seat\": null}',145,'2025-03-18 23:09:39.000000','2025-03-18 23:08:25.000000'),
(686,38,0,'{\"advantage\": 100, \"trustworthy\": 100, \"frustrating\": 0, \"confusing\": 0, \"experience\": 100}','2025-03-18 23:11:39.110595','{\"location\": \"Madrid, Espa\\u00f1a\", \"startDate\": \"2025-09-12T23:09:59.000Z\", \"endDate\": \"2025-09-15T23:09:59.000Z\", \"vehicle\": {\"name\": \"Standard\", \"type\": \"sedan\", \"capType\": \"Sedan\", \"description\": \"VW Jetta\", \"capacity\": 5, \"price\": 32.99, \"img\": \"https://sitios-dp.okd.lifia.info.unlp.edu.ar/assets/standard-e51a82b7.webp\"}, \"protection\": null, \"total\": \"98.97\"}',145,'2025-03-18 23:11:39.000000','2025-03-18 23:09:59.000000'),
(687,34,1,'{\"advantage\": 50, \"trustworthy\": 50, \"frustrating\": 22, \"confusing\": 88, \"experience\": 50}','2025-03-19 00:56:37.269516','{\"location\": \"Madrid, Espa\\u00f1a\", \"startDate\": \"2025-09-13T00:50:59.000Z\", \"endDate\": \"2025-09-16T00:50:59.000Z\", \"vehicle\": {\"name\": \"Standard\", \"type\": \"sedan\", \"capType\": \"Sedan\", \"description\": \"VW Jetta\", \"capacity\": 5, \"price\": 32.99, \"img\": \"https://sitios-dp.okd.lifia.info.unlp.edu.ar/assets/standard-e51a82b7.webp\"}, \"protection\": null, \"total\": \"98.97\"}',61,'2025-03-19 00:56:37.000000','2025-03-19 00:50:59.000000'),
(688,39,0,'{\"advantage\": 91, \"trustworthy\": 91, \"frustrating\": 0, \"confusing\": 0, \"experience\": 100}','2025-03-19 00:58:09.439599','{}',61,'2025-03-19 00:58:10.000000','2025-03-19 00:57:06.000000'),
(689,36,0,'{\"advantage\": 87, \"trustworthy\": 86, \"frustrating\": 0, \"confusing\": 0, \"experience\": 100}','2025-03-19 01:00:39.867288','{\"nights\": 3, \"price\": 224.49, \"taxes\": 61.650000000000006, \"city\": \"Madrid, Espa\\u00f1a\"}',61,'2025-03-19 01:00:40.000000','2025-03-19 00:58:27.000000'),
(690,37,1,'{\"advantage\": 100, \"trustworthy\": 100, \"frustrating\": 0, \"confusing\": 0, \"experience\": 100}','2025-03-19 01:02:29.372086','{\"code\": \"AAA123\", \"passenger\": \"Denise Torres\", \"seat\": null}',61,'2025-03-19 01:02:29.000000','2025-03-19 01:01:03.000000'),
(691,33,0,'{\"advantage\": 75, \"trustworthy\": 85, \"frustrating\": 0, \"confusing\": 0, \"experience\": 78}','2025-03-19 02:14:24.285592','{\"code\": \"AAA123\", \"passenger\": \"Esteban\", \"seat\": {\"value\": \"7E\", \"isVIP\": false, \"save\": false}}',248,'2025-03-19 02:14:24.000000','2025-03-19 02:13:34.000000'),
(692,36,0,'{\"advantage\": 71, \"trustworthy\": 77, \"frustrating\": 2, \"confusing\": 15, \"experience\": 61}','2025-03-19 02:15:20.464689','{\"nights\": 3, \"price\": 224.49, \"taxes\": 61.650000000000006, \"city\": \"Madrid, Espa\\u00f1a\"}',248,'2025-03-19 02:15:20.000000','2025-03-19 02:14:28.000000'),
(693,34,1,'{\"advantage\": 81, \"trustworthy\": 94, \"frustrating\": 3, \"confusing\": 7, \"experience\": 64}','2025-03-19 02:16:23.272139','{\"location\": \"Madrid, Espa\\u00f1a\", \"startDate\": \"2025-09-13T02:15:25.000Z\", \"endDate\": \"2025-09-16T02:15:25.000Z\", \"vehicle\": {\"name\": \"Standard\", \"type\": \"sedan\", \"capType\": \"Sedan\", \"description\": \"VW Jetta\", \"capacity\": 5, \"price\": 32.99, \"img\": \"https://sitios-dp.okd.lifia.info.unlp.edu.ar/assets/standard-e51a82b7.webp\"}, \"protection\": null, \"total\": \"98.97\"}',248,'2025-03-19 02:16:23.000000','2025-03-19 02:15:24.000000'),
(694,33,0,'{\"advantage\": 31, \"trustworthy\": 59, \"frustrating\": 0, \"confusing\": 20, \"experience\": 56}','2025-03-19 10:48:41.853590','{\"code\": \"AAA123\", \"passenger\": \"Gonzalo Villarreal\", \"seat\": null}',157,'2025-03-19 10:48:41.000000','2025-03-19 10:47:25.000000'),
(695,34,1,'{\"advantage\": 31, \"trustworthy\": 60, \"frustrating\": 0, \"confusing\": 0, \"experience\": 100}','2025-03-19 10:50:25.169516','{\"location\": \"Madrid, Espa\\u00f1a\", \"startDate\": \"2025-09-12T10:48:53.000Z\", \"endDate\": \"2025-09-15T10:48:53.000Z\", \"vehicle\": {\"name\": \"Standard\", \"type\": \"sedan\", \"capType\": \"Sedan\", \"description\": \"VW Jetta\", \"capacity\": 5, \"price\": 32.99, \"img\": \"https://sitios-dp.okd.lifia.info.unlp.edu.ar/assets/standard-e51a82b7.webp\"}, \"protection\": null, \"total\": \"98.97\"}',157,'2025-03-19 10:50:25.000000','2025-03-19 10:48:52.000000'),
(696,35,1,'{\"advantage\": 52, \"trustworthy\": 84, \"frustrating\": 0, \"confusing\": 0, \"experience\": 100}','2025-03-19 10:51:16.641263','{}',157,'2025-03-19 10:51:16.000000','2025-03-19 10:50:36.000000'),
(697,36,0,'{\"advantage\": 68, \"trustworthy\": 87, \"frustrating\": 0, \"confusing\": 0, \"experience\": 100}','2025-03-19 10:52:46.097955','{\"nights\": 3, \"price\": 224.49, \"taxes\": 61.650000000000006, \"city\": \"Madrid, Espa\\u00f1a\"}',157,'2025-03-19 10:52:45.000000','2025-03-19 10:51:30.000000'),
(698,33,0,'{\"advantage\": 100, \"trustworthy\": 100, \"frustrating\": 0, \"confusing\": 0, \"experience\": 100}','2025-03-19 12:00:24.350429','{\"code\": \"AAA123\", \"passenger\": \"Pablo Nicolas\", \"seat\": null}',160,'2025-03-19 12:00:23.000000','2025-03-19 11:53:45.000000'),
(699,36,0,'{\"advantage\": 100, \"trustworthy\": 100, \"frustrating\": 0, \"confusing\": 0, \"experience\": 100}','2025-03-19 12:07:30.820814','{\"nights\": 3, \"price\": 224.49, \"taxes\": 61.650000000000006, \"city\": \"Madrid, Espa\\u00f1a\"}',160,'2025-03-19 12:07:30.000000','2025-03-19 12:04:29.000000'),
(700,34,1,'{\"advantage\": 70, \"trustworthy\": 70, \"frustrating\": 57, \"confusing\": 57, \"experience\": 50}','2025-03-19 12:13:52.079820','{\"location\": \"Madrid, Espa\\u00f1a\", \"startDate\": \"2025-09-12T12:07:43.000Z\", \"endDate\": \"2025-09-15T12:07:43.000Z\", \"vehicle\": {\"name\": \"Standard\", \"type\": \"sedan\", \"capType\": \"Sedan\", \"description\": \"VW Jetta\", \"capacity\": 5, \"price\": 32.99, \"img\": \"https://sitios-dp.okd.lifia.info.unlp.edu.ar/assets/standard-e51a82b7.webp\"}, \"protection\": null, \"total\": \"98.97\"}',160,'2025-03-19 12:13:51.000000','2025-03-19 12:07:42.000000'),
(701,36,0,'{\"advantage\": 74, \"trustworthy\": 74, \"frustrating\": 0, \"confusing\": 0, \"experience\": 100}','2025-03-19 12:35:32.162152','{\"nights\": 0, \"price\": 0, \"taxes\": 0, \"city\": \"Madrid, Espa\\u00f1a\"}',54,'2025-03-19 12:35:30.000000','2025-03-19 12:33:37.000000'),
(702,34,1,'{\"advantage\": 33, \"trustworthy\": 33, \"frustrating\": 17, \"confusing\": 0, \"experience\": 100}','2025-03-19 12:38:41.639513','{\"location\": \"Madrid, Espa\\u00f1a\", \"startDate\": \"2025-03-19T12:37:26.910Z\", \"endDate\": \"2025-03-19T12:37:26.910Z\", \"vehicle\": {\"name\": \"Standard\", \"type\": \"sedan\", \"capType\": \"Sedan\", \"description\": \"VW Jetta\", \"capacity\": 5, \"price\": 32.99, \"img\": \"https://sitios-dp.okd.lifia.info.unlp.edu.ar/assets/standard-e51a82b7.webp\"}, \"protection\": {\"title\": \"Cobertura B\\u00e1sica\", \"price\": 9.99}, \"total\": \"0.00\"}',54,'2025-03-19 12:38:39.000000','2025-03-19 12:35:40.000000'),
(703,37,1,'{\"advantage\": 35, \"trustworthy\": 39, \"frustrating\": 37, \"confusing\": 64, \"experience\": 41}','2025-03-19 12:39:40.333728','{\"code\": \"AAA123\", \"passenger\": \"Jhon Doe\", \"seat\": null}',92,'2025-03-19 12:39:39.000000','2025-03-19 12:38:24.000000'),
(704,37,1,'{\"advantage\": 100, \"trustworthy\": 100, \"frustrating\": 72, \"confusing\": 100, \"experience\": 28}','2025-03-19 12:40:00.171556','{\"code\": \"AAA123\", \"passenger\": \"Ana Paula\", \"seat\": {\"value\": \"6C\", \"isVIP\": false, \"save\": false}}',54,'2025-03-19 12:39:58.000000','2025-03-19 12:38:50.000000'),
(705,39,0,'{\"advantage\": 100, \"trustworthy\": 100, \"frustrating\": 0, \"confusing\": 0, \"experience\": 100}','2025-03-19 12:40:48.115388','{}',54,'2025-03-19 12:40:45.000000','2025-03-19 12:40:07.000000'),
(706,38,0,'{\"advantage\": 59, \"trustworthy\": 60, \"frustrating\": 44, \"confusing\": 45, \"experience\": 55}','2025-03-19 12:41:36.300208','{\"location\": \"Madrid, Espa\\u00f1a\", \"startDate\": \"2025-09-12T12:39:56.000Z\", \"endDate\": \"2025-09-15T12:39:56.000Z\", \"vehicle\": {\"name\": \"Standard\", \"type\": \"sedan\", \"capType\": \"Sedan\", \"description\": \"VW Jetta\", \"capacity\": 5, \"price\": 32.99, \"img\": \"https://sitios-dp.okd.lifia.info.unlp.edu.ar/assets/standard-e51a82b7.webp\"}, \"protection\": null, \"total\": \"98.97\"}',92,'2025-03-19 12:41:36.000000','2025-03-19 12:39:56.000000'),
(707,39,0,'{\"advantage\": 72, \"trustworthy\": 72, \"frustrating\": 27, \"confusing\": 27, \"experience\": 72}','2025-03-19 12:42:49.871820','{}',92,'2025-03-19 12:42:49.000000','2025-03-19 12:41:48.000000'),
(708,40,1,'{\"advantage\": 83, \"trustworthy\": 84, \"frustrating\": 21, \"confusing\": 21, \"experience\": 85}','2025-03-19 12:44:18.662232','{\"nights\": 3, \"price\": 224.49, \"taxes\": 61.650000000000006, \"city\": \"Madrid, Espa\\u00f1a\"}',92,'2025-03-19 12:44:18.000000','2025-03-19 12:43:01.000000'),
(709,39,0,'{\"advantage\": 75, \"trustworthy\": 75, \"frustrating\": 9, \"confusing\": 85, \"experience\": 93}','2025-03-19 13:14:07.595359','{}',65,'2025-03-19 13:14:07.000000','2025-03-19 13:12:47.000000'),
(710,37,1,'{\"advantage\": 81, \"trustworthy\": 81, \"frustrating\": 32, \"confusing\": 57, \"experience\": 82}','2025-03-19 13:15:33.292046','{\"code\": \"AAA123\", \"passenger\": \"nicolas rodriguez\", \"seat\": null}',65,'2025-03-19 13:15:33.000000','2025-03-19 13:14:21.000000'),
(711,38,0,'{\"advantage\": 73, \"trustworthy\": 73, \"frustrating\": 7, \"confusing\": 21, \"experience\": 92}','2025-03-19 13:17:42.355222','{\"location\": \"Madrid, Espa\\u00f1a\", \"startDate\": \"2025-09-12T13:15:56.000Z\", \"endDate\": \"2025-09-15T13:15:56.000Z\", \"vehicle\": {\"name\": \"Standard\", \"type\": \"sedan\", \"capType\": \"Sedan\", \"description\": \"VW Jetta\", \"capacity\": 5, \"price\": 32.99, \"img\": \"https://sitios-dp.okd.lifia.info.unlp.edu.ar/assets/standard-e51a82b7.webp\"}, \"protection\": null, \"total\": \"98.97\"}',65,'2025-03-19 13:17:42.000000','2025-03-19 13:15:56.000000'),
(712,34,1,'{\"advantage\": 50, \"trustworthy\": 50, \"frustrating\": 57, \"confusing\": 50, \"experience\": 50}','2025-03-19 13:19:34.076269','{\"location\": \"Madrid, Espa\\u00f1a\", \"startDate\": \"2025-09-13T13:16:26.000Z\", \"endDate\": \"2025-09-15T13:16:26.000Z\", \"vehicle\": {\"name\": \"Standard\", \"type\": \"sedan\", \"capType\": \"Sedan\", \"description\": \"VW Jetta\", \"capacity\": 5, \"price\": 32.99, \"img\": \"https://sitios-dp.okd.lifia.info.unlp.edu.ar/assets/standard-e51a82b7.webp\"}, \"protection\": null, \"total\": \"65.98\"}',70,'2025-03-19 13:19:33.000000','2025-03-19 13:15:32.000000'),
(713,39,0,'{\"advantage\": 46, \"trustworthy\": 53, \"frustrating\": 18, \"confusing\": 18, \"experience\": 70}','2025-03-19 13:22:47.556177','{}',70,'2025-03-19 13:22:46.000000','2025-03-19 13:21:52.000000'),
(714,36,0,'{\"advantage\": 50, \"trustworthy\": 50, \"frustrating\": 53, \"confusing\": 54, \"experience\": 45}','2025-03-19 13:25:01.266742','{\"nights\": 3, \"price\": 224.49, \"taxes\": 61.650000000000006, \"city\": \"Madrid, Espa\\u00f1a\"}',70,'2025-03-19 13:25:00.000000','2025-03-19 13:23:01.000000'),
(715,37,1,'{\"advantage\": 40, \"trustworthy\": 50, \"frustrating\": 50, \"confusing\": 50, \"experience\": 50}','2025-03-19 13:26:11.807979','{\"code\": \"AAA123\", \"passenger\": \"Mar\\u00eda \", \"seat\": null}',70,'2025-03-19 13:26:10.000000','2025-03-19 13:25:13.000000'),
(716,38,0,'{\"advantage\": 0, \"trustworthy\": 100, \"frustrating\": 0, \"confusing\": 8, \"experience\": 100}','2025-03-19 13:32:03.487043','{\"location\": \"Madrid, Espa\\u00f1a\", \"startDate\": \"2025-09-12T13:29:37.000Z\", \"endDate\": \"2025-09-15T13:29:37.000Z\", \"vehicle\": {\"name\": \"Standard\", \"type\": \"sedan\", \"capType\": \"Sedan\", \"description\": \"VW Jetta\", \"capacity\": 5, \"price\": 32.99, \"img\": \"https://sitios-dp.okd.lifia.info.unlp.edu.ar/assets/standard-e51a82b7.webp\"}, \"protection\": null, \"total\": \"98.97\"}',79,'2025-03-19 13:32:03.000000','2025-03-19 13:29:36.000000'),
(717,35,1,'{\"advantage\": 100, \"trustworthy\": 100, \"frustrating\": 0, \"confusing\": 0, \"experience\": 100}','2025-03-19 13:33:16.640181','{}',79,'2025-03-19 13:33:16.000000','2025-03-19 13:32:09.000000'),
(718,40,1,'{\"advantage\": 100, \"trustworthy\": 100, \"frustrating\": 0, \"confusing\": 0, \"experience\": 100}','2025-03-19 13:34:41.457931','{\"nights\": 3, \"price\": 224.49, \"taxes\": 61.650000000000006, \"city\": \"Madrid, Espa\\u00f1a\"}',79,'2025-03-19 13:34:41.000000','2025-03-19 13:33:23.000000'),
(719,33,0,'{\"advantage\": 100, \"trustworthy\": 100, \"frustrating\": 0, \"confusing\": 8, \"experience\": 100}','2025-03-19 13:36:19.438912','{\"code\": \"AAA123\", \"passenger\": \"Mar\\u00eda Florencia Riva\", \"seat\": null}',79,'2025-03-19 13:36:19.000000','2025-03-19 13:34:58.000000'),
(720,34,1,'{\"advantage\": 100, \"trustworthy\": 100, \"frustrating\": 0, \"confusing\": 0, \"experience\": 100}','2025-03-19 14:06:21.856059','{\"location\": \"Madrid, Espa\\u00f1a\", \"startDate\": \"2025-09-12T14:04:03.000Z\", \"endDate\": \"2025-09-15T14:04:03.000Z\", \"vehicle\": {\"name\": \"Standard\", \"type\": \"sedan\", \"capType\": \"Sedan\", \"description\": \"VW Jetta\", \"capacity\": 5, \"price\": 32.99, \"img\": \"https://sitios-dp.okd.lifia.info.unlp.edu.ar/assets/standard-e51a82b7.webp\"}, \"protection\": null, \"total\": \"98.97\"}',118,'2025-03-19 14:06:21.000000','2025-03-19 14:04:03.000000'),
(721,39,0,'{\"advantage\": 100, \"trustworthy\": 100, \"frustrating\": 0, \"confusing\": 0, \"experience\": 100}','2025-03-19 14:07:31.484252','{}',118,'2025-03-19 14:07:31.000000','2025-03-19 14:06:32.000000'),
(722,36,0,'{\"advantage\": 100, \"trustworthy\": 100, \"frustrating\": 0, \"confusing\": 0, \"experience\": 100}','2025-03-19 14:09:16.865848','{\"nights\": 3, \"price\": 224.49, \"taxes\": 61.650000000000006, \"city\": \"Madrid, Espa\\u00f1a\"}',118,'2025-03-19 14:09:16.000000','2025-03-19 14:07:40.000000'),
(723,37,1,'{\"advantage\": 50, \"trustworthy\": 100, \"frustrating\": 0, \"confusing\": 0, \"experience\": 100}','2025-03-19 14:10:40.895793','{\"code\": \"AAA123\", \"passenger\": \"Alejandro Fernandez\", \"seat\": null}',118,'2025-03-19 14:10:40.000000','2025-03-19 14:09:28.000000'),
(724,36,0,'{\"advantage\": 92, \"trustworthy\": 50, \"frustrating\": 1, \"confusing\": 0, \"experience\": 86}','2025-03-19 14:26:23.514222','{\"nights\": 3, \"price\": 224.49, \"taxes\": 61.650000000000006, \"city\": \"Madrid, Espa\\u00f1a\"}',115,'2025-03-19 14:26:23.000000','2025-03-19 14:22:28.000000'),
(725,34,1,'{\"advantage\": 74, \"trustworthy\": 50, \"frustrating\": 4, \"confusing\": 7, \"experience\": 87}','2025-03-19 14:29:17.860983','{\"location\": \"Madrid, Espa\\u00f1a\", \"startDate\": \"2025-03-19T14:26:32.010Z\", \"endDate\": \"2025-03-19T14:26:32.010Z\", \"vehicle\": {\"name\": \"Standard\", \"type\": \"sedan\", \"capType\": \"Sedan\", \"description\": \"VW Jetta\", \"capacity\": 5, \"price\": 32.99, \"img\": \"https://sitios-dp.okd.lifia.info.unlp.edu.ar/assets/standard-e51a82b7.webp\"}, \"protection\": {\"title\": \"Cobertura Est\\u00e1ndar\", \"price\": 29.99}, \"total\": \"0.00\"}',115,'2025-03-19 14:29:17.000000','2025-03-19 14:26:31.000000'),
(726,37,1,'{\"advantage\": 79, \"trustworthy\": 63, \"frustrating\": 9, \"confusing\": 2, \"experience\": 78}','2025-03-19 14:32:03.816568','{\"code\": \"AAA123\", \"passenger\": \"silvia zelaya\", \"seat\": null}',115,'2025-03-19 14:32:03.000000','2025-03-19 14:29:42.000000'),
(727,39,0,'{\"advantage\": 74, \"trustworthy\": 71, \"frustrating\": 24, \"confusing\": 66, \"experience\": 75}','2025-03-19 14:40:54.335169','{}',115,'2025-03-19 14:40:54.000000','2025-03-19 14:33:00.000000'),
(728,36,0,'{\"advantage\": 56, \"trustworthy\": 64, \"frustrating\": 54, \"confusing\": 32, \"experience\": 50}','2025-03-19 14:47:58.193893','{\"nights\": 3, \"price\": 224.49, \"taxes\": 61.650000000000006, \"city\": \"Madrid, Espa\\u00f1a\"}',243,'2025-03-19 14:47:56.000000','2025-03-19 14:43:02.000000'),
(729,34,1,'{\"advantage\": 57, \"trustworthy\": 59, \"frustrating\": 52, \"confusing\": 40, \"experience\": 57}','2025-03-19 14:51:51.145377','{\"location\": \"Madrid, Espa\\u00f1a\", \"startDate\": \"2025-09-12T14:48:23.000Z\", \"endDate\": \"2025-09-15T14:48:23.000Z\", \"vehicle\": {\"name\": \"Standard\", \"type\": \"sedan\", \"capType\": \"Sedan\", \"description\": \"VW Jetta\", \"capacity\": 5, \"price\": 32.99, \"img\": \"https://sitios-dp.okd.lifia.info.unlp.edu.ar/assets/standard-e51a82b7.webp\"}, \"protection\": null, \"total\": \"98.97\"}',243,'2025-03-19 14:51:50.000000','2025-03-19 14:48:22.000000'),
(730,37,1,'{\"advantage\": 66, \"trustworthy\": 68, \"frustrating\": 37, \"confusing\": 44, \"experience\": 58}','2025-03-19 14:53:37.784126','{\"code\": \"AAA123\", \"passenger\": \"Irina lambogli\", \"seat\": null}',243,'2025-03-19 14:53:37.000000','2025-03-19 14:51:55.000000'),
(731,39,0,'{\"advantage\": 64, \"trustworthy\": 64, \"frustrating\": 38, \"confusing\": 44, \"experience\": 62}','2025-03-19 14:54:36.568884','{}',243,'2025-03-19 14:54:36.000000','2025-03-19 14:53:46.000000'),
(732,33,0,'{\"advantage\": 100, \"trustworthy\": 100, \"frustrating\": 10, \"confusing\": 10, \"experience\": 92}','2025-03-19 15:46:38.972416','{\"code\": \"aaa123\", \"passenger\": \"augusto saldivar\", \"seat\": null}',41,'2025-03-19 15:46:38.000000','2025-03-19 15:44:57.000000'),
(733,34,1,'{\"advantage\": 87, \"trustworthy\": 87, \"frustrating\": 4, \"confusing\": 0, \"experience\": 88}','2025-03-19 15:50:18.589954','{\"location\": \"Madrid, Espa\\u00f1a\", \"startDate\": \"2025-09-12T15:49:07.000Z\", \"endDate\": \"2025-09-15T15:49:07.000Z\", \"vehicle\": {\"name\": \"Standard\", \"type\": \"sedan\", \"capType\": \"Sedan\", \"description\": \"VW Jetta\", \"capacity\": 5, \"price\": 32.99, \"img\": \"https://sitios-dp.okd.lifia.info.unlp.edu.ar/assets/standard-e51a82b7.webp\"}, \"protection\": null, \"total\": \"98.97\"}',41,'2025-03-19 15:50:18.000000','2025-03-19 15:49:07.000000'),
(734,35,1,'{\"advantage\": 100, \"trustworthy\": 100, \"frustrating\": 3, \"confusing\": 0, \"experience\": 100}','2025-03-19 15:51:23.541500','{}',41,'2025-03-19 15:51:23.000000','2025-03-19 15:50:28.000000'),
(735,36,0,'{\"advantage\": 26, \"trustworthy\": 26, \"frustrating\": 0, \"confusing\": 0, \"experience\": 74}','2025-03-19 15:52:45.686517','{\"nights\": 3, \"price\": 224.49, \"taxes\": 61.650000000000006, \"city\": \"Madrid, Espa\\u00f1a\"}',41,'2025-03-19 15:52:45.000000','2025-03-19 15:51:33.000000'),
(736,38,0,'{\"advantage\": 63, \"trustworthy\": 50, \"frustrating\": 60, \"confusing\": 56, \"experience\": 61}','2025-03-19 18:09:13.421108','{\"location\": \"Madrid, Espa\\u00f1a\", \"startDate\": \"2025-09-12T18:07:52.000Z\", \"endDate\": \"2025-09-15T18:07:52.000Z\", \"vehicle\": {\"name\": \"Standard SUV\", \"type\": \"suv\", \"capType\": \"SUV\", \"description\": \"Ford Edge\", \"capacity\": 5, \"price\": 41.15, \"img\": \"data:image/avif;base64,AAAAHGZ0eXBhdmlmAAAAAGF2aWZtaWYxbWlhZgAAAZhtZXRhAAAAAAAAACFoZGxyAAAAAAAAAABwaWN0AAAAAAAAAAAAAAAAAAAAAA5waXRtAAAAAAABAAAANGlsb2MAAAAAREAAAgACAAAAAAG8AAEAAAAAAAACygABAAAAAASGAAEAAAAAAAAKaQAAADhpaW5mAAAAAAACAAAAFWluZmUCAAAAAAEAAGF2MDEAAAAAFWluZmUCAAAAAAIAAGF2MDEAAAAA12lwcnAAAACxaXBjbwAAABNjb2xybmNseAACAAIABoAAAAAMYXYxQ4EAHAAAAAAUaXNwZQAAAAAAAADIAAAAlgAAAA5waXhpAAAAAAEIAAAAOGF1eEMAAAAAdXJuOm1wZWc6bXBlZ0I6Y2ljcDpzeXN0ZW1zOmF1eGlsaWFyeTphbHBoYQAAAAAMYXYxQ4EADAAAAAAUaXNwZQAAAAAAAADIAAAAlgAAABBwaXhpAAAAAAMICAgAAAAeaXBtYQAAAAAAAAACAAEEgYYHiAACBIIDhIUAAAAaaXJlZgAAAAAAAAAOYXV4bAACAAEAAQAADTttZGF0EgAKBhgd8eVYVDK9BRIwDTRQtP/t3K/gRu8GVSjPri/Otc2n+gAu2K4dNUNUVC1p34/awfW2fv/2AX5o50TRSctS8pcOK2jcLNZx6m5YiTSFTWxuppbYX7lAR3FTMPEzaDkD3IPfVnwpDNeG9U6Nd0YV0cOst0SdYU93sJRBiAOuI+DkuEEPx8ujfqZNWwLWH88Xq6IO5jOE6bnZC0CKILsyDaPLPPUtuFTLnmXyo3xfowx9nULE3ZW7kcna1GKe6Zsr/cTXt0QfMXl+YYoDGVZiVKDjxgIwgoIREnbIQxRhSdfdUj1X4fORyGkhV3ua5mBLahM5UNVfenQbw3Wv2TshFM3BUcXnMzH/i+VDw/lbExQrpDJeJFImfcInQCvlPDOI4ic/LY4niUQgeu1sV15nWXu9znzuN4BSvkAOBlyohTP8Yilvq41mawGkeacdXNZJhWMLITj8TkssMDVDJv1VoLLP465pq9svNbbkAqTadBi3fQcV2XaSN87u3wRkTRccHuYQg5rWLNTrgRayMomeL8kvgf5dsxS9paQebyAj8WROKzBeFS4m1H5d+RTAOvT3WDR1KfNjxpEqpjvPHbLsv2UYpqLZ/UKQwgQziLFeR6nXT8cKujFG4Dsbhvd1MVDuz0rX47jsXaiTGAwjyUGgwH4zuQIPmyBlThOeYwkTjP8bczPwMAyt/bgqXFGotZ98zx/kvNu5F5L3qEwOVSDhWmbOKRJkBI3Q/Jbj0fc9vUdMmsn6+xQyq/tG5rUQ6WbvFE1IAWOqXA0V7kQ07iAmi3odYIvfCeji4QahFV57qh0o5LzOQEVDHYVQpwG9lCHwXyKCfrD0p6w3JMhKLrb2wxNLTuml+dOwrmLDI9bIi1ADqAfLXT67jehloppi71f8YtwL5WrL2cg6HYxV2CsxSuz7XQsnLEP/tFvVITLG6A86zSrtdHBXEgAKChgd8eVYIEBA0IAy2BQSMANNNNFA1/8v96sEWGdyEKTG2mJ5NswfDYutIuqfp7uqOquDiEx13lyZ1WS8PSV/liq9PJPsqDNAr+5Y4LSofbHR3VmJibEKPKDP2mjrcEa2NX8ZsxBvCA6RVHnXiXCy7+vumjXoaWZ3wJBdW0kRiVMsute7YG8Pd8TfHvg3TrhHoPLpcTWksbIfWS+zhqmwoZ1jNDNIm0W3fDLPx39kbl6ITFB5fuyqhoyDhAvS1oS8JWoGBuGcu4JGYoC9Z1ExsgnxFn3iIG11U5CxjlXQfOC55ysB9K/6fb5RntPX62xmrBZ8lI09RUTbOXGkQpKJca4r7oJ0ClrQ72KN0vRngZgxhQi+IsBfaHq0JWHZcwAA1HRFshlFU9Q38QWCfdQXNuEntKwyOQQerjeU/97J8RBNk9fLG26Fr5AQJ6/8rT87a7ibucBkeOCKvJPkFzl0DSmXpNBtAzQcMhTqrREoYCoDBS/yKyK9pyYuUppX574ptFJBLQZ1u5VW72w5t3ofGNVK1M+IcJ8m9ySVXMHsMRo2rgUSjcl1qQgMEHzIVUJtuOJrWgMbNrNFDsNENLSKHBXwkFZLABtp3EsxmaRoIAQjiXuw+KM3gEozmql7GXEu7dr8GhSJ4kci5Jl5vG7nqH5VM8l2H1iIvJdqXyW4aZbPIlCzTSD0x/68yrZRaSWey3v6TKblx1awyiVh+H94nu7jj5gwc7WzOI+QzfY/q8S4iP+TP3Erl3KSZDFn+gIXyumAcpiPN/VJya+Mu1gOQ3cu3yWPgi3gt0l/mzfzY1rKaLbK28c3o0C1tnhaH7jwhKzXyQVDVVXDsqJtVSCXLwPrTDOuVISUAFJn6Y20Npa4Mp2NAquS214lWQCGLNGcSyEnqKWUHTLw7jXwzvPArZD8qlBCA+hBwAR/QiWwwTIX1jrpBn7hQ8MysjYPmAw8jDiX1FivXe9/Y1oA3SomjJCrWxIIeUgWsTwrwPvtqoye7njrFo8nboIHNy2YMyPRaGpM0uW+R/6CirbPGyAAQ6cvjkyQ1VMlxO7F4qLhPtcgkkUttTh+rfh9EXw/pdh8N1iQY8o97Quqc3n5ypGHI/aaNjmQhZX3hbXeyLvBFgT2cDabK5Ss1rRJfQToBy1K4YAHDh0fS2DbOS21jDR8WmL6ArWY3ou9sijPxRykwMb137O2hen319Bqo5RgYPEqv+OSgEdmvtW+prf5uwsqZWXWcoDwxpxJ6bYUhGUo8Wk0hV8rJp4fAAWLvzEXdeq9oHtB/uTtwfCMfCU5mtx1Io8sI21quif0U29fQOcCJe99256pEhjzFr6IB93pEvS6hdKTu5h2Yr0CyeNm5Xx3OMmkR1/vfwSI6sFCvfwDAoOlswrE0EXkrTy9abO+VqkLm5WR1Qeaov5yM68+PcorsbfVcJnSvOIRob4jpe5O2eIHU9jUThb9fEG5I9+D5L/oZNoIjvQWs6x1f/7k2CQoKvx+X7D4vhOnflwtatGG0zQq6jyxbbskM5hnY02PnM+w2ATiC6qmdd6qu3SjQ7ooEkXlIxLylaYwPozdOZ3aEb/reMzW75xgR8vhm2+gQEv/fG44b0UGi1Ju3u8Dej3QrIDW94Plc3x2iypwGJp2/3UZrigmum9hxxsv16SP5igRNmW06vEx+vVL3K0ASMJwc3Tztc5DFj8HoS+y0+e6x2Iof8CD8+Dubwq9pRZdUb7r7HtNLSBxaO4PscXFaRO6rzQpY/kePGDEd1c11R2dyL5Gr4qrZicrxV1bR0Hsb8EVTSabScxYCMbyf8tRH4GttNyDPuy6LTtbhuGvfQT8nUEO+8hD/xybVgRqb0/pLZqVEmNGAl6icZdG66Tjrk+/ohIsR5bkrwhU0i3cQeU49IX/dN9jnET79qyZQd/8UBQ5cgSR2U92ILe9VbP57HWmmkl5Xcprh7j5h0KUOaBl8mWuRGnlt8o0bIq6sW03eCVmB9GhzPqgSvLpeT9Z7gtP0bbLhblM3FMKD7dU5GszVSTV/MFgwcq3SLqHaV2qiOu18HlfHQTOMAZtbJt0QTAS2y/w5e1fhliBkFHogx0+9JlSKWZIyHfYKk2iBYjSK2y8empJ4bWzt2j+xWqQvpfSjDh+YWlF2TVwW77PBUHUkdBF+fRsIgwdaP0C6Qpu3ctBM8d1xx4WGceHQOZUu2mX6DTJzEO8ClePs2C9/rAU9a9Rd1cT40OrJUhUhp7+zz7eMtMRvPQeMElN2VEdNOPSd+yaP41XbFjRg0bHBVHTRlZEw/RtGoo5CJ/dgxGx48/kGl42vWibuHbmAcANI3RL/xGll8vhJXJwY4hgPtZyzb/AVc6GuuZ+pjTwcOtH2czq/MNAyDQQ5SHolzcfiYzkj65nMPsxlHAopa/9FxKQzx4+NvPR7E2Rvr8YEns3cDHRiTnLdJAlyHrdEJM4VZlBoUzSgPC9M9GOrc/3qji69fUMn2BdUyM2vLGyiUm6hO3APfHUygb8qu8j5P98LgvEwQaRwNNT4p43hc3FWzuoGW/4RfkDCcRo+GeyKR4/FQj/24IsA9rHCHfPFK2LJvcaYOhhcgZqjaIlBQPBcKqXTMom3iVs96WZEysl1w/2vLi1DBaMnpnG48WdWPFK5Pp1UFbp7KRwSiRDpfIh/jCu++L2Ft+PwSf+gVTe7DgkI0EkKTyMKWPvcQ2qb/iQodfIkHrxVABFExHheq30SnWtXGUzT/MIJvb6hXmCiXP8IkkziNS9SZ8NI3JwtUuvimmDfLV7nXtIc6zQq+g1Mto9U66IJB+386/dCIcr6fO8HswiBmyhQYi0Er5wPmgnL6TbwBGasFeo9kox2NX77QdNEdPuMs494gGCEsJQDgBl+3yvQf11m8gjr1hnNEWBAEidPQLGeWOXamjKFMdoqyPpj3xOfbq2NxiVfYVtMvSROMcyAvMSnGQWK5VdPGIedPs3nCz5Y1PZ2rfgpe0U7kqbKngwThh5AwRfmJ9cezEF5pSHs5C7gHwJfr42TkYXB3huEUdP9lJxt3HZUIJUSIav8Ll3Ce6LkWxEglW++UP2B5phUa1Mk9q7GgZkV0OUYuyaDX7WzpRKL4BSBtXgPjfCZeCyIZTvH/aBowlddY/zrog55BlpWUUf0KQKl64cg5r7wQN9+RQaY7hKqePyNXaRb6InegzRPaVQlTDwZbiA9MGSMbxwcDAkvIYi8s1sCxDar/psbigPEOtf3vimHgaCmIZnVwSwpq3wKqpYH/HIBAMxn+hes4HQp3cWwtMWWvESNvWQIRqJg0TZ9dtrEG9ANhwZXlZ/G7YsfMZs0B0c6mWfPP8hKOwbjqQRjRlVPkCi4Ne5yEVZSstga9u/dkaFY+ZMpb6xxXpM2f82anJ72gM7gd0TkYgQsnW3eRFxLEPf1RnsMbBuTLArjBr69pCT+gfqEzAdT/Sa2NVdqthLeUxW5QsfwJvVachxtBEHXJIl1H8FSXowGDv8scxI4Q+7fcAOtGk102JsO4lv4To/jI3Ardqo4L7NgoC4rDX9WewkDHQcHi7DQA==\"}, \"protection\": null, \"total\": \"123.45\"}',268,'2025-03-19 18:09:12.000000','2025-03-19 18:07:52.000000'),
(737,33,0,'{\"advantage\": 100, \"trustworthy\": 50, \"frustrating\": 0, \"confusing\": 0, \"experience\": 50}','2025-03-19 18:24:26.798173','{\"code\": \"AAA123\", \"passenger\": \"GABRIEL BAUM \", \"seat\": {\"value\": \"4C\", \"isVIP\": false, \"save\": false}}',64,'2025-03-19 18:24:26.000000','2025-03-19 18:21:17.000000'),
(738,39,0,'{\"advantage\": 50, \"trustworthy\": 50, \"frustrating\": 26, \"confusing\": 26, \"experience\": 50}','2025-03-19 20:31:15.774394','{}',209,'2025-03-19 20:31:14.000000','2025-03-19 20:29:51.000000'),
(739,37,1,'{\"advantage\": 25, \"trustworthy\": 25, \"frustrating\": 73, \"confusing\": 74, \"experience\": 27}','2025-03-19 20:33:27.264670','{\"code\": \"aaa123\", \"passenger\": \"federico orlando\", \"seat\": null}',209,'2025-03-19 20:33:26.000000','2025-03-19 20:31:37.000000'),
(740,38,0,'{\"advantage\": 50, \"trustworthy\": 50, \"frustrating\": 26, \"confusing\": 37, \"experience\": 51}','2025-03-19 20:36:09.796906','{\"location\": \"Madrid, Espa\\u00f1a\", \"startDate\": \"2025-09-12T20:34:11.000Z\", \"endDate\": \"2025-09-15T20:34:11.000Z\", \"vehicle\": {\"name\": \"Standard\", \"type\": \"sedan\", \"capType\": \"Sedan\", \"description\": \"VW Jetta\", \"capacity\": 5, \"price\": 32.99, \"img\": \"https://sitios-dp.okd.lifia.info.unlp.edu.ar/assets/standard-e51a82b7.webp\"}, \"protection\": null, \"total\": \"98.97\"}',209,'2025-03-19 20:36:08.000000','2025-03-19 20:34:10.000000'),
(741,38,0,'{\"advantage\": 41, \"trustworthy\": 50, \"frustrating\": 50, \"confusing\": 63, \"experience\": 50}','2025-03-19 22:00:08.182503','{\"location\": \"Madrid, Espa\\u00f1a\", \"startDate\": \"2025-09-12T21:58:10.000Z\", \"endDate\": \"2025-09-15T21:58:10.000Z\", \"vehicle\": {\"name\": \"Standard\", \"type\": \"sedan\", \"capType\": \"Sedan\", \"description\": \"VW Jetta\", \"capacity\": 5, \"price\": 32.99, \"img\": \"https://sitios-dp.okd.lifia.info.unlp.edu.ar/assets/standard-e51a82b7.webp\"}, \"protection\": null, \"total\": \"98.97\"}',159,'2025-03-19 22:00:07.000000','2025-03-19 21:58:10.000000'),
(742,35,1,'{\"advantage\": 50, \"trustworthy\": 50, \"frustrating\": 72, \"confusing\": 72, \"experience\": 50}','2025-03-19 22:03:13.911334','{}',159,'2025-03-19 22:03:13.000000','2025-03-19 22:01:51.000000'),
(743,40,1,'{\"advantage\": 58, \"trustworthy\": 56, \"frustrating\": 53, \"confusing\": 52, \"experience\": 54}','2025-03-19 22:04:56.420232','{\"nights\": 3, \"price\": 224.49, \"taxes\": 61.650000000000006, \"city\": \"Madrid, Espa\\u00f1a\"}',159,'2025-03-19 22:04:55.000000','2025-03-19 22:03:28.000000'),
(744,33,0,'{\"advantage\": 0, \"trustworthy\": 0, \"frustrating\": 100, \"confusing\": 100, \"experience\": 0}','2025-03-19 22:08:19.696737','{\"code\": \"AAA123\", \"passenger\": \"Patricia Liliana Pedrazzini\", \"seat\": {\"value\": \"9E\", \"isVIP\": false, \"save\": true}}',159,'2025-03-19 22:08:19.000000','2025-03-19 22:05:12.000000'),
(745,36,0,'{\"advantage\": 39, \"trustworthy\": 50, \"frustrating\": 50, \"confusing\": 50, \"experience\": 50}','2025-03-19 23:17:37.119622','{\"nights\": 3, \"price\": 224.49, \"taxes\": 61.650000000000006, \"city\": \"Madrid, Espa\\u00f1a\"}',179,'2025-03-19 23:17:37.000000','2025-03-19 23:14:49.000000'),
(746,34,1,'{\"advantage\": 67, \"trustworthy\": 65, \"frustrating\": 50, \"confusing\": 50, \"experience\": 50}','2025-03-19 23:19:32.706516','{\"location\": \"Madrid, Espa\\u00f1a\", \"startDate\": \"2025-09-12T23:17:41.000Z\", \"endDate\": \"2025-09-15T23:17:41.000Z\", \"vehicle\": {\"name\": \"Standard SUV\", \"type\": \"suv\", \"capType\": \"SUV\", \"description\": \"Ford Edge\", \"capacity\": 5, \"price\": 41.15, \"img\": \"data:image/avif;base64,AAAAHGZ0eXBhdmlmAAAAAGF2aWZtaWYxbWlhZgAAAZhtZXRhAAAAAAAAACFoZGxyAAAAAAAAAABwaWN0AAAAAAAAAAAAAAAAAAAAAA5waXRtAAAAAAABAAAANGlsb2MAAAAAREAAAgACAAAAAAG8AAEAAAAAAAACygABAAAAAASGAAEAAAAAAAAKaQAAADhpaW5mAAAAAAACAAAAFWluZmUCAAAAAAEAAGF2MDEAAAAAFWluZmUCAAAAAAIAAGF2MDEAAAAA12lwcnAAAACxaXBjbwAAABNjb2xybmNseAACAAIABoAAAAAMYXYxQ4EAHAAAAAAUaXNwZQAAAAAAAADIAAAAlgAAAA5waXhpAAAAAAEIAAAAOGF1eEMAAAAAdXJuOm1wZWc6bXBlZ0I6Y2ljcDpzeXN0ZW1zOmF1eGlsaWFyeTphbHBoYQAAAAAMYXYxQ4EADAAAAAAUaXNwZQAAAAAAAADIAAAAlgAAABBwaXhpAAAAAAMICAgAAAAeaXBtYQAAAAAAAAACAAEEgYYHiAACBIIDhIUAAAAaaXJlZgAAAAAAAAAOYXV4bAACAAEAAQAADTttZGF0EgAKBhgd8eVYVDK9BRIwDTRQtP/t3K/gRu8GVSjPri/Otc2n+gAu2K4dNUNUVC1p34/awfW2fv/2AX5o50TRSctS8pcOK2jcLNZx6m5YiTSFTWxuppbYX7lAR3FTMPEzaDkD3IPfVnwpDNeG9U6Nd0YV0cOst0SdYU93sJRBiAOuI+DkuEEPx8ujfqZNWwLWH88Xq6IO5jOE6bnZC0CKILsyDaPLPPUtuFTLnmXyo3xfowx9nULE3ZW7kcna1GKe6Zsr/cTXt0QfMXl+YYoDGVZiVKDjxgIwgoIREnbIQxRhSdfdUj1X4fORyGkhV3ua5mBLahM5UNVfenQbw3Wv2TshFM3BUcXnMzH/i+VDw/lbExQrpDJeJFImfcInQCvlPDOI4ic/LY4niUQgeu1sV15nWXu9znzuN4BSvkAOBlyohTP8Yilvq41mawGkeacdXNZJhWMLITj8TkssMDVDJv1VoLLP465pq9svNbbkAqTadBi3fQcV2XaSN87u3wRkTRccHuYQg5rWLNTrgRayMomeL8kvgf5dsxS9paQebyAj8WROKzBeFS4m1H5d+RTAOvT3WDR1KfNjxpEqpjvPHbLsv2UYpqLZ/UKQwgQziLFeR6nXT8cKujFG4Dsbhvd1MVDuz0rX47jsXaiTGAwjyUGgwH4zuQIPmyBlThOeYwkTjP8bczPwMAyt/bgqXFGotZ98zx/kvNu5F5L3qEwOVSDhWmbOKRJkBI3Q/Jbj0fc9vUdMmsn6+xQyq/tG5rUQ6WbvFE1IAWOqXA0V7kQ07iAmi3odYIvfCeji4QahFV57qh0o5LzOQEVDHYVQpwG9lCHwXyKCfrD0p6w3JMhKLrb2wxNLTuml+dOwrmLDI9bIi1ADqAfLXT67jehloppi71f8YtwL5WrL2cg6HYxV2CsxSuz7XQsnLEP/tFvVITLG6A86zSrtdHBXEgAKChgd8eVYIEBA0IAy2BQSMANNNNFA1/8v96sEWGdyEKTG2mJ5NswfDYutIuqfp7uqOquDiEx13lyZ1WS8PSV/liq9PJPsqDNAr+5Y4LSofbHR3VmJibEKPKDP2mjrcEa2NX8ZsxBvCA6RVHnXiXCy7+vumjXoaWZ3wJBdW0kRiVMsute7YG8Pd8TfHvg3TrhHoPLpcTWksbIfWS+zhqmwoZ1jNDNIm0W3fDLPx39kbl6ITFB5fuyqhoyDhAvS1oS8JWoGBuGcu4JGYoC9Z1ExsgnxFn3iIG11U5CxjlXQfOC55ysB9K/6fb5RntPX62xmrBZ8lI09RUTbOXGkQpKJca4r7oJ0ClrQ72KN0vRngZgxhQi+IsBfaHq0JWHZcwAA1HRFshlFU9Q38QWCfdQXNuEntKwyOQQerjeU/97J8RBNk9fLG26Fr5AQJ6/8rT87a7ibucBkeOCKvJPkFzl0DSmXpNBtAzQcMhTqrREoYCoDBS/yKyK9pyYuUppX574ptFJBLQZ1u5VW72w5t3ofGNVK1M+IcJ8m9ySVXMHsMRo2rgUSjcl1qQgMEHzIVUJtuOJrWgMbNrNFDsNENLSKHBXwkFZLABtp3EsxmaRoIAQjiXuw+KM3gEozmql7GXEu7dr8GhSJ4kci5Jl5vG7nqH5VM8l2H1iIvJdqXyW4aZbPIlCzTSD0x/68yrZRaSWey3v6TKblx1awyiVh+H94nu7jj5gwc7WzOI+QzfY/q8S4iP+TP3Erl3KSZDFn+gIXyumAcpiPN/VJya+Mu1gOQ3cu3yWPgi3gt0l/mzfzY1rKaLbK28c3o0C1tnhaH7jwhKzXyQVDVVXDsqJtVSCXLwPrTDOuVISUAFJn6Y20Npa4Mp2NAquS214lWQCGLNGcSyEnqKWUHTLw7jXwzvPArZD8qlBCA+hBwAR/QiWwwTIX1jrpBn7hQ8MysjYPmAw8jDiX1FivXe9/Y1oA3SomjJCrWxIIeUgWsTwrwPvtqoye7njrFo8nboIHNy2YMyPRaGpM0uW+R/6CirbPGyAAQ6cvjkyQ1VMlxO7F4qLhPtcgkkUttTh+rfh9EXw/pdh8N1iQY8o97Quqc3n5ypGHI/aaNjmQhZX3hbXeyLvBFgT2cDabK5Ss1rRJfQToBy1K4YAHDh0fS2DbOS21jDR8WmL6ArWY3ou9sijPxRykwMb137O2hen319Bqo5RgYPEqv+OSgEdmvtW+prf5uwsqZWXWcoDwxpxJ6bYUhGUo8Wk0hV8rJp4fAAWLvzEXdeq9oHtB/uTtwfCMfCU5mtx1Io8sI21quif0U29fQOcCJe99256pEhjzFr6IB93pEvS6hdKTu5h2Yr0CyeNm5Xx3OMmkR1/vfwSI6sFCvfwDAoOlswrE0EXkrTy9abO+VqkLm5WR1Qeaov5yM68+PcorsbfVcJnSvOIRob4jpe5O2eIHU9jUThb9fEG5I9+D5L/oZNoIjvQWs6x1f/7k2CQoKvx+X7D4vhOnflwtatGG0zQq6jyxbbskM5hnY02PnM+w2ATiC6qmdd6qu3SjQ7ooEkXlIxLylaYwPozdOZ3aEb/reMzW75xgR8vhm2+gQEv/fG44b0UGi1Ju3u8Dej3QrIDW94Plc3x2iypwGJp2/3UZrigmum9hxxsv16SP5igRNmW06vEx+vVL3K0ASMJwc3Tztc5DFj8HoS+y0+e6x2Iof8CD8+Dubwq9pRZdUb7r7HtNLSBxaO4PscXFaRO6rzQpY/kePGDEd1c11R2dyL5Gr4qrZicrxV1bR0Hsb8EVTSabScxYCMbyf8tRH4GttNyDPuy6LTtbhuGvfQT8nUEO+8hD/xybVgRqb0/pLZqVEmNGAl6icZdG66Tjrk+/ohIsR5bkrwhU0i3cQeU49IX/dN9jnET79qyZQd/8UBQ5cgSR2U92ILe9VbP57HWmmkl5Xcprh7j5h0KUOaBl8mWuRGnlt8o0bIq6sW03eCVmB9GhzPqgSvLpeT9Z7gtP0bbLhblM3FMKD7dU5GszVSTV/MFgwcq3SLqHaV2qiOu18HlfHQTOMAZtbJt0QTAS2y/w5e1fhliBkFHogx0+9JlSKWZIyHfYKk2iBYjSK2y8empJ4bWzt2j+xWqQvpfSjDh+YWlF2TVwW77PBUHUkdBF+fRsIgwdaP0C6Qpu3ctBM8d1xx4WGceHQOZUu2mX6DTJzEO8ClePs2C9/rAU9a9Rd1cT40OrJUhUhp7+zz7eMtMRvPQeMElN2VEdNOPSd+yaP41XbFjRg0bHBVHTRlZEw/RtGoo5CJ/dgxGx48/kGl42vWibuHbmAcANI3RL/xGll8vhJXJwY4hgPtZyzb/AVc6GuuZ+pjTwcOtH2czq/MNAyDQQ5SHolzcfiYzkj65nMPsxlHAopa/9FxKQzx4+NvPR7E2Rvr8YEns3cDHRiTnLdJAlyHrdEJM4VZlBoUzSgPC9M9GOrc/3qji69fUMn2BdUyM2vLGyiUm6hO3APfHUygb8qu8j5P98LgvEwQaRwNNT4p43hc3FWzuoGW/4RfkDCcRo+GeyKR4/FQj/24IsA9rHCHfPFK2LJvcaYOhhcgZqjaIlBQPBcKqXTMom3iVs96WZEysl1w/2vLi1DBaMnpnG48WdWPFK5Pp1UFbp7KRwSiRDpfIh/jCu++L2Ft+PwSf+gVTe7DgkI0EkKTyMKWPvcQ2qb/iQodfIkHrxVABFExHheq30SnWtXGUzT/MIJvb6hXmCiXP8IkkziNS9SZ8NI3JwtUuvimmDfLV7nXtIc6zQq+g1Mto9U66IJB+386/dCIcr6fO8HswiBmyhQYi0Er5wPmgnL6TbwBGasFeo9kox2NX77QdNEdPuMs494gGCEsJQDgBl+3yvQf11m8gjr1hnNEWBAEidPQLGeWOXamjKFMdoqyPpj3xOfbq2NxiVfYVtMvSROMcyAvMSnGQWK5VdPGIedPs3nCz5Y1PZ2rfgpe0U7kqbKngwThh5AwRfmJ9cezEF5pSHs5C7gHwJfr42TkYXB3huEUdP9lJxt3HZUIJUSIav8Ll3Ce6LkWxEglW++UP2B5phUa1Mk9q7GgZkV0OUYuyaDX7WzpRKL4BSBtXgPjfCZeCyIZTvH/aBowlddY/zrog55BlpWUUf0KQKl64cg5r7wQN9+RQaY7hKqePyNXaRb6InegzRPaVQlTDwZbiA9MGSMbxwcDAkvIYi8s1sCxDar/psbigPEOtf3vimHgaCmIZnVwSwpq3wKqpYH/HIBAMxn+hes4HQp3cWwtMWWvESNvWQIRqJg0TZ9dtrEG9ANhwZXlZ/G7YsfMZs0B0c6mWfPP8hKOwbjqQRjRlVPkCi4Ne5yEVZSstga9u/dkaFY+ZMpb6xxXpM2f82anJ72gM7gd0TkYgQsnW3eRFxLEPf1RnsMbBuTLArjBr69pCT+gfqEzAdT/Sa2NVdqthLeUxW5QsfwJvVachxtBEHXJIl1H8FSXowGDv8scxI4Q+7fcAOtGk102JsO4lv4To/jI3Ardqo4L7NgoC4rDX9WewkDHQcHi7DQA==\"}, \"protection\": null, \"total\": \"123.45\"}',179,'2025-03-19 23:19:32.000000','2025-03-19 23:17:40.000000'),
(747,37,1,'{\"advantage\": 65, \"trustworthy\": 61, \"frustrating\": 50, \"confusing\": 50, \"experience\": 50}','2025-03-19 23:20:34.463022','{\"code\": \" AAA123\", \"passenger\": \"Fernando Durgam\", \"seat\": {\"value\": \"7E\", \"isVIP\": false, \"save\": false}}',179,'2025-03-19 23:20:34.000000','2025-03-19 23:19:46.000000'),
(748,39,0,'{\"advantage\": 78, \"trustworthy\": 24, \"frustrating\": 43, \"confusing\": 50, \"experience\": 81}','2025-03-19 23:21:45.102811','{}',179,'2025-03-19 23:21:44.000000','2025-03-19 23:20:37.000000'),
(749,34,1,'{\"advantage\": 36, \"trustworthy\": 25, \"frustrating\": 63, \"confusing\": 67, \"experience\": 39}','2025-03-20 03:33:31.462122','{\"location\": \"Madrid, Espa\\u00f1a\", \"startDate\": \"2025-09-12T03:31:45.000Z\", \"endDate\": \"2025-09-15T03:31:45.000Z\", \"vehicle\": {\"name\": \"Standard\", \"type\": \"sedan\", \"capType\": \"Sedan\", \"description\": \"VW Jetta\", \"capacity\": 5, \"price\": 32.99, \"img\": \"https://sitios-dp.okd.lifia.info.unlp.edu.ar/assets/standard-e51a82b7.webp\"}, \"protection\": null, \"total\": \"98.97\"}',213,'2025-03-20 03:33:56.000000','2025-03-20 03:31:45.000000'),
(750,35,1,'{\"advantage\": 40, \"trustworthy\": 43, \"frustrating\": 62, \"confusing\": 65, \"experience\": 42}','2025-03-20 03:35:14.818562','{}',213,'2025-03-20 03:35:39.000000','2025-03-20 03:34:04.000000'),
(751,36,0,'{\"advantage\": 59, \"trustworthy\": 57, \"frustrating\": 56, \"confusing\": 65, \"experience\": 40}','2025-03-20 03:37:56.132674','{\"nights\": 3, \"price\": 224.49, \"taxes\": 61.650000000000006, \"city\": \"Madrid, Espa\\u00f1a\"}',213,'2025-03-20 03:38:21.000000','2025-03-20 03:35:59.000000'),
(752,33,0,'{\"advantage\": 100, \"trustworthy\": 100, \"frustrating\": 0, \"confusing\": 0, \"experience\": 100}','2025-03-20 10:57:44.014733','{\"code\": \"AAA123\", \"passenger\": \"Adrian Lado\", \"seat\": {\"value\": \"1C\", \"isVIP\": true, \"save\": false}}',232,'2025-03-20 10:57:42.000000','2025-03-20 10:56:32.000000'),
(753,36,0,'{\"advantage\": 100, \"trustworthy\": 100, \"frustrating\": 0, \"confusing\": 0, \"experience\": 100}','2025-03-20 10:59:50.875750','{\"nights\": 3, \"price\": 224.49, \"taxes\": 61.650000000000006, \"city\": \"Madrid, Espa\\u00f1a\"}',232,'2025-03-20 10:59:49.000000','2025-03-20 10:57:58.000000'),
(754,34,1,'{\"advantage\": 22, \"trustworthy\": 100, \"frustrating\": 72, \"confusing\": 23, \"experience\": 72}','2025-03-20 11:02:42.002177','{\"location\": \"Madrid, Espa\\u00f1a\", \"startDate\": \"2025-09-12T10:59:57.000Z\", \"endDate\": \"2025-09-15T10:59:57.000Z\", \"vehicle\": {\"name\": \"Standard\", \"type\": \"sedan\", \"capType\": \"Sedan\", \"description\": \"VW Jetta\", \"capacity\": 5, \"price\": 32.99, \"img\": \"https://sitios-dp.okd.lifia.info.unlp.edu.ar/assets/standard-e51a82b7.webp\"}, \"protection\": null, \"total\": \"98.97\"}',232,'2025-03-20 11:02:40.000000','2025-03-20 10:59:56.000000'),
(755,33,0,'{\"advantage\": 35, \"trustworthy\": 59, \"frustrating\": 3, \"confusing\": 0, \"experience\": 88}','2025-03-20 11:27:12.352806','{\"code\": \"AAA123\", \"passenger\": \"Catalina Zuppa Moro\", \"seat\": null}',141,'2025-03-20 11:27:11.000000','2025-03-20 11:26:06.000000'),
(756,34,1,'{\"advantage\": 26, \"trustworthy\": 66, \"frustrating\": 37, \"confusing\": 60, \"experience\": 70}','2025-03-20 11:30:15.348036','{\"location\": \"Madrid, Espa\\u00f1a\", \"startDate\": \"2025-09-12T11:27:23.000Z\", \"endDate\": \"2025-09-15T11:27:23.000Z\", \"vehicle\": {\"name\": \"Standard\", \"type\": \"sedan\", \"capType\": \"Sedan\", \"description\": \"VW Jetta\", \"capacity\": 5, \"price\": 32.99, \"img\": \"https://sitios-dp.okd.lifia.info.unlp.edu.ar/assets/standard-e51a82b7.webp\"}, \"protection\": null, \"total\": \"98.97\"}',141,'2025-03-20 11:30:14.000000','2025-03-20 11:27:23.000000'),
(757,35,1,'{\"advantage\": 70, \"trustworthy\": 70, \"frustrating\": 50, \"confusing\": 0, \"experience\": 73}','2025-03-20 11:31:18.083803','{}',141,'2025-03-20 11:31:17.000000','2025-03-20 11:30:20.000000'),
(758,39,0,'{\"advantage\": 50, \"trustworthy\": 16, \"frustrating\": 50, \"confusing\": 50, \"experience\": 90}','2025-03-20 11:32:20.363261','{}',161,'2025-03-20 11:32:20.000000','2025-03-20 11:31:37.000000'),
(759,36,0,'{\"advantage\": 74, \"trustworthy\": 77, \"frustrating\": 0, \"confusing\": 0, \"experience\": 81}','2025-03-20 11:32:48.135113','{\"nights\": 3, \"price\": 224.49, \"taxes\": 61.650000000000006, \"city\": \"Madrid, Espa\\u00f1a\"}',141,'2025-03-20 11:32:47.000000','2025-03-20 11:31:23.000000'),
(760,37,1,'{\"advantage\": 46, \"trustworthy\": 36, \"frustrating\": 6, \"confusing\": 6, \"experience\": 85}','2025-03-20 11:34:11.471563','{\"code\": \"AAA123\", \"passenger\": \"prueba\", \"seat\": null}',161,'2025-03-20 11:34:11.000000','2025-03-20 11:32:43.000000'),
(761,38,0,'{\"advantage\": 32, \"trustworthy\": 36, \"frustrating\": 15, \"confusing\": 14, \"experience\": 87}','2025-03-20 11:36:27.336484','{\"location\": \"Madrid, Espa\\u00f1a\", \"startDate\": \"2025-09-12T11:34:27.000Z\", \"endDate\": \"2025-09-15T11:34:27.000Z\", \"vehicle\": {\"name\": \"Standard\", \"type\": \"sedan\", \"capType\": \"Sedan\", \"description\": \"VW Jetta\", \"capacity\": 5, \"price\": 32.99, \"img\": \"https://sitios-dp.okd.lifia.info.unlp.edu.ar/assets/standard-e51a82b7.webp\"}, \"protection\": null, \"total\": \"98.97\"}',161,'2025-03-20 11:36:27.000000','2025-03-20 11:34:26.000000'),
(762,38,0,'{\"advantage\": 68, \"trustworthy\": 68, \"frustrating\": 73, \"confusing\": 94, \"experience\": 37}','2025-03-20 12:35:28.614237','{\"location\": \"Madrid, Espa\\u00f1a\", \"startDate\": \"2025-09-12T12:25:12.000Z\", \"endDate\": \"2025-09-15T12:25:12.000Z\", \"vehicle\": {\"name\": \"Standard\", \"type\": \"sedan\", \"capType\": \"Sedan\", \"description\": \"VW Jetta\", \"capacity\": 5, \"price\": 32.99, \"img\": \"https://sitios-dp.okd.lifia.info.unlp.edu.ar/assets/standard-e51a82b7.webp\"}, \"protection\": null, \"total\": \"98.97\"}',71,'2025-03-20 12:35:31.000000','2025-03-20 12:25:12.000000'),
(763,35,1,'{\"advantage\": 79, \"trustworthy\": 80, \"frustrating\": 23, \"confusing\": 26, \"experience\": 87}','2025-03-20 12:38:16.440277','{}',71,'2025-03-20 12:38:19.000000','2025-03-20 12:35:49.000000'),
(764,36,0,'{\"advantage\": 97, \"trustworthy\": 100, \"frustrating\": 5, \"confusing\": 25, \"experience\": 84}','2025-03-20 12:40:43.622939','{\"nights\": 3, \"price\": 224.49, \"taxes\": 61.650000000000006, \"city\": \"Madrid, Espa\\u00f1a\"}',64,'2025-03-20 12:40:43.000000','2025-03-20 12:38:20.000000'),
(765,34,1,'{\"advantage\": 100, \"trustworthy\": 100, \"frustrating\": 17, \"confusing\": 17, \"experience\": 78}','2025-03-20 12:44:00.091335','{\"location\": \"Madrid, Espa\\u00f1a\", \"startDate\": \"2025-09-12T12:40:57.000Z\", \"endDate\": \"2025-09-15T12:40:57.000Z\", \"vehicle\": {\"name\": \"Standard\", \"type\": \"sedan\", \"capType\": \"Sedan\", \"description\": \"VW Jetta\", \"capacity\": 5, \"price\": 32.99, \"img\": \"https://sitios-dp.okd.lifia.info.unlp.edu.ar/assets/standard-e51a82b7.webp\"}, \"protection\": null, \"total\": \"98.97\"}',64,'2025-03-20 12:43:59.000000','2025-03-20 12:40:57.000000'),
(766,40,1,'{\"advantage\": 50, \"trustworthy\": 50, \"frustrating\": 75, \"confusing\": 75, \"experience\": 18}','2025-03-20 12:46:02.137062','{\"nights\": 0, \"price\": 0, \"taxes\": 0, \"city\": \"Madrid, Espa\\u00f1a\"}',71,'2025-03-20 12:46:05.000000','2025-03-20 12:38:45.000000'),
(767,33,0,'{\"advantage\": 64, \"trustworthy\": 77, \"frustrating\": 96, \"confusing\": 90, \"experience\": 13}','2025-03-20 12:52:32.065892','{\"code\": \"AAA123\", \"passenger\": \"Silvia Gordillo\", \"seat\": null}',71,'2025-03-20 12:52:35.000000','2025-03-20 12:46:23.000000'),
(768,37,1,'{\"advantage\": 100, \"trustworthy\": 81, \"frustrating\": 19, \"confusing\": 61, \"experience\": 87}','2025-03-20 17:49:49.805056','{\"code\": \"AAA123\", \"passenger\": \"Felipe\", \"seat\": null}',60,'2025-03-20 17:49:49.000000','2025-03-20 17:48:19.000000'),
(769,38,0,'{\"advantage\": 32, \"trustworthy\": 32, \"frustrating\": 6, \"confusing\": 6, \"experience\": 77}','2025-03-20 17:51:44.898661','{\"location\": \"Madrid, Espa\\u00f1a\", \"startDate\": \"2025-09-12T17:50:11.000Z\", \"endDate\": \"2025-09-15T17:50:11.000Z\", \"vehicle\": {\"name\": \"Standard\", \"type\": \"sedan\", \"capType\": \"Sedan\", \"description\": \"VW Jetta\", \"capacity\": 5, \"price\": 32.99, \"img\": \"https://sitios-dp.okd.lifia.info.unlp.edu.ar/assets/standard-e51a82b7.webp\"}, \"protection\": null, \"total\": \"98.97\"}',60,'2025-03-20 17:51:44.000000','2025-03-20 17:50:11.000000'),
(770,39,0,'{\"advantage\": 87, \"trustworthy\": 97, \"frustrating\": 6, \"confusing\": 0, \"experience\": 100}','2025-03-20 17:52:24.677198','{}',60,'2025-03-20 17:52:24.000000','2025-03-20 17:51:53.000000'),
(771,40,1,'{\"advantage\": 90, \"trustworthy\": 90, \"frustrating\": 0, \"confusing\": 0, \"experience\": 76}','2025-03-20 17:53:36.412071','{\"nights\": 3, \"price\": 224.49, \"taxes\": 61.650000000000006, \"city\": \"Madrid, Espa\\u00f1a\"}',60,'2025-03-20 17:53:36.000000','2025-03-20 17:52:34.000000'),
(772,35,1,'{\"advantage\": 50, \"trustworthy\": 50, \"frustrating\": 50, \"confusing\": 34, \"experience\": 50}','2025-03-20 21:37:35.104518','{}',45,'2025-03-20 21:37:33.000000','2025-03-20 21:37:18.000000'),
(773,36,0,'{\"advantage\": 34, \"trustworthy\": 58, \"frustrating\": 43, \"confusing\": 3, \"experience\": 70}','2025-03-20 22:31:49.054234','{\"nights\": 3, \"price\": 224.49, \"taxes\": 61.650000000000006, \"city\": \"Madrid, Espa\\u00f1a\"}',227,'2025-03-20 22:31:48.000000','2025-03-20 22:29:50.000000'),
(774,34,1,'{\"advantage\": 83, \"trustworthy\": 41, \"frustrating\": 64, \"confusing\": 50, \"experience\": 43}','2025-03-20 22:33:52.872931','{\"location\": \"Madrid, Espa\\u00f1a\", \"startDate\": \"2025-09-12T22:31:58.000Z\", \"endDate\": \"2025-09-15T22:31:58.000Z\", \"vehicle\": {\"name\": \"Standard\", \"type\": \"sedan\", \"capType\": \"Sedan\", \"description\": \"VW Jetta\", \"capacity\": 5, \"price\": 32.99, \"img\": \"https://sitios-dp.okd.lifia.info.unlp.edu.ar/assets/standard-e51a82b7.webp\"}, \"protection\": null, \"total\": \"98.97\"}',227,'2025-03-20 22:33:52.000000','2025-03-20 22:31:58.000000'),
(775,37,1,'{\"advantage\": 78, \"trustworthy\": 77, \"frustrating\": 50, \"confusing\": 58, \"experience\": 87}','2025-03-20 22:35:05.448740','{\"code\": \"AAA123\", \"passenger\": \"carlos lunita\", \"seat\": null}',227,'2025-03-20 22:35:05.000000','2025-03-20 22:34:04.000000'),
(776,39,0,'{\"advantage\": 20, \"trustworthy\": 86, \"frustrating\": 29, \"confusing\": 0, \"experience\": 100}','2025-03-20 22:36:06.386370','{}',227,'2025-03-20 22:36:05.000000','2025-03-20 22:35:15.000000'),
(777,36,0,'{\"advantage\": 39, \"trustworthy\": 93, \"frustrating\": 0, \"confusing\": 0, \"experience\": 100}','2025-03-20 23:24:15.287085','{\"nights\": 3, \"price\": 224.49, \"taxes\": 61.650000000000006, \"city\": \"Madrid, Espa\\u00f1a\"}',274,'2025-03-20 23:24:15.000000','2025-03-20 23:22:18.000000'),
(778,40,1,'{\"advantage\": 50, \"trustworthy\": 50, \"frustrating\": 100, \"confusing\": 100, \"experience\": 0}','2025-03-20 23:25:50.259282','{\"nights\": 0, \"price\": 0, \"taxes\": 0, \"city\": \"Madrid, Espa\\u00f1a\"}',273,'2025-03-20 23:25:50.000000','2025-03-20 23:22:21.000000'),
(779,34,1,'{\"advantage\": 50, \"trustworthy\": 36, \"frustrating\": 2, \"confusing\": 6, \"experience\": 82}','2025-03-20 23:25:57.185697','{\"location\": \"Madrid, Espa\\u00f1a\", \"startDate\": \"2025-09-12T23:24:48.000Z\", \"endDate\": \"2025-09-15T23:24:48.000Z\", \"vehicle\": {\"name\": \"Standard\", \"type\": \"sedan\", \"capType\": \"Sedan\", \"description\": \"VW Jetta\", \"capacity\": 5, \"price\": 32.99, \"img\": \"https://sitios-dp.okd.lifia.info.unlp.edu.ar/assets/standard-e51a82b7.webp\"}, \"protection\": null, \"total\": \"98.97\"}',274,'2025-03-20 23:25:57.000000','2025-03-20 23:24:48.000000'),
(780,37,1,'{\"advantage\": 50, \"trustworthy\": 80, \"frustrating\": 100, \"confusing\": 100, \"experience\": 26}','2025-03-20 23:27:35.772922','{\"code\": \"AAA123\", \"passenger\": \"Roberto Perez\", \"seat\": null}',274,'2025-03-20 23:27:36.000000','2025-03-20 23:25:59.000000'),
(781,33,0,'{\"advantage\": 100, \"trustworthy\": 50, \"frustrating\": 50, \"confusing\": 42, \"experience\": 39}','2025-03-20 23:27:36.116623','{\"code\": \"AAA123\", \"passenger\": \"Rogelia mendez\", \"seat\": null}',273,'2025-03-20 23:27:36.000000','2025-03-20 23:26:04.000000'),
(782,39,0,'{\"advantage\": 100, \"trustworthy\": 82, \"frustrating\": 68, \"confusing\": 69, \"experience\": 77}','2025-03-20 23:28:20.212173','{}',274,'2025-03-20 23:28:20.000000','2025-03-20 23:27:41.000000'),
(783,36,0,'{\"advantage\": 100, \"trustworthy\": 74, \"frustrating\": 50, \"confusing\": 50, \"experience\": 31}','2025-03-20 23:30:31.306543','{\"nights\": 0, \"price\": 0, \"taxes\": 0, \"city\": \"Madrid, Espa\\u00f1a\"}',273,'2025-03-20 23:30:31.000000','2025-03-20 23:28:21.000000'),
(784,40,1,'{\"advantage\": 15, \"trustworthy\": 0, \"frustrating\": 65, \"confusing\": 71, \"experience\": 40}','2025-03-21 00:20:37.166865','{\"nights\": 0, \"price\": 0, \"taxes\": 0, \"city\": \"Madrid, Espa\\u00f1a\"}',275,'2025-03-21 00:20:36.000000','2025-03-21 00:17:58.000000'),
(785,38,0,'{\"advantage\": 32, \"trustworthy\": 10, \"frustrating\": 64, \"confusing\": 55, \"experience\": 37}','2025-03-21 00:22:07.816629','{\"location\": \"Madrid, Espa\\u00f1a\", \"startDate\": \"2025-03-21T00:20:49.577Z\", \"endDate\": \"2025-03-21T00:20:49.578Z\", \"vehicle\": {\"name\": \"Standard\", \"type\": \"sedan\", \"capType\": \"Sedan\", \"description\": \"VW Jetta\", \"capacity\": 5, \"price\": 32.99, \"img\": \"https://sitios-dp.okd.lifia.info.unlp.edu.ar/assets/standard-e51a82b7.webp\"}, \"protection\": null, \"total\": \"32.99\"}',275,'2025-03-21 00:22:07.000000','2025-03-21 00:20:49.000000'),
(786,33,0,'{\"advantage\": 0, \"trustworthy\": 49, \"frustrating\": 50, \"confusing\": 50, \"experience\": 50}','2025-03-21 08:58:44.688538','{\"code\": \"AAA123\", \"passenger\": \"Gabriel \", \"seat\": {\"value\": \"8E\", \"isVIP\": false, \"save\": true}}',276,'2025-03-21 08:58:45.000000','2025-03-21 08:56:26.000000'),
(787,34,1,'{\"advantage\": 0, \"trustworthy\": 0, \"frustrating\": 16, \"confusing\": 19, \"experience\": 0}','2025-03-21 09:02:26.432774','{\"location\": \"Madrid, Espa\\u00f1a\", \"startDate\": \"2025-09-12T08:59:53.000Z\", \"endDate\": \"2025-09-15T08:59:53.000Z\", \"vehicle\": {\"name\": \"Standard\", \"type\": \"sedan\", \"capType\": \"Sedan\", \"description\": \"VW Jetta\", \"capacity\": 5, \"price\": 32.99, \"img\": \"https://sitios-dp.okd.lifia.info.unlp.edu.ar/assets/standard-e51a82b7.webp\"}, \"protection\": null, \"total\": \"98.97\"}',276,'2025-03-21 09:02:26.000000','2025-03-21 08:59:53.000000'),
(788,35,1,'{\"advantage\": 50, \"trustworthy\": 21, \"frustrating\": 29, \"confusing\": 50, \"experience\": 28}','2025-03-21 09:04:02.246156','{}',276,'2025-03-21 09:04:02.000000','2025-03-21 09:02:34.000000'),
(789,36,0,'{\"advantage\": 0, \"trustworthy\": 0, \"frustrating\": 0, \"confusing\": 0, \"experience\": 0}','2025-03-21 09:12:18.475222','{\"nights\": 0, \"price\": 0, \"taxes\": 0, \"city\": \"Madrid, Espa\\u00f1a\"}',276,'2025-03-21 09:12:18.000000','2025-03-21 09:09:45.000000'),
(790,34,1,'{\"advantage\": 74, \"trustworthy\": 61, \"frustrating\": 37, \"confusing\": 35, \"experience\": 70}','2025-03-21 13:45:22.869044','{\"location\": \"Barcelona, Espa\\u00f1a\", \"startDate\": \"2025-09-12T13:39:31.000Z\", \"endDate\": \"2025-09-15T13:39:31.000Z\", \"vehicle\": {\"name\": \"Standard\", \"type\": \"sedan\", \"capType\": \"Sedan\", \"description\": \"VW Jetta\", \"capacity\": 5, \"price\": 32.99, \"img\": \"https://sitios-dp.okd.lifia.info.unlp.edu.ar/assets/standard-e51a82b7.webp\"}, \"protection\": null, \"total\": \"98.97\"}',222,'2025-03-21 13:45:23.000000','2025-03-21 13:39:30.000000'),
(791,39,0,'{\"advantage\": 59, \"trustworthy\": 58, \"frustrating\": 36, \"confusing\": 33, \"experience\": 62}','2025-03-21 13:46:45.332187','{}',222,'2025-03-21 13:46:45.000000','2025-03-21 13:45:44.000000'),
(792,36,0,'{\"advantage\": 83, \"trustworthy\": 64, \"frustrating\": 42, \"confusing\": 31, \"experience\": 53}','2025-03-21 13:49:28.042125','{\"nights\": 3, \"price\": 224.49, \"taxes\": 61.650000000000006, \"city\": \"Madrid, Espa\\u00f1a\"}',222,'2025-03-21 13:49:28.000000','2025-03-21 13:46:50.000000'),
(793,37,1,'{\"advantage\": 59, \"trustworthy\": 54, \"frustrating\": 43, \"confusing\": 35, \"experience\": 72}','2025-03-21 13:52:39.361919','{\"code\": \"AAA123\", \"passenger\": \"juan miceli\", \"seat\": null}',222,'2025-03-21 13:52:39.000000','2025-03-21 13:50:12.000000'),
(794,40,1,'{\"advantage\": 62, \"trustworthy\": 54, \"frustrating\": 0, \"confusing\": 0, \"experience\": 93}','2025-03-21 14:12:42.548381','{\"nights\": 3, \"price\": 224.49, \"taxes\": 61.650000000000006, \"city\": \"Madrid, Espa\\u00f1a\"}',194,'2025-03-21 14:12:42.000000','2025-03-21 14:10:30.000000'),
(795,38,0,'{\"advantage\": 63, \"trustworthy\": 63, \"frustrating\": 0, \"confusing\": 0, \"experience\": 91}','2025-03-21 14:14:23.296161','{\"location\": \"Madrid, Espa\\u00f1a\", \"startDate\": \"2025-09-12T14:12:59.000Z\", \"endDate\": \"2025-09-15T14:12:59.000Z\", \"vehicle\": {\"name\": \"Standard\", \"type\": \"sedan\", \"capType\": \"Sedan\", \"description\": \"VW Jetta\", \"capacity\": 5, \"price\": 32.99, \"img\": \"https://sitios-dp.okd.lifia.info.unlp.edu.ar/assets/standard-e51a82b7.webp\"}, \"protection\": null, \"total\": \"98.97\"}',194,'2025-03-21 14:14:23.000000','2025-03-21 14:12:59.000000'),
(796,33,0,'{\"advantage\": 72, \"trustworthy\": 72, \"frustrating\": 0, \"confusing\": 0, \"experience\": 97}','2025-03-21 14:15:36.107363','{\"code\": \"AAA123\", \"passenger\": \"aaa\", \"seat\": null}',194,'2025-03-21 14:15:35.000000','2025-03-21 14:14:38.000000'),
(797,35,1,'{\"advantage\": 50, \"trustworthy\": 51, \"frustrating\": 0, \"confusing\": 0, \"experience\": 61}','2025-03-21 14:16:50.326796','{}',194,'2025-03-21 14:16:50.000000','2025-03-21 14:15:54.000000'),
(798,36,0,'{\"advantage\": 93, \"trustworthy\": 93, \"frustrating\": 0, \"confusing\": 0, \"experience\": 84}','2025-03-21 16:19:42.388563','{\"nights\": 3, \"price\": 224.49, \"taxes\": 61.650000000000006, \"city\": \"Madrid, Espa\\u00f1a\"}',39,'2025-03-21 16:19:41.000000','2025-03-21 16:14:17.000000'),
(799,34,1,'{\"advantage\": 89, \"trustworthy\": 100, \"frustrating\": 89, \"confusing\": 45, \"experience\": 89}','2025-03-21 16:24:28.239229','{\"location\": \"Madrid, Espa\\u00f1a\", \"startDate\": \"2025-09-12T16:20:01.000Z\", \"endDate\": \"2025-09-15T16:20:01.000Z\", \"vehicle\": {\"name\": \"Standard\", \"type\": \"sedan\", \"capType\": \"Sedan\", \"description\": \"VW Jetta\", \"capacity\": 5, \"price\": 32.99, \"img\": \"https://sitios-dp.okd.lifia.info.unlp.edu.ar/assets/standard-e51a82b7.webp\"}, \"protection\": null, \"total\": \"98.97\"}',39,'2025-03-21 16:24:28.000000','2025-03-21 16:20:01.000000'),
(800,37,1,'{\"advantage\": 77, \"trustworthy\": 89, \"frustrating\": 85, \"confusing\": 72, \"experience\": 58}','2025-03-21 16:27:48.486155','{\"code\": \"AAA123\", \"passenger\": \"Bruno\", \"seat\": null}',39,'2025-03-21 16:27:48.000000','2025-03-21 16:24:58.000000'),
(801,39,0,'{\"advantage\": 39, \"trustworthy\": 65, \"frustrating\": 38, \"confusing\": 5, \"experience\": 75}','2025-03-21 16:31:26.004900','{}',39,'2025-03-21 16:31:25.000000','2025-03-21 16:28:02.000000'),
(802,37,1,'{\"advantage\": 27, \"trustworthy\": 50, \"frustrating\": 68, \"confusing\": 68, \"experience\": 50}','2025-03-21 20:12:37.772155','{\"code\": \"AAA123\", \"passenger\": \"Facundo Pujol\", \"seat\": null}',277,'2025-03-21 20:12:41.000000','2025-03-21 20:10:29.000000'),
(803,38,0,'{\"advantage\": 55, \"trustworthy\": 49, \"frustrating\": 32, \"confusing\": 32, \"experience\": 59}','2025-03-21 20:14:04.798325','{\"location\": \"Madrid, Espa\\u00f1a\", \"startDate\": \"2025-03-21T20:12:44.912Z\", \"endDate\": \"2025-03-21T20:12:44.912Z\", \"vehicle\": {\"name\": \"Standard\", \"type\": \"sedan\", \"capType\": \"Sedan\", \"description\": \"VW Jetta\", \"capacity\": 5, \"price\": 32.99, \"img\": \"https://sitios-dp.okd.lifia.info.unlp.edu.ar/assets/standard-e51a82b7.webp\"}, \"protection\": {\"title\": \"Cobertura B\\u00e1sica\", \"price\": 9.99}, \"total\": \"0.00\"}',277,'2025-03-21 20:14:08.000000','2025-03-21 20:12:44.000000'),
(804,39,0,'{\"advantage\": 50, \"trustworthy\": 50, \"frustrating\": 66, \"confusing\": 56, \"experience\": 50}','2025-03-21 20:15:05.345012','{}',277,'2025-03-21 20:15:08.000000','2025-03-21 20:14:12.000000'),
(805,40,1,'{\"advantage\": 50, \"trustworthy\": 50, \"frustrating\": 37, \"confusing\": 37, \"experience\": 61}','2025-03-21 20:16:00.493740','{\"nights\": 0, \"price\": 0, \"taxes\": 0, \"city\": \"Madrid, Espa\\u00f1a\"}',277,'2025-03-21 20:16:03.000000','2025-03-21 20:15:13.000000'),
(806,38,0,'{\"advantage\": 83, \"trustworthy\": 50, \"frustrating\": 8, \"confusing\": 50, \"experience\": 67}','2025-03-21 20:30:30.094207','{\"location\": \"Madrid, Espa\\u00f1a\", \"startDate\": \"2025-09-12T20:28:42.000Z\", \"endDate\": \"2025-09-15T20:28:42.000Z\", \"vehicle\": {\"name\": \"Standard\", \"type\": \"sedan\", \"capType\": \"Sedan\", \"description\": \"VW Jetta\", \"capacity\": 5, \"price\": 32.99, \"img\": \"https://sitios-dp.okd.lifia.info.unlp.edu.ar/assets/standard-e51a82b7.webp\"}, \"protection\": null, \"total\": \"98.97\"}',199,'2025-03-21 20:30:29.000000','2025-03-21 20:28:42.000000'),
(807,35,1,'{\"advantage\": 68, \"trustworthy\": 68, \"frustrating\": 7, \"confusing\": 14, \"experience\": 85}','2025-03-21 20:31:17.335287','{}',199,'2025-03-21 20:31:16.000000','2025-03-21 20:30:33.000000'),
(808,40,1,'{\"advantage\": 73, \"trustworthy\": 70, \"frustrating\": 50, \"confusing\": 47, \"experience\": 50}','2025-03-21 20:32:40.395143','{\"nights\": 3, \"price\": 224.49, \"taxes\": 61.650000000000006, \"city\": \"Madrid, Espa\\u00f1a\"}',199,'2025-03-21 20:32:40.000000','2025-03-21 20:31:27.000000'),
(809,33,0,'{\"advantage\": 66, \"trustworthy\": 70, \"frustrating\": 50, \"confusing\": 50, \"experience\": 57}','2025-03-21 20:33:44.514822','{\"code\": \"AAA123\", \"passenger\": \"yoselie alvarado\", \"seat\": null}',199,'2025-03-21 20:33:44.000000','2025-03-21 20:32:58.000000'),
(810,34,1,'{\"advantage\": 36, \"trustworthy\": 50, \"frustrating\": 0, \"confusing\": 0, \"experience\": 80}','2025-03-21 20:55:08.485873','{\"location\": \"Barcelona, Espa\\u00f1a\", \"startDate\": \"2025-03-21T20:51:43.871Z\", \"endDate\": \"2025-03-21T20:51:43.871Z\", \"vehicle\": {\"name\": \"Standard\", \"type\": \"sedan\", \"capType\": \"Sedan\", \"description\": \"VW Jetta\", \"capacity\": 5, \"price\": 32.99, \"img\": \"https://sitios-dp.okd.lifia.info.unlp.edu.ar/assets/standard-e51a82b7.webp\"}, \"protection\": {\"title\": \"Cobertura B\\u00e1sica\", \"price\": 9.99}, \"total\": \"0.00\"}',279,'2025-03-21 20:55:07.000000','2025-03-21 20:51:31.000000'),
(811,39,0,'{\"advantage\": 50, \"trustworthy\": 67, \"frustrating\": 0, \"confusing\": 0, \"experience\": 68}','2025-03-21 20:56:33.045062','{}',279,'2025-03-21 20:56:32.000000','2025-03-21 20:55:15.000000'),
(812,36,0,'{\"advantage\": 43, \"trustworthy\": 60, \"frustrating\": 0, \"confusing\": 0, \"experience\": 66}','2025-03-21 20:57:53.906901','{\"nights\": 0, \"price\": 0, \"taxes\": 0, \"city\": \"Madrid, Espa\\u00f1a\"}',279,'2025-03-21 20:57:53.000000','2025-03-21 20:56:40.000000'),
(813,37,1,'{\"advantage\": 40, \"trustworthy\": 63, \"frustrating\": 4, \"confusing\": 0, \"experience\": 70}','2025-03-21 20:59:19.375662','{\"code\": \"AAA123\", \"passenger\": \"Ana Pardo\", \"seat\": null}',279,'2025-03-21 20:59:18.000000','2025-03-21 20:58:00.000000'),
(814,39,0,'{\"advantage\": 50, \"trustworthy\": 50, \"frustrating\": 6, \"confusing\": 6, \"experience\": 72}','2025-03-22 02:06:49.018938','{}',280,'2025-03-22 02:06:49.000000','2025-03-22 02:05:04.000000'),
(815,37,1,'{\"advantage\": 44, \"trustworthy\": 47, \"frustrating\": 23, \"confusing\": 7, \"experience\": 53}','2025-03-22 02:09:00.134086','{\"code\": \"AAA123\", \"passenger\": \"Francisco Pasero\", \"seat\": null}',280,'2025-03-22 02:09:01.000000','2025-03-22 02:07:17.000000'),
(816,40,1,'{\"advantage\": 41, \"trustworthy\": 57, \"frustrating\": 10, \"confusing\": 10, \"experience\": 53}','2025-03-22 02:12:34.431797','{\"nights\": 3, \"price\": 224.49, \"taxes\": 61.650000000000006, \"city\": \"Madrid, Espa\\u00f1a\"}',280,'2025-03-22 02:12:35.000000','2025-03-22 02:09:25.000000'),
(817,38,0,'{\"advantage\": 39, \"trustworthy\": 39, \"frustrating\": 9, \"confusing\": 9, \"experience\": 50}','2025-03-22 02:14:59.812907','{\"location\": \"Madrid, Espa\\u00f1a\", \"startDate\": \"2025-09-13T02:12:48.000Z\", \"endDate\": \"2025-09-16T02:12:48.000Z\", \"vehicle\": {\"name\": \"Standard\", \"type\": \"sedan\", \"capType\": \"Sedan\", \"description\": \"VW Jetta\", \"capacity\": 5, \"price\": 32.99, \"img\": \"https://sitios-dp.okd.lifia.info.unlp.edu.ar/assets/standard-e51a82b7.webp\"}, \"protection\": null, \"total\": \"98.97\"}',280,'2025-03-22 02:15:00.000000','2025-03-22 02:12:47.000000'),
(818,40,1,'{\"advantage\": 100, \"trustworthy\": 100, \"frustrating\": 29, \"confusing\": 31, \"experience\": 79}','2025-03-22 13:27:17.439870','{\"nights\": 3, \"price\": 224.49, \"taxes\": 61.650000000000006, \"city\": \"Madrid, Espa\\u00f1a\"}',281,'2025-03-22 13:27:17.000000','2025-03-22 13:25:12.000000'),
(819,33,0,'{\"advantage\": 73, \"trustworthy\": 76, \"frustrating\": 12, \"confusing\": 11, \"experience\": 76}','2025-03-22 13:29:41.620562','{\"code\": \"AAA123\", \"passenger\": \"Sofia\", \"seat\": null}',281,'2025-03-22 13:29:41.000000','2025-03-22 13:27:50.000000'),
(820,36,0,'{\"advantage\": 78, \"trustworthy\": 35, \"frustrating\": 35, \"confusing\": 36, \"experience\": 50}','2025-03-22 13:31:46.683242','{\"nights\": 3, \"price\": 224.49, \"taxes\": 61.650000000000006, \"city\": \"Madrid, Espa\\u00f1a\"}',281,'2025-03-22 13:31:46.000000','2025-03-22 13:29:54.000000'),
(821,34,1,'{\"advantage\": 33, \"trustworthy\": 50, \"frustrating\": 39, \"confusing\": 38, \"experience\": 80}','2025-03-22 13:33:32.324006','{\"location\": \"Madrid, Espa\\u00f1a\", \"startDate\": \"2025-09-12T13:31:57.000Z\", \"endDate\": \"2025-09-15T13:31:57.000Z\", \"vehicle\": {\"name\": \"Standard\", \"type\": \"sedan\", \"capType\": \"Sedan\", \"description\": \"VW Jetta\", \"capacity\": 5, \"price\": 32.99, \"img\": \"https://sitios-dp.okd.lifia.info.unlp.edu.ar/assets/standard-e51a82b7.webp\"}, \"protection\": null, \"total\": \"98.97\"}',281,'2025-03-22 13:33:32.000000','2025-03-22 13:31:57.000000'),
(822,34,1,'{\"advantage\": 100, \"trustworthy\": 48, \"frustrating\": 49, \"confusing\": 100, \"experience\": 49}','2025-03-22 15:57:26.988863','{\"location\": \"Madrid, Espa\\u00f1a\", \"startDate\": \"2025-09-12T15:45:59.000Z\", \"endDate\": \"2025-09-15T15:45:59.000Z\", \"vehicle\": {\"name\": \"Standard\", \"type\": \"sedan\", \"capType\": \"Sedan\", \"description\": \"VW Jetta\", \"capacity\": 5, \"price\": 32.99, \"img\": \"https://sitios-dp.okd.lifia.info.unlp.edu.ar/assets/standard-e51a82b7.webp\"}, \"protection\": null, \"total\": \"98.97\"}',221,'2025-03-22 15:54:58.000000','2025-03-22 15:45:58.000000'),
(823,35,1,'{\"advantage\": 0, \"trustworthy\": 100, \"frustrating\": 50, \"confusing\": 50, \"experience\": 100}','2025-03-22 16:00:47.141828','{}',221,'2025-03-22 15:58:18.000000','2025-03-22 15:56:54.000000'),
(824,36,0,'{\"advantage\": 100, \"trustworthy\": 100, \"frustrating\": 0, \"confusing\": 0, \"experience\": 100}','2025-03-22 16:04:03.151797','{\"nights\": 3, \"price\": 247.5, \"taxes\": 68.34, \"city\": \"Madrid, Espa\\u00f1a\"}',221,'2025-03-22 16:01:34.000000','2025-03-22 15:58:29.000000'),
(825,36,0,'{\"advantage\": 28, \"trustworthy\": 22, \"frustrating\": 71, \"confusing\": 73, \"experience\": 18}','2025-03-22 21:27:22.403121','{\"nights\": 3, \"price\": 224.49, \"taxes\": 61.650000000000006, \"city\": \"Madrid, Espa\\u00f1a\"}',282,'2025-03-22 21:27:22.000000','2025-03-22 21:20:54.000000'),
(826,34,1,'{\"advantage\": 0, \"trustworthy\": 41, \"frustrating\": 50, \"confusing\": 50, \"experience\": 40}','2025-03-22 21:37:13.574169','{\"location\": \"Madrid, Espa\\u00f1a\", \"startDate\": \"2025-09-12T21:29:54.000Z\", \"endDate\": \"2025-09-15T21:29:54.000Z\", \"vehicle\": {\"name\": \"Standard\", \"type\": \"sedan\", \"capType\": \"Sedan\", \"description\": \"VW Jetta\", \"capacity\": 5, \"price\": 32.99, \"img\": \"https://sitios-dp.okd.lifia.info.unlp.edu.ar/assets/standard-e51a82b7.webp\"}, \"protection\": null, \"total\": \"98.97\"}',282,'2025-03-22 21:37:13.000000','2025-03-22 21:29:53.000000'),
(827,37,1,'{\"advantage\": 16, \"trustworthy\": 49, \"frustrating\": 49, \"confusing\": 49, \"experience\": 50}','2025-03-23 00:25:31.716841','{\"code\": \"AAA123\", \"passenger\": \"sofia martinez coria\", \"seat\": null}',282,'2025-03-23 00:25:31.000000','2025-03-23 00:23:31.000000'),
(828,39,0,'{\"advantage\": 21, \"trustworthy\": 50, \"frustrating\": 21, \"confusing\": 22, \"experience\": 50}','2025-03-23 00:26:34.863182','{}',282,'2025-03-23 00:26:34.000000','2025-03-23 00:25:45.000000'),
(829,40,1,'{\"advantage\": 90, \"trustworthy\": 30, \"frustrating\": 81, \"confusing\": 18, \"experience\": 50}','2025-03-23 11:28:11.740845','{\"nights\": 3, \"price\": 224.49, \"taxes\": 61.650000000000006, \"city\": \"Madrid, Espa\\u00f1a\"}',283,'2025-03-23 11:28:11.000000','2025-03-23 11:24:07.000000'),
(830,33,0,'{\"advantage\": 85, \"trustworthy\": 85, \"frustrating\": 0, \"confusing\": 0, \"experience\": 87}','2025-03-23 11:33:22.986898','{\"code\": \"AAA123\", \"passenger\": \"Juliana Mattei\", \"seat\": null}',284,'2025-03-23 11:33:21.000000','2025-03-23 11:32:16.000000'),
(831,34,1,'{\"advantage\": 60, \"trustworthy\": 60, \"frustrating\": 27, \"confusing\": 24, \"experience\": 75}','2025-03-23 11:36:14.834761','{\"location\": \"Madrid, Espa\\u00f1a\", \"startDate\": \"2025-09-12T11:33:33.000Z\", \"endDate\": \"2025-09-15T11:33:33.000Z\", \"vehicle\": {\"name\": \"Standard\", \"type\": \"sedan\", \"capType\": \"Sedan\", \"description\": \"VW Jetta\", \"capacity\": 5, \"price\": 32.99, \"img\": \"https://sitios-dp.okd.lifia.info.unlp.edu.ar/assets/standard-e51a82b7.webp\"}, \"protection\": null, \"total\": \"98.97\"}',284,'2025-03-23 11:36:13.000000','2025-03-23 11:33:32.000000'),
(832,35,1,'{\"advantage\": 61, \"trustworthy\": 62, \"frustrating\": 24, \"confusing\": 9, \"experience\": 59}','2025-03-23 11:38:37.163446','{}',284,'2025-03-23 11:38:36.000000','2025-03-23 11:36:46.000000'),
(833,36,0,'{\"advantage\": 71, \"trustworthy\": 71, \"frustrating\": 11, \"confusing\": 6, \"experience\": 75}','2025-03-23 11:40:17.250311','{\"nights\": 3, \"price\": 224.49, \"taxes\": 61.650000000000006, \"city\": \"Madrid, Espa\\u00f1a\"}',284,'2025-03-23 11:40:16.000000','2025-03-23 11:38:40.000000'),
(834,39,0,'{\"advantage\": 50, \"trustworthy\": 50, \"frustrating\": 0, \"confusing\": 0, \"experience\": 100}','2025-03-24 13:25:46.420010','{}',89,'2025-03-24 13:25:27.000000','2025-03-24 13:23:59.000000'),
(835,37,1,'{\"advantage\": 50, \"trustworthy\": 50, \"frustrating\": 0, \"confusing\": 0, \"experience\": 100}','2025-03-24 13:28:30.743051','{\"code\": \"AAA123\", \"passenger\": \"Narges Mehran\", \"seat\": null}',89,'2025-03-24 13:28:12.000000','2025-03-24 13:27:43.000000'),
(836,40,1,'{\"advantage\": 50, \"trustworthy\": 50, \"frustrating\": 0, \"confusing\": 0, \"experience\": 100}','2025-03-24 13:33:07.608132','{\"nights\": 3, \"price\": 224.49, \"taxes\": 61.650000000000006, \"city\": \"Madrid, Espa\\u00f1a\"}',89,'2025-03-24 13:32:48.000000','2025-03-24 13:28:36.000000'),
(837,38,0,'{\"advantage\": 50, \"trustworthy\": 50, \"frustrating\": 0, \"confusing\": 0, \"experience\": 100}','2025-03-24 13:36:39.630065','{\"location\": \"Amsterdam, Paises Bajos\", \"startDate\": \"2025-09-12T12:35:12.000Z\", \"endDate\": \"2025-09-15T12:35:12.000Z\", \"vehicle\": {\"name\": \"Standard\", \"type\": \"sedan\", \"capType\": \"Sedan\", \"description\": \"VW Jetta\", \"capacity\": 5, \"price\": 32.99, \"img\": \"https://sitios-dp.okd.lifia.info.unlp.edu.ar/assets/standard-e51a82b7.webp\"}, \"protection\": null, \"total\": \"98.97\"}',89,'2025-03-24 13:36:20.000000','2025-03-24 13:35:11.000000'),
(838,38,0,'{\"advantage\": 80, \"trustworthy\": 33, \"frustrating\": 100, \"confusing\": 76, \"experience\": 9}','2025-03-24 15:42:40.604905','{\"location\": \"Madrid, Espa\\u00f1a\", \"startDate\": \"2025-09-12T15:40:25.000Z\", \"endDate\": \"2025-09-15T15:40:25.000Z\", \"vehicle\": {\"name\": \"Standard\", \"type\": \"sedan\", \"capType\": \"Sedan\", \"description\": \"VW Jetta\", \"capacity\": 5, \"price\": 32.99, \"img\": \"https://sitios-dp.okd.lifia.info.unlp.edu.ar/assets/standard-e51a82b7.webp\"}, \"protection\": null, \"total\": \"98.97\"}',286,'2025-03-24 15:42:40.000000','2025-03-24 15:40:25.000000'),
(839,35,1,'{\"advantage\": 91, \"trustworthy\": 76, \"frustrating\": 1, \"confusing\": 0, \"experience\": 79}','2025-03-24 15:43:30.543885','{}',286,'2025-03-24 15:43:31.000000','2025-03-24 15:42:47.000000'),
(840,40,1,'{\"advantage\": 9, \"trustworthy\": 71, \"frustrating\": 71, \"confusing\": 21, \"experience\": 24}','2025-03-24 15:45:22.255322','{\"nights\": 3, \"price\": 224.49, \"taxes\": 61.650000000000006, \"city\": \"Madrid, Espa\\u00f1a\"}',286,'2025-03-24 15:45:22.000000','2025-03-24 15:43:54.000000'),
(841,33,0,'{\"advantage\": 31, \"trustworthy\": 85, \"frustrating\": 67, \"confusing\": 24, \"experience\": 37}','2025-03-24 15:46:19.367728','{\"code\": \"AAA123\", \"passenger\": \"Miriam Flores\", \"seat\": null}',286,'2025-03-24 15:46:19.000000','2025-03-24 15:45:32.000000'),
(842,34,1,'{\"advantage\": 43, \"trustworthy\": 71, \"frustrating\": 9, \"confusing\": 37, \"experience\": 89}','2025-03-24 17:05:26.408577','{\"location\": \"Madrid, Espa\\u00f1a\", \"startDate\": \"2025-03-24T17:00:49.285Z\", \"endDate\": \"2025-03-24T17:00:49.285Z\", \"vehicle\": {\"name\": \"Standard SUV\", \"type\": \"suv\", \"capType\": \"SUV\", \"description\": \"Ford Edge\", \"capacity\": 5, \"price\": 41.15, \"img\": \"data:image/avif;base64,AAAAHGZ0eXBhdmlmAAAAAGF2aWZtaWYxbWlhZgAAAZhtZXRhAAAAAAAAACFoZGxyAAAAAAAAAABwaWN0AAAAAAAAAAAAAAAAAAAAAA5waXRtAAAAAAABAAAANGlsb2MAAAAAREAAAgACAAAAAAG8AAEAAAAAAAACygABAAAAAASGAAEAAAAAAAAKaQAAADhpaW5mAAAAAAACAAAAFWluZmUCAAAAAAEAAGF2MDEAAAAAFWluZmUCAAAAAAIAAGF2MDEAAAAA12lwcnAAAACxaXBjbwAAABNjb2xybmNseAACAAIABoAAAAAMYXYxQ4EAHAAAAAAUaXNwZQAAAAAAAADIAAAAlgAAAA5waXhpAAAAAAEIAAAAOGF1eEMAAAAAdXJuOm1wZWc6bXBlZ0I6Y2ljcDpzeXN0ZW1zOmF1eGlsaWFyeTphbHBoYQAAAAAMYXYxQ4EADAAAAAAUaXNwZQAAAAAAAADIAAAAlgAAABBwaXhpAAAAAAMICAgAAAAeaXBtYQAAAAAAAAACAAEEgYYHiAACBIIDhIUAAAAaaXJlZgAAAAAAAAAOYXV4bAACAAEAAQAADTttZGF0EgAKBhgd8eVYVDK9BRIwDTRQtP/t3K/gRu8GVSjPri/Otc2n+gAu2K4dNUNUVC1p34/awfW2fv/2AX5o50TRSctS8pcOK2jcLNZx6m5YiTSFTWxuppbYX7lAR3FTMPEzaDkD3IPfVnwpDNeG9U6Nd0YV0cOst0SdYU93sJRBiAOuI+DkuEEPx8ujfqZNWwLWH88Xq6IO5jOE6bnZC0CKILsyDaPLPPUtuFTLnmXyo3xfowx9nULE3ZW7kcna1GKe6Zsr/cTXt0QfMXl+YYoDGVZiVKDjxgIwgoIREnbIQxRhSdfdUj1X4fORyGkhV3ua5mBLahM5UNVfenQbw3Wv2TshFM3BUcXnMzH/i+VDw/lbExQrpDJeJFImfcInQCvlPDOI4ic/LY4niUQgeu1sV15nWXu9znzuN4BSvkAOBlyohTP8Yilvq41mawGkeacdXNZJhWMLITj8TkssMDVDJv1VoLLP465pq9svNbbkAqTadBi3fQcV2XaSN87u3wRkTRccHuYQg5rWLNTrgRayMomeL8kvgf5dsxS9paQebyAj8WROKzBeFS4m1H5d+RTAOvT3WDR1KfNjxpEqpjvPHbLsv2UYpqLZ/UKQwgQziLFeR6nXT8cKujFG4Dsbhvd1MVDuz0rX47jsXaiTGAwjyUGgwH4zuQIPmyBlThOeYwkTjP8bczPwMAyt/bgqXFGotZ98zx/kvNu5F5L3qEwOVSDhWmbOKRJkBI3Q/Jbj0fc9vUdMmsn6+xQyq/tG5rUQ6WbvFE1IAWOqXA0V7kQ07iAmi3odYIvfCeji4QahFV57qh0o5LzOQEVDHYVQpwG9lCHwXyKCfrD0p6w3JMhKLrb2wxNLTuml+dOwrmLDI9bIi1ADqAfLXT67jehloppi71f8YtwL5WrL2cg6HYxV2CsxSuz7XQsnLEP/tFvVITLG6A86zSrtdHBXEgAKChgd8eVYIEBA0IAy2BQSMANNNNFA1/8v96sEWGdyEKTG2mJ5NswfDYutIuqfp7uqOquDiEx13lyZ1WS8PSV/liq9PJPsqDNAr+5Y4LSofbHR3VmJibEKPKDP2mjrcEa2NX8ZsxBvCA6RVHnXiXCy7+vumjXoaWZ3wJBdW0kRiVMsute7YG8Pd8TfHvg3TrhHoPLpcTWksbIfWS+zhqmwoZ1jNDNIm0W3fDLPx39kbl6ITFB5fuyqhoyDhAvS1oS8JWoGBuGcu4JGYoC9Z1ExsgnxFn3iIG11U5CxjlXQfOC55ysB9K/6fb5RntPX62xmrBZ8lI09RUTbOXGkQpKJca4r7oJ0ClrQ72KN0vRngZgxhQi+IsBfaHq0JWHZcwAA1HRFshlFU9Q38QWCfdQXNuEntKwyOQQerjeU/97J8RBNk9fLG26Fr5AQJ6/8rT87a7ibucBkeOCKvJPkFzl0DSmXpNBtAzQcMhTqrREoYCoDBS/yKyK9pyYuUppX574ptFJBLQZ1u5VW72w5t3ofGNVK1M+IcJ8m9ySVXMHsMRo2rgUSjcl1qQgMEHzIVUJtuOJrWgMbNrNFDsNENLSKHBXwkFZLABtp3EsxmaRoIAQjiXuw+KM3gEozmql7GXEu7dr8GhSJ4kci5Jl5vG7nqH5VM8l2H1iIvJdqXyW4aZbPIlCzTSD0x/68yrZRaSWey3v6TKblx1awyiVh+H94nu7jj5gwc7WzOI+QzfY/q8S4iP+TP3Erl3KSZDFn+gIXyumAcpiPN/VJya+Mu1gOQ3cu3yWPgi3gt0l/mzfzY1rKaLbK28c3o0C1tnhaH7jwhKzXyQVDVVXDsqJtVSCXLwPrTDOuVISUAFJn6Y20Npa4Mp2NAquS214lWQCGLNGcSyEnqKWUHTLw7jXwzvPArZD8qlBCA+hBwAR/QiWwwTIX1jrpBn7hQ8MysjYPmAw8jDiX1FivXe9/Y1oA3SomjJCrWxIIeUgWsTwrwPvtqoye7njrFo8nboIHNy2YMyPRaGpM0uW+R/6CirbPGyAAQ6cvjkyQ1VMlxO7F4qLhPtcgkkUttTh+rfh9EXw/pdh8N1iQY8o97Quqc3n5ypGHI/aaNjmQhZX3hbXeyLvBFgT2cDabK5Ss1rRJfQToBy1K4YAHDh0fS2DbOS21jDR8WmL6ArWY3ou9sijPxRykwMb137O2hen319Bqo5RgYPEqv+OSgEdmvtW+prf5uwsqZWXWcoDwxpxJ6bYUhGUo8Wk0hV8rJp4fAAWLvzEXdeq9oHtB/uTtwfCMfCU5mtx1Io8sI21quif0U29fQOcCJe99256pEhjzFr6IB93pEvS6hdKTu5h2Yr0CyeNm5Xx3OMmkR1/vfwSI6sFCvfwDAoOlswrE0EXkrTy9abO+VqkLm5WR1Qeaov5yM68+PcorsbfVcJnSvOIRob4jpe5O2eIHU9jUThb9fEG5I9+D5L/oZNoIjvQWs6x1f/7k2CQoKvx+X7D4vhOnflwtatGG0zQq6jyxbbskM5hnY02PnM+w2ATiC6qmdd6qu3SjQ7ooEkXlIxLylaYwPozdOZ3aEb/reMzW75xgR8vhm2+gQEv/fG44b0UGi1Ju3u8Dej3QrIDW94Plc3x2iypwGJp2/3UZrigmum9hxxsv16SP5igRNmW06vEx+vVL3K0ASMJwc3Tztc5DFj8HoS+y0+e6x2Iof8CD8+Dubwq9pRZdUb7r7HtNLSBxaO4PscXFaRO6rzQpY/kePGDEd1c11R2dyL5Gr4qrZicrxV1bR0Hsb8EVTSabScxYCMbyf8tRH4GttNyDPuy6LTtbhuGvfQT8nUEO+8hD/xybVgRqb0/pLZqVEmNGAl6icZdG66Tjrk+/ohIsR5bkrwhU0i3cQeU49IX/dN9jnET79qyZQd/8UBQ5cgSR2U92ILe9VbP57HWmmkl5Xcprh7j5h0KUOaBl8mWuRGnlt8o0bIq6sW03eCVmB9GhzPqgSvLpeT9Z7gtP0bbLhblM3FMKD7dU5GszVSTV/MFgwcq3SLqHaV2qiOu18HlfHQTOMAZtbJt0QTAS2y/w5e1fhliBkFHogx0+9JlSKWZIyHfYKk2iBYjSK2y8empJ4bWzt2j+xWqQvpfSjDh+YWlF2TVwW77PBUHUkdBF+fRsIgwdaP0C6Qpu3ctBM8d1xx4WGceHQOZUu2mX6DTJzEO8ClePs2C9/rAU9a9Rd1cT40OrJUhUhp7+zz7eMtMRvPQeMElN2VEdNOPSd+yaP41XbFjRg0bHBVHTRlZEw/RtGoo5CJ/dgxGx48/kGl42vWibuHbmAcANI3RL/xGll8vhJXJwY4hgPtZyzb/AVc6GuuZ+pjTwcOtH2czq/MNAyDQQ5SHolzcfiYzkj65nMPsxlHAopa/9FxKQzx4+NvPR7E2Rvr8YEns3cDHRiTnLdJAlyHrdEJM4VZlBoUzSgPC9M9GOrc/3qji69fUMn2BdUyM2vLGyiUm6hO3APfHUygb8qu8j5P98LgvEwQaRwNNT4p43hc3FWzuoGW/4RfkDCcRo+GeyKR4/FQj/24IsA9rHCHfPFK2LJvcaYOhhcgZqjaIlBQPBcKqXTMom3iVs96WZEysl1w/2vLi1DBaMnpnG48WdWPFK5Pp1UFbp7KRwSiRDpfIh/jCu++L2Ft+PwSf+gVTe7DgkI0EkKTyMKWPvcQ2qb/iQodfIkHrxVABFExHheq30SnWtXGUzT/MIJvb6hXmCiXP8IkkziNS9SZ8NI3JwtUuvimmDfLV7nXtIc6zQq+g1Mto9U66IJB+386/dCIcr6fO8HswiBmyhQYi0Er5wPmgnL6TbwBGasFeo9kox2NX77QdNEdPuMs494gGCEsJQDgBl+3yvQf11m8gjr1hnNEWBAEidPQLGeWOXamjKFMdoqyPpj3xOfbq2NxiVfYVtMvSROMcyAvMSnGQWK5VdPGIedPs3nCz5Y1PZ2rfgpe0U7kqbKngwThh5AwRfmJ9cezEF5pSHs5C7gHwJfr42TkYXB3huEUdP9lJxt3HZUIJUSIav8Ll3Ce6LkWxEglW++UP2B5phUa1Mk9q7GgZkV0OUYuyaDX7WzpRKL4BSBtXgPjfCZeCyIZTvH/aBowlddY/zrog55BlpWUUf0KQKl64cg5r7wQN9+RQaY7hKqePyNXaRb6InegzRPaVQlTDwZbiA9MGSMbxwcDAkvIYi8s1sCxDar/psbigPEOtf3vimHgaCmIZnVwSwpq3wKqpYH/HIBAMxn+hes4HQp3cWwtMWWvESNvWQIRqJg0TZ9dtrEG9ANhwZXlZ/G7YsfMZs0B0c6mWfPP8hKOwbjqQRjRlVPkCi4Ne5yEVZSstga9u/dkaFY+ZMpb6xxXpM2f82anJ72gM7gd0TkYgQsnW3eRFxLEPf1RnsMbBuTLArjBr69pCT+gfqEzAdT/Sa2NVdqthLeUxW5QsfwJvVachxtBEHXJIl1H8FSXowGDv8scxI4Q+7fcAOtGk102JsO4lv4To/jI3Ardqo4L7NgoC4rDX9WewkDHQcHi7DQA==\"}, \"protection\": {\"title\": \"Cobertura B\\u00e1sica\", \"price\": 9.99}, \"total\": \"0.00\"}',287,'2025-03-24 17:05:24.000000','2025-03-24 17:00:48.000000'),
(843,39,0,'{\"advantage\": 75, \"trustworthy\": 89, \"frustrating\": 0, \"confusing\": 0, \"experience\": 100}','2025-03-24 17:06:59.705230','{}',287,'2025-03-24 17:06:58.000000','2025-03-24 17:05:42.000000'),
(844,36,0,'{\"advantage\": 74, \"trustworthy\": 57, \"frustrating\": 0, \"confusing\": 0, \"experience\": 91}','2025-03-24 17:10:39.370144','{\"nights\": 0, \"price\": 0, \"taxes\": 0, \"city\": \"Madrid, Espa\\u00f1a\"}',287,'2025-03-24 17:10:38.000000','2025-03-24 17:09:15.000000'),
(845,37,1,'{\"advantage\": 82, \"trustworthy\": 90, \"frustrating\": 0, \"confusing\": 0, \"experience\": 86}','2025-03-24 17:11:43.900447','{\"code\": \"AAA123\", \"passenger\": \"Jonathan Ariel Gimbatti\", \"seat\": null}',287,'2025-03-24 17:11:42.000000','2025-03-24 17:10:46.000000'),
(846,39,0,'{\"advantage\": 24, \"trustworthy\": 25, \"frustrating\": 97, \"confusing\": 33, \"experience\": 30}','2025-03-24 20:43:32.346730','{}',288,'2025-03-24 20:43:30.000000','2025-03-24 20:41:15.000000'),
(847,37,1,'{\"advantage\": 73, \"trustworthy\": 75, \"frustrating\": 42, \"confusing\": 40, \"experience\": 39}','2025-03-24 20:46:06.292836','{\"code\": \"AAA123\", \"passenger\": \"Pepito Juancho\", \"seat\": null}',288,'2025-03-24 20:46:03.000000','2025-03-24 20:43:41.000000'),
(848,40,1,'{\"advantage\": 36, \"trustworthy\": 28, \"frustrating\": 77, \"confusing\": 78, \"experience\": 31}','2025-03-24 20:50:54.664700','{\"nights\": 3, \"price\": 224.49, \"taxes\": 61.650000000000006, \"city\": \"Madrid, Espa\\u00f1a\"}',288,'2025-03-24 20:50:52.000000','2025-03-24 20:46:07.000000'),
(849,38,0,'{\"advantage\": 41, \"trustworthy\": 60, \"frustrating\": 65, \"confusing\": 27, \"experience\": 79}','2025-03-24 20:53:52.509119','{\"location\": \"Madrid, Espa\\u00f1a\", \"startDate\": \"2025-09-12T20:51:03.000Z\", \"endDate\": \"2025-09-15T20:51:03.000Z\", \"vehicle\": {\"name\": \"Standard\", \"type\": \"sedan\", \"capType\": \"Sedan\", \"description\": \"VW Jetta\", \"capacity\": 5, \"price\": 32.99, \"img\": \"https://sitios-dp.okd.lifia.info.unlp.edu.ar/assets/standard-e51a82b7.webp\"}, \"protection\": null, \"total\": \"98.97\"}',288,'2025-03-24 20:53:50.000000','2025-03-24 20:50:56.000000'),
(850,40,1,'{\"advantage\": 100, \"trustworthy\": 100, \"frustrating\": 0, \"confusing\": 0, \"experience\": 64}','2025-03-24 22:21:40.059448','{\"nights\": 3, \"price\": 224.49, \"taxes\": 61.650000000000006, \"city\": \"Madrid, Espa\\u00f1a\"}',289,'2025-03-24 22:21:39.000000','2025-03-24 22:17:53.000000'),
(851,33,0,'{\"advantage\": 12, \"trustworthy\": 79, \"frustrating\": 0, \"confusing\": 10, \"experience\": 65}','2025-03-24 22:23:00.198770','{\"code\": \"AAA123\", \"passenger\": \"Michael Riffo\", \"seat\": null}',289,'2025-03-24 22:22:59.000000','2025-03-24 22:21:53.000000'),
(852,36,0,'{\"advantage\": 99, \"trustworthy\": 89, \"frustrating\": 0, \"confusing\": 0, \"experience\": 100}','2025-03-24 22:24:37.623096','{\"nights\": 3, \"price\": 224.49, \"taxes\": 61.650000000000006, \"city\": \"Madrid, Espa\\u00f1a\"}',289,'2025-03-24 22:24:37.000000','2025-03-24 22:23:12.000000'),
(853,34,1,'{\"advantage\": 88, \"trustworthy\": 90, \"frustrating\": 0, \"confusing\": 78, \"experience\": 92}','2025-03-24 22:26:53.644806','{\"location\": \"Madrid, Espa\\u00f1a\", \"startDate\": \"2025-09-12T22:24:45.000Z\", \"endDate\": \"2025-09-15T22:24:45.000Z\", \"vehicle\": {\"name\": \"Standard\", \"type\": \"sedan\", \"capType\": \"Sedan\", \"description\": \"VW Jetta\", \"capacity\": 5, \"price\": 32.99, \"img\": \"https://sitios-dp.okd.lifia.info.unlp.edu.ar/assets/standard-e51a82b7.webp\"}, \"protection\": null, \"total\": \"98.97\"}',289,'2025-03-24 22:26:53.000000','2025-03-24 22:24:45.000000'),
(854,40,1,'{\"advantage\": 0, \"trustworthy\": 0, \"frustrating\": 100, \"confusing\": 100, \"experience\": 0}','2025-03-24 22:49:32.581011','{\"nights\": 0, \"price\": 0, \"taxes\": 0, \"city\": \"Madrid, Espa\\u00f1a\"}',291,'2025-03-24 22:49:31.000000','2025-03-24 22:43:53.000000'),
(855,38,0,'{\"advantage\": 0, \"trustworthy\": 0, \"frustrating\": 100, \"confusing\": 100, \"experience\": 0}','2025-03-24 23:13:23.080986','{\"location\": \"Madrid, Espa\\u00f1a\", \"startDate\": \"2025-09-12T23:10:45.000Z\", \"endDate\": \"2025-09-15T23:10:45.000Z\", \"vehicle\": {\"name\": \"Standard SUV\", \"type\": \"suv\", \"capType\": \"SUV\", \"description\": \"Ford Edge\", \"capacity\": 5, \"price\": 41.15, \"img\": \"data:image/avif;base64,AAAAHGZ0eXBhdmlmAAAAAGF2aWZtaWYxbWlhZgAAAZhtZXRhAAAAAAAAACFoZGxyAAAAAAAAAABwaWN0AAAAAAAAAAAAAAAAAAAAAA5waXRtAAAAAAABAAAANGlsb2MAAAAAREAAAgACAAAAAAG8AAEAAAAAAAACygABAAAAAASGAAEAAAAAAAAKaQAAADhpaW5mAAAAAAACAAAAFWluZmUCAAAAAAEAAGF2MDEAAAAAFWluZmUCAAAAAAIAAGF2MDEAAAAA12lwcnAAAACxaXBjbwAAABNjb2xybmNseAACAAIABoAAAAAMYXYxQ4EAHAAAAAAUaXNwZQAAAAAAAADIAAAAlgAAAA5waXhpAAAAAAEIAAAAOGF1eEMAAAAAdXJuOm1wZWc6bXBlZ0I6Y2ljcDpzeXN0ZW1zOmF1eGlsaWFyeTphbHBoYQAAAAAMYXYxQ4EADAAAAAAUaXNwZQAAAAAAAADIAAAAlgAAABBwaXhpAAAAAAMICAgAAAAeaXBtYQAAAAAAAAACAAEEgYYHiAACBIIDhIUAAAAaaXJlZgAAAAAAAAAOYXV4bAACAAEAAQAADTttZGF0EgAKBhgd8eVYVDK9BRIwDTRQtP/t3K/gRu8GVSjPri/Otc2n+gAu2K4dNUNUVC1p34/awfW2fv/2AX5o50TRSctS8pcOK2jcLNZx6m5YiTSFTWxuppbYX7lAR3FTMPEzaDkD3IPfVnwpDNeG9U6Nd0YV0cOst0SdYU93sJRBiAOuI+DkuEEPx8ujfqZNWwLWH88Xq6IO5jOE6bnZC0CKILsyDaPLPPUtuFTLnmXyo3xfowx9nULE3ZW7kcna1GKe6Zsr/cTXt0QfMXl+YYoDGVZiVKDjxgIwgoIREnbIQxRhSdfdUj1X4fORyGkhV3ua5mBLahM5UNVfenQbw3Wv2TshFM3BUcXnMzH/i+VDw/lbExQrpDJeJFImfcInQCvlPDOI4ic/LY4niUQgeu1sV15nWXu9znzuN4BSvkAOBlyohTP8Yilvq41mawGkeacdXNZJhWMLITj8TkssMDVDJv1VoLLP465pq9svNbbkAqTadBi3fQcV2XaSN87u3wRkTRccHuYQg5rWLNTrgRayMomeL8kvgf5dsxS9paQebyAj8WROKzBeFS4m1H5d+RTAOvT3WDR1KfNjxpEqpjvPHbLsv2UYpqLZ/UKQwgQziLFeR6nXT8cKujFG4Dsbhvd1MVDuz0rX47jsXaiTGAwjyUGgwH4zuQIPmyBlThOeYwkTjP8bczPwMAyt/bgqXFGotZ98zx/kvNu5F5L3qEwOVSDhWmbOKRJkBI3Q/Jbj0fc9vUdMmsn6+xQyq/tG5rUQ6WbvFE1IAWOqXA0V7kQ07iAmi3odYIvfCeji4QahFV57qh0o5LzOQEVDHYVQpwG9lCHwXyKCfrD0p6w3JMhKLrb2wxNLTuml+dOwrmLDI9bIi1ADqAfLXT67jehloppi71f8YtwL5WrL2cg6HYxV2CsxSuz7XQsnLEP/tFvVITLG6A86zSrtdHBXEgAKChgd8eVYIEBA0IAy2BQSMANNNNFA1/8v96sEWGdyEKTG2mJ5NswfDYutIuqfp7uqOquDiEx13lyZ1WS8PSV/liq9PJPsqDNAr+5Y4LSofbHR3VmJibEKPKDP2mjrcEa2NX8ZsxBvCA6RVHnXiXCy7+vumjXoaWZ3wJBdW0kRiVMsute7YG8Pd8TfHvg3TrhHoPLpcTWksbIfWS+zhqmwoZ1jNDNIm0W3fDLPx39kbl6ITFB5fuyqhoyDhAvS1oS8JWoGBuGcu4JGYoC9Z1ExsgnxFn3iIG11U5CxjlXQfOC55ysB9K/6fb5RntPX62xmrBZ8lI09RUTbOXGkQpKJca4r7oJ0ClrQ72KN0vRngZgxhQi+IsBfaHq0JWHZcwAA1HRFshlFU9Q38QWCfdQXNuEntKwyOQQerjeU/97J8RBNk9fLG26Fr5AQJ6/8rT87a7ibucBkeOCKvJPkFzl0DSmXpNBtAzQcMhTqrREoYCoDBS/yKyK9pyYuUppX574ptFJBLQZ1u5VW72w5t3ofGNVK1M+IcJ8m9ySVXMHsMRo2rgUSjcl1qQgMEHzIVUJtuOJrWgMbNrNFDsNENLSKHBXwkFZLABtp3EsxmaRoIAQjiXuw+KM3gEozmql7GXEu7dr8GhSJ4kci5Jl5vG7nqH5VM8l2H1iIvJdqXyW4aZbPIlCzTSD0x/68yrZRaSWey3v6TKblx1awyiVh+H94nu7jj5gwc7WzOI+QzfY/q8S4iP+TP3Erl3KSZDFn+gIXyumAcpiPN/VJya+Mu1gOQ3cu3yWPgi3gt0l/mzfzY1rKaLbK28c3o0C1tnhaH7jwhKzXyQVDVVXDsqJtVSCXLwPrTDOuVISUAFJn6Y20Npa4Mp2NAquS214lWQCGLNGcSyEnqKWUHTLw7jXwzvPArZD8qlBCA+hBwAR/QiWwwTIX1jrpBn7hQ8MysjYPmAw8jDiX1FivXe9/Y1oA3SomjJCrWxIIeUgWsTwrwPvtqoye7njrFo8nboIHNy2YMyPRaGpM0uW+R/6CirbPGyAAQ6cvjkyQ1VMlxO7F4qLhPtcgkkUttTh+rfh9EXw/pdh8N1iQY8o97Quqc3n5ypGHI/aaNjmQhZX3hbXeyLvBFgT2cDabK5Ss1rRJfQToBy1K4YAHDh0fS2DbOS21jDR8WmL6ArWY3ou9sijPxRykwMb137O2hen319Bqo5RgYPEqv+OSgEdmvtW+prf5uwsqZWXWcoDwxpxJ6bYUhGUo8Wk0hV8rJp4fAAWLvzEXdeq9oHtB/uTtwfCMfCU5mtx1Io8sI21quif0U29fQOcCJe99256pEhjzFr6IB93pEvS6hdKTu5h2Yr0CyeNm5Xx3OMmkR1/vfwSI6sFCvfwDAoOlswrE0EXkrTy9abO+VqkLm5WR1Qeaov5yM68+PcorsbfVcJnSvOIRob4jpe5O2eIHU9jUThb9fEG5I9+D5L/oZNoIjvQWs6x1f/7k2CQoKvx+X7D4vhOnflwtatGG0zQq6jyxbbskM5hnY02PnM+w2ATiC6qmdd6qu3SjQ7ooEkXlIxLylaYwPozdOZ3aEb/reMzW75xgR8vhm2+gQEv/fG44b0UGi1Ju3u8Dej3QrIDW94Plc3x2iypwGJp2/3UZrigmum9hxxsv16SP5igRNmW06vEx+vVL3K0ASMJwc3Tztc5DFj8HoS+y0+e6x2Iof8CD8+Dubwq9pRZdUb7r7HtNLSBxaO4PscXFaRO6rzQpY/kePGDEd1c11R2dyL5Gr4qrZicrxV1bR0Hsb8EVTSabScxYCMbyf8tRH4GttNyDPuy6LTtbhuGvfQT8nUEO+8hD/xybVgRqb0/pLZqVEmNGAl6icZdG66Tjrk+/ohIsR5bkrwhU0i3cQeU49IX/dN9jnET79qyZQd/8UBQ5cgSR2U92ILe9VbP57HWmmkl5Xcprh7j5h0KUOaBl8mWuRGnlt8o0bIq6sW03eCVmB9GhzPqgSvLpeT9Z7gtP0bbLhblM3FMKD7dU5GszVSTV/MFgwcq3SLqHaV2qiOu18HlfHQTOMAZtbJt0QTAS2y/w5e1fhliBkFHogx0+9JlSKWZIyHfYKk2iBYjSK2y8empJ4bWzt2j+xWqQvpfSjDh+YWlF2TVwW77PBUHUkdBF+fRsIgwdaP0C6Qpu3ctBM8d1xx4WGceHQOZUu2mX6DTJzEO8ClePs2C9/rAU9a9Rd1cT40OrJUhUhp7+zz7eMtMRvPQeMElN2VEdNOPSd+yaP41XbFjRg0bHBVHTRlZEw/RtGoo5CJ/dgxGx48/kGl42vWibuHbmAcANI3RL/xGll8vhJXJwY4hgPtZyzb/AVc6GuuZ+pjTwcOtH2czq/MNAyDQQ5SHolzcfiYzkj65nMPsxlHAopa/9FxKQzx4+NvPR7E2Rvr8YEns3cDHRiTnLdJAlyHrdEJM4VZlBoUzSgPC9M9GOrc/3qji69fUMn2BdUyM2vLGyiUm6hO3APfHUygb8qu8j5P98LgvEwQaRwNNT4p43hc3FWzuoGW/4RfkDCcRo+GeyKR4/FQj/24IsA9rHCHfPFK2LJvcaYOhhcgZqjaIlBQPBcKqXTMom3iVs96WZEysl1w/2vLi1DBaMnpnG48WdWPFK5Pp1UFbp7KRwSiRDpfIh/jCu++L2Ft+PwSf+gVTe7DgkI0EkKTyMKWPvcQ2qb/iQodfIkHrxVABFExHheq30SnWtXGUzT/MIJvb6hXmCiXP8IkkziNS9SZ8NI3JwtUuvimmDfLV7nXtIc6zQq+g1Mto9U66IJB+386/dCIcr6fO8HswiBmyhQYi0Er5wPmgnL6TbwBGasFeo9kox2NX77QdNEdPuMs494gGCEsJQDgBl+3yvQf11m8gjr1hnNEWBAEidPQLGeWOXamjKFMdoqyPpj3xOfbq2NxiVfYVtMvSROMcyAvMSnGQWK5VdPGIedPs3nCz5Y1PZ2rfgpe0U7kqbKngwThh5AwRfmJ9cezEF5pSHs5C7gHwJfr42TkYXB3huEUdP9lJxt3HZUIJUSIav8Ll3Ce6LkWxEglW++UP2B5phUa1Mk9q7GgZkV0OUYuyaDX7WzpRKL4BSBtXgPjfCZeCyIZTvH/aBowlddY/zrog55BlpWUUf0KQKl64cg5r7wQN9+RQaY7hKqePyNXaRb6InegzRPaVQlTDwZbiA9MGSMbxwcDAkvIYi8s1sCxDar/psbigPEOtf3vimHgaCmIZnVwSwpq3wKqpYH/HIBAMxn+hes4HQp3cWwtMWWvESNvWQIRqJg0TZ9dtrEG9ANhwZXlZ/G7YsfMZs0B0c6mWfPP8hKOwbjqQRjRlVPkCi4Ne5yEVZSstga9u/dkaFY+ZMpb6xxXpM2f82anJ72gM7gd0TkYgQsnW3eRFxLEPf1RnsMbBuTLArjBr69pCT+gfqEzAdT/Sa2NVdqthLeUxW5QsfwJvVachxtBEHXJIl1H8FSXowGDv8scxI4Q+7fcAOtGk102JsO4lv4To/jI3Ardqo4L7NgoC4rDX9WewkDHQcHi7DQA==\"}, \"protection\": null, \"total\": \"123.45\"}',291,'2025-03-24 23:13:22.000000','2025-03-24 23:10:44.000000'),
(856,37,1,'{\"advantage\": 100, \"trustworthy\": 89, \"frustrating\": 0, \"confusing\": 0, \"experience\": 89}','2025-03-24 23:22:57.757302','{\"code\": \"AAA123\", \"passenger\": \"Lucia Nowell\", \"seat\": null}',293,'2025-03-24 23:22:57.000000','2025-03-24 23:21:18.000000'),
(857,33,0,'{\"advantage\": 1, \"trustworthy\": 2, \"frustrating\": 100, \"confusing\": 98, \"experience\": 4}','2025-03-24 23:28:41.073128','{\"code\": \"800\", \"passenger\": \"lau\", \"seat\": {\"value\": \"4D\", \"isVIP\": false, \"save\": false}}',291,'2025-03-24 23:28:40.000000','2025-03-24 23:13:26.000000'),
(858,35,1,'{\"advantage\": 2, \"trustworthy\": 2, \"frustrating\": 97, \"confusing\": 100, \"experience\": 0}','2025-03-24 23:31:30.934708','{}',291,'2025-03-24 23:31:30.000000','2025-03-24 23:30:03.000000'),
(859,38,0,'{\"advantage\": 86, \"trustworthy\": 86, \"frustrating\": 86, \"confusing\": 87, \"experience\": 86}','2025-03-24 23:37:38.345826','{\"location\": \"Madrid, Espa\\u00f1a\", \"startDate\": \"2025-03-24T23:35:03.798Z\", \"endDate\": \"2025-03-24T23:35:03.798Z\", \"vehicle\": {\"name\": \"Standard\", \"type\": \"sedan\", \"capType\": \"Sedan\", \"description\": \"VW Jetta\", \"capacity\": 5, \"price\": 32.99, \"img\": \"https://sitios-dp.okd.lifia.info.unlp.edu.ar/assets/standard-e51a82b7.webp\"}, \"protection\": null, \"total\": \"0.00\"}',294,'2025-03-24 23:37:37.000000','2025-03-24 23:35:02.000000'),
(860,35,1,'{\"advantage\": 85, \"trustworthy\": 84, \"frustrating\": 12, \"confusing\": 12, \"experience\": 87}','2025-03-24 23:39:10.872805','{}',294,'2025-03-24 23:39:10.000000','2025-03-24 23:37:50.000000'),
(861,39,0,'{\"advantage\": 50, \"trustworthy\": 50, \"frustrating\": 50, \"confusing\": 50, \"experience\": 100}','2025-03-25 00:43:36.722872','{}',296,'2025-03-25 00:43:35.000000','2025-03-25 00:40:34.000000'),
(862,37,1,'{\"advantage\": 74, \"trustworthy\": 50, \"frustrating\": 50, \"confusing\": 50, \"experience\": 100}','2025-03-25 00:48:25.989317','{\"code\": \"AAA123\", \"passenger\": \"Ana cor\", \"seat\": {\"value\": \"8E\", \"isVIP\": false, \"save\": true}}',296,'2025-03-25 00:48:24.000000','2025-03-25 00:44:09.000000'),
(863,40,1,'{\"advantage\": 83, \"trustworthy\": 74, \"frustrating\": 14, \"confusing\": 18, \"experience\": 87}','2025-03-25 00:53:22.402408','{\"nights\": 31, \"price\": 2319.73, \"taxes\": 637.0500000000001, \"city\": \"Madrid, Espa\\u00f1a\"}',297,'2025-03-25 00:53:21.000000','2025-03-25 00:47:08.000000'),
(864,40,1,'{\"advantage\": 50, \"trustworthy\": 100, \"frustrating\": 50, \"confusing\": 50, \"experience\": 100}','2025-03-25 00:54:50.648348','{\"nights\": 3, \"price\": 224.49, \"taxes\": 61.650000000000006, \"city\": \"Madrid, Espa\\u00f1a\"}',296,'2025-03-25 00:54:49.000000','2025-03-25 00:50:47.000000'),
(865,38,0,'{\"advantage\": 50, \"trustworthy\": 50, \"frustrating\": 50, \"confusing\": 50, \"experience\": 100}','2025-03-25 00:57:11.990950','{\"location\": \"Madrid, Espa\\u00f1a\", \"startDate\": \"2025-09-13T00:54:59.000Z\", \"endDate\": \"2025-09-16T00:54:59.000Z\", \"vehicle\": {\"name\": \"Standard\", \"type\": \"sedan\", \"capType\": \"Sedan\", \"description\": \"VW Jetta\", \"capacity\": 5, \"price\": 32.99, \"img\": \"https://sitios-dp.okd.lifia.info.unlp.edu.ar/assets/standard-e51a82b7.webp\"}, \"protection\": null, \"total\": \"98.97\"}',296,'2025-03-25 00:57:10.000000','2025-03-25 00:54:59.000000'),
(866,33,0,'{\"advantage\": 86, \"trustworthy\": 90, \"frustrating\": 92, \"confusing\": 17, \"experience\": 100}','2025-03-25 01:01:22.137350','{\"code\": \"AAA123\", \"passenger\": \"Cristian \", \"seat\": {\"value\": \"8B\", \"isVIP\": false, \"save\": true}}',297,'2025-03-25 01:01:20.000000','2025-03-25 00:55:26.000000'),
(867,36,0,'{\"advantage\": 50, \"trustworthy\": 50, \"frustrating\": 20, \"confusing\": 26, \"experience\": 50}','2025-03-25 01:14:43.613385','{\"nights\": 4, \"price\": 299.32, \"taxes\": 82.2, \"city\": \"Madrid, Espa\\u00f1a\"}',297,'2025-03-25 01:14:42.000000','2025-03-25 01:09:24.000000'),
(868,34,1,'{\"advantage\": 74, \"trustworthy\": 80, \"frustrating\": 40, \"confusing\": 86, \"experience\": 84}','2025-03-25 01:21:50.714221','{\"location\": \"Madrid, Espa\\u00f1a\", \"startDate\": \"2025-09-13T01:15:51.000Z\", \"endDate\": \"2025-09-16T01:15:51.000Z\", \"vehicle\": {\"name\": \"Standard\", \"type\": \"sedan\", \"capType\": \"Sedan\", \"description\": \"VW Jetta\", \"capacity\": 5, \"price\": 32.99, \"img\": \"https://sitios-dp.okd.lifia.info.unlp.edu.ar/assets/standard-e51a82b7.webp\"}, \"protection\": {\"title\": \"Cobertura Est\\u00e1ndar\", \"price\": 29.99}, \"total\": \"188.94\"}',297,'2025-03-25 01:21:49.000000','2025-03-25 01:15:50.000000'),
(869,40,1,'{\"advantage\": 100, \"trustworthy\": 100, \"frustrating\": 50, \"confusing\": 50, \"experience\": 50}','2025-03-25 09:49:17.199366','{\"nights\": 3, \"price\": 224.49, \"taxes\": 61.650000000000006, \"city\": \"Madrid, Espa\\u00f1a\"}',202,'2025-03-25 09:49:17.000000','2025-03-25 09:47:33.000000'),
(870,38,0,'{\"advantage\": 100, \"trustworthy\": 100, \"frustrating\": 50, \"confusing\": 50, \"experience\": 50}','2025-03-25 09:50:56.386263','{\"location\": \"Madrid, Espa\\u00f1a\", \"startDate\": \"2025-09-12T09:49:25.000Z\", \"endDate\": \"2025-09-15T09:49:25.000Z\", \"vehicle\": {\"name\": \"Standard\", \"type\": \"sedan\", \"capType\": \"Sedan\", \"description\": \"VW Jetta\", \"capacity\": 5, \"price\": 32.99, \"img\": \"https://sitios-dp.okd.lifia.info.unlp.edu.ar/assets/standard-e51a82b7.webp\"}, \"protection\": null, \"total\": \"98.97\"}',202,'2025-03-25 09:50:56.000000','2025-03-25 09:49:24.000000'),
(871,33,0,'{\"advantage\": 100, \"trustworthy\": 100, \"frustrating\": 50, \"confusing\": 50, \"experience\": 100}','2025-03-25 09:52:21.808433','{\"code\": \"AAA123\", \"passenger\": \"ALICIA PAZ\", \"seat\": null}',202,'2025-03-25 09:52:21.000000','2025-03-25 09:51:02.000000'),
(872,35,1,'{\"advantage\": 100, \"trustworthy\": 100, \"frustrating\": 50, \"confusing\": 50, \"experience\": 100}','2025-03-25 09:53:10.512959','{}',202,'2025-03-25 09:53:10.000000','2025-03-25 09:52:28.000000'),
(873,37,1,'{\"advantage\": 50, \"trustworthy\": 50, \"frustrating\": 72, \"confusing\": 72, \"experience\": 20}','2025-03-25 12:07:57.205819','{\"code\": \"AAA123\", \"passenger\": \"Nazarre Rosalina\", \"seat\": null}',26,'2025-03-25 12:07:57.000000','2025-03-25 12:03:54.000000'),
(874,38,0,'{\"advantage\": 34, \"trustworthy\": 34, \"frustrating\": 50, \"confusing\": 63, \"experience\": 41}','2025-03-25 12:12:45.731000','{\"location\": \"Madrid, Espa\\u00f1a\", \"startDate\": \"2025-09-12T12:08:20.000Z\", \"endDate\": \"2025-09-15T12:08:20.000Z\", \"vehicle\": {\"name\": \"Standard\", \"type\": \"sedan\", \"capType\": \"Sedan\", \"description\": \"VW Jetta\", \"capacity\": 5, \"price\": 32.99, \"img\": \"https://sitios-dp.okd.lifia.info.unlp.edu.ar/assets/standard-e51a82b7.webp\"}, \"protection\": null, \"total\": \"98.97\"}',26,'2025-03-25 12:12:45.000000','2025-03-25 12:08:19.000000'),
(875,39,0,'{\"advantage\": 50, \"trustworthy\": 50, \"frustrating\": 31, \"confusing\": 31, \"experience\": 72}','2025-03-25 12:13:59.663820','{}',26,'2025-03-25 12:13:59.000000','2025-03-25 12:12:53.000000'),
(876,40,1,'{\"advantage\": 50, \"trustworthy\": 50, \"frustrating\": 26, \"confusing\": 38, \"experience\": 62}','2025-03-25 12:18:27.395358','{\"nights\": 3, \"price\": 224.49, \"taxes\": 61.650000000000006, \"city\": \"Madrid, Espa\\u00f1a\"}',26,'2025-03-25 12:18:27.000000','2025-03-25 12:14:55.000000'),
(877,40,1,'{\"advantage\": 100, \"trustworthy\": 100, \"frustrating\": 0, \"confusing\": 0, \"experience\": 100}','2025-03-25 12:33:24.349636','{\"nights\": 3, \"price\": 224.49, \"taxes\": 61.650000000000006, \"city\": \"Madrid, Espa\\u00f1a\"}',234,'2025-03-25 12:33:24.000000','2025-03-25 12:32:01.000000'),
(878,38,0,'{\"advantage\": 100, \"trustworthy\": 100, \"frustrating\": 0, \"confusing\": 0, \"experience\": 100}','2025-03-25 12:34:38.915833','{\"location\": \"Madrid, Espa\\u00f1a\", \"startDate\": \"2025-09-12T12:33:32.000Z\", \"endDate\": \"2025-09-15T12:33:32.000Z\", \"vehicle\": {\"name\": \"Standard\", \"type\": \"sedan\", \"capType\": \"Sedan\", \"description\": \"VW Jetta\", \"capacity\": 5, \"price\": 32.99, \"img\": \"https://sitios-dp.okd.lifia.info.unlp.edu.ar/assets/standard-e51a82b7.webp\"}, \"protection\": null, \"total\": \"98.97\"}',234,'2025-03-25 12:34:38.000000','2025-03-25 12:33:32.000000'),
(879,33,0,'{\"advantage\": 100, \"trustworthy\": 100, \"frustrating\": 0, \"confusing\": 0, \"experience\": 100}','2025-03-25 12:35:31.487895','{\"code\": \"AAA123\", \"passenger\": \"Natalia Ortu\", \"seat\": null}',234,'2025-03-25 12:35:31.000000','2025-03-25 12:34:43.000000'),
(880,35,1,'{\"advantage\": 100, \"trustworthy\": 100, \"frustrating\": 1, \"confusing\": 0, \"experience\": 100}','2025-03-25 12:36:19.764436','{}',234,'2025-03-25 12:36:19.000000','2025-03-25 12:35:33.000000'),
(881,33,0,'{\"advantage\": 31, \"trustworthy\": 31, \"frustrating\": 50, \"confusing\": 66, \"experience\": 50}','2025-03-25 13:05:23.141284','{\"code\": \"AAA123\", \"passenger\": \"Maxim Bakaev\", \"seat\": null}',112,'2025-03-25 13:05:23.000000','2025-03-25 13:03:47.000000'),
(882,36,0,'{\"advantage\": 50, \"trustworthy\": 50, \"frustrating\": 95, \"confusing\": 89, \"experience\": 18}','2025-03-25 13:07:32.048063','{\"nights\": 3, \"price\": 224.49, \"taxes\": 61.650000000000006, \"city\": \"Madrid, Espa\\u00f1a\"}',112,'2025-03-25 13:07:31.000000','2025-03-25 13:05:39.000000'),
(883,34,1,'{\"advantage\": 62, \"trustworthy\": 62, \"frustrating\": 37, \"confusing\": 38, \"experience\": 70}','2025-03-25 13:09:13.653595','{\"location\": \"Madrid, Espa\\u00f1a\", \"startDate\": \"2025-09-12T13:07:41.000Z\", \"endDate\": \"2025-09-15T13:07:41.000Z\", \"vehicle\": {\"name\": \"Standard\", \"type\": \"sedan\", \"capType\": \"Sedan\", \"description\": \"VW Jetta\", \"capacity\": 5, \"price\": 32.99, \"img\": \"https://sitios-dp.okd.lifia.info.unlp.edu.ar/assets/standard-e51a82b7.webp\"}, \"protection\": null, \"total\": \"98.97\"}',112,'2025-03-25 13:09:13.000000','2025-03-25 13:07:40.000000'),
(884,34,1,'{\"advantage\": 3, \"trustworthy\": 15, \"frustrating\": 80, \"confusing\": 80, \"experience\": 35}','2025-03-26 12:20:19.265730','{\"location\": \"Madrid, Espa\\u00f1a\", \"startDate\": \"2025-09-12T11:18:20.000Z\", \"endDate\": \"2025-09-15T11:18:20.000Z\", \"vehicle\": {\"name\": \"Standard\", \"type\": \"sedan\", \"capType\": \"Sedan\", \"description\": \"VW Jetta\", \"capacity\": 5, \"price\": 32.99, \"img\": \"https://sitios-dp.okd.lifia.info.unlp.edu.ar/assets/standard-e51a82b7.webp\"}, \"protection\": null, \"total\": \"98.97\"}',94,'2025-03-26 12:20:18.000000','2025-03-26 12:18:19.000000'),
(885,39,0,'{\"advantage\": 73, \"trustworthy\": 84, \"frustrating\": 24, \"confusing\": 22, \"experience\": 81}','2025-03-26 12:20:59.571888','{}',94,'2025-03-26 12:20:58.000000','2025-03-26 12:20:24.000000'),
(886,36,0,'{\"advantage\": 80, \"trustworthy\": 80, \"frustrating\": 32, \"confusing\": 38, \"experience\": 64}','2025-03-26 12:22:32.980831','{\"nights\": 3, \"price\": 224.49, \"taxes\": 61.650000000000006, \"city\": \"Madrid, Espa\\u00f1a\"}',94,'2025-03-26 12:22:32.000000','2025-03-26 12:21:09.000000'),
(887,37,1,'{\"advantage\": 57, \"trustworthy\": 75, \"frustrating\": 37, \"confusing\": 50, \"experience\": 54}','2025-03-26 12:23:25.427772','{\"code\": \"AAA123\", \"passenger\": \"Alejandro\", \"seat\": null}',94,'2025-03-26 12:23:24.000000','2025-03-26 12:22:44.000000'),
(888,33,0,'{\"advantage\": 90, \"trustworthy\": 92, \"frustrating\": 20, \"confusing\": 21, \"experience\": 80}','2025-03-26 19:05:41.150915','{\"code\": \"AAA123\", \"passenger\": \"Lucas Schr\\u00f6der\", \"seat\": null}',96,'2025-03-26 19:05:39.000000','2025-03-26 19:03:38.000000'),
(889,36,0,'{\"advantage\": 84, \"trustworthy\": 81, \"frustrating\": 20, \"confusing\": 31, \"experience\": 72}','2025-03-26 19:08:41.631683','{\"nights\": 3, \"price\": 224.49, \"taxes\": 61.650000000000006, \"city\": \"Madrid, Espa\\u00f1a\"}',96,'2025-03-26 19:08:40.000000','2025-03-26 19:05:58.000000'),
(890,34,1,'{\"advantage\": 87, \"trustworthy\": 81, \"frustrating\": 18, \"confusing\": 16, \"experience\": 75}','2025-03-26 19:11:49.071870','{\"location\": \"Madrid, Espa\\u00f1a\", \"startDate\": \"2025-09-12T18:09:28.000Z\", \"endDate\": \"2025-09-15T18:09:28.000Z\", \"vehicle\": {\"name\": \"Standard\", \"type\": \"sedan\", \"capType\": \"Sedan\", \"description\": \"VW Jetta\", \"capacity\": 5, \"price\": 32.99, \"img\": \"https://sitios-dp.okd.lifia.info.unlp.edu.ar/assets/standard-e51a82b7.webp\"}, \"protection\": null, \"total\": \"98.97\"}',96,'2025-03-26 19:11:47.000000','2025-03-26 19:09:26.000000'),
(891,40,1,'{\"advantage\": 76, \"trustworthy\": 63, \"frustrating\": 24, \"confusing\": 2, \"experience\": 65}','2025-03-28 13:04:02.909540','{\"nights\": 3, \"price\": 247.5, \"taxes\": 68.34, \"city\": \"Madrid, Espa\\u00f1a\"}',90,'2025-03-28 13:04:02.000000','2025-03-28 13:03:24.000000'),
(892,38,0,'{\"advantage\": 66, \"trustworthy\": 63, \"frustrating\": 100, \"confusing\": 69, \"experience\": 37}','2025-03-28 13:05:26.269307','{\"location\": \"Madrid, Espa\\u00f1a\", \"startDate\": \"2025-09-12T12:04:10.000Z\", \"endDate\": \"2025-09-15T12:04:10.000Z\", \"vehicle\": {\"name\": \"Standard\", \"type\": \"sedan\", \"capType\": \"Sedan\", \"description\": \"VW Jetta\", \"capacity\": 5, \"price\": 32.99, \"img\": \"https://sitios-dp.okd.lifia.info.unlp.edu.ar/assets/standard-e51a82b7.webp\"}, \"protection\": {\"title\": \"Basic Cover Protection\", \"price\": 9.99}, \"total\": \"128.94\"}',90,'2025-03-28 13:05:24.000000','2025-03-28 13:04:08.000000'),
(893,33,0,'{\"advantage\": 34, \"trustworthy\": 74, \"frustrating\": 57, \"confusing\": 88, \"experience\": 33}','2025-03-28 13:07:10.610535','{\"code\": \"AAA123\", \"passenger\": \"Andre\", \"seat\": {\"value\": \"2C\", \"isVIP\": false, \"save\": false}}',90,'2025-03-28 13:07:08.000000','2025-03-28 13:06:24.000000'),
(894,35,1,'{\"advantage\": 3, \"trustworthy\": 77, \"frustrating\": 33, \"confusing\": 60, \"experience\": 36}','2025-03-28 13:07:55.687319','{}',90,'2025-03-28 13:07:53.000000','2025-03-28 13:07:14.000000'),
(895,40,1,'{\"advantage\": 37, \"trustworthy\": 89, \"frustrating\": 64, \"confusing\": 70, \"experience\": 44}','2025-03-31 06:38:07.785745','{\"nights\": 3, \"price\": 224.49, \"taxes\": 61.650000000000006, \"city\": \"Madrid, Espa\\u00f1a\"}',74,'2025-03-31 06:38:06.000000','2025-03-31 06:25:21.000000'),
(896,38,0,'{\"advantage\": 42, \"trustworthy\": 84, \"frustrating\": 70, \"confusing\": 67, \"experience\": 42}','2025-03-31 06:39:52.631560','{\"location\": \"Madrid, Espa\\u00f1a\", \"startDate\": \"2025-09-12T06:38:46.000Z\", \"endDate\": \"2025-09-15T06:38:46.000Z\", \"vehicle\": {\"name\": \"Standard\", \"type\": \"sedan\", \"capType\": \"Sedan\", \"description\": \"VW Jetta\", \"capacity\": 5, \"price\": 32.99, \"img\": \"https://sitios-dp.okd.lifia.info.unlp.edu.ar/assets/standard-e51a82b7.webp\"}, \"protection\": null, \"total\": \"98.97\"}',74,'2025-03-31 06:39:51.000000','2025-03-31 06:38:13.000000'),
(897,33,0,'{\"advantage\": 67, \"trustworthy\": 76, \"frustrating\": 11, \"confusing\": 31, \"experience\": 66}','2025-03-31 06:40:46.114824','{\"code\": \"AAA123\", \"passenger\": \"xx\", \"seat\": null}',74,'2025-03-31 06:40:45.000000','2025-03-31 06:39:59.000000'),
(898,35,1,'{\"advantage\": 33, \"trustworthy\": 78, \"frustrating\": 67, \"confusing\": 36, \"experience\": 37}','2025-03-31 06:41:20.530046','{}',74,'2025-03-31 06:41:19.000000','2025-03-31 06:40:51.000000'),
(899,39,0,'{\"advantage\": 83, \"trustworthy\": 67, \"frustrating\": 21, \"confusing\": 7, \"experience\": 81}','2025-04-01 12:58:41.030264','{}',59,'2025-04-01 12:58:41.000000','2025-04-01 12:57:39.000000'),
(900,37,1,'{\"advantage\": 26, \"trustworthy\": 37, \"frustrating\": 32, \"confusing\": 57, \"experience\": 51}','2025-04-01 12:59:51.346613','{\"code\": \"AAA123\", \"passenger\": \"Martin Moschettoni\", \"seat\": null}',59,'2025-04-01 12:59:51.000000','2025-04-01 12:58:54.000000'),
(901,38,0,'{\"advantage\": 9, \"trustworthy\": 24, \"frustrating\": 73, \"confusing\": 65, \"experience\": 24}','2025-04-01 13:02:25.711302','{\"location\": \"Madrid, Espa\\u00f1a\", \"startDate\": \"2025-04-12T12:59:58.000Z\", \"endDate\": \"2025-04-15T12:59:58.000Z\", \"vehicle\": {\"name\": \"Standard\", \"type\": \"sedan\", \"capType\": \"Sedan\", \"description\": \"VW Jetta\", \"capacity\": 5, \"price\": 32.99, \"img\": \"https://sitios-dp.okd.lifia.info.unlp.edu.ar/assets/standard-e51a82b7.webp\"}, \"protection\": {\"title\": \"Cobertura B\\u00e1sica\", \"price\": 9.99}, \"total\": \"128.94\"}',59,'2025-04-01 13:02:26.000000','2025-04-01 12:59:58.000000'),
(902,36,0,'{\"advantage\": 75, \"trustworthy\": 75, \"frustrating\": 24, \"confusing\": 26, \"experience\": 74}','2025-04-01 13:34:19.059484','{\"nights\": 14, \"price\": 2082.64, \"taxes\": 426.02, \"city\": \"Madrid, Espa\\u00f1a\"}',195,'2025-04-01 13:34:18.000000','2025-04-01 13:33:27.000000'),
(903,34,1,'{\"advantage\": 39, \"trustworthy\": 40, \"frustrating\": 45, \"confusing\": 33, \"experience\": 39}','2025-04-01 13:35:38.905148','{\"location\": \"Berl\\u00edn, Alemania\", \"startDate\": \"2025-04-09T13:34:20.000Z\", \"endDate\": \"2025-04-23T13:34:20.000Z\", \"vehicle\": {\"name\": \"Standard\", \"type\": \"sedan\", \"capType\": \"Sedan\", \"description\": \"VW Jetta\", \"capacity\": 5, \"price\": 32.99, \"img\": \"https://sitios-dp.okd.lifia.info.unlp.edu.ar/assets/standard-e51a82b7.webp\"}, \"protection\": null, \"total\": \"461.86\"}',195,'2025-04-01 13:35:38.000000','2025-04-01 13:34:20.000000'),
(904,39,0,'{\"advantage\": 87, \"trustworthy\": 87, \"frustrating\": 0, \"confusing\": 0, \"experience\": 100}','2025-04-01 14:39:40.850629','{}',217,'2025-04-01 14:39:42.000000','2025-04-01 14:36:58.000000'),
(905,37,1,'{\"advantage\": 0, \"trustworthy\": 25, \"frustrating\": 100, \"confusing\": 100, \"experience\": 0}','2025-04-01 14:42:51.034339','{\"code\": \"AAA123\", \"passenger\": \"Spinelli Joaqu\\u00edn\", \"seat\": null}',217,'2025-04-01 14:42:52.000000','2025-04-01 14:40:01.000000'),
(906,38,0,'{\"advantage\": 20, \"trustworthy\": 76, \"frustrating\": 21, \"confusing\": 77, \"experience\": 35}','2025-04-01 14:47:22.109923','{\"location\": \"Madrid, Espa\\u00f1a\", \"startDate\": \"2025-09-12T14:44:49.000Z\", \"endDate\": \"2025-09-15T14:44:49.000Z\", \"vehicle\": {\"name\": \"Standard\", \"type\": \"sedan\", \"capType\": \"Sedan\", \"description\": \"VW Jetta\", \"capacity\": 5, \"price\": 32.99, \"img\": \"https://sitios-dp.okd.lifia.info.unlp.edu.ar/assets/standard-e51a82b7.webp\"}, \"protection\": null, \"total\": \"98.97\"}',217,'2025-04-01 14:47:23.000000','2025-04-01 14:44:49.000000'),
(907,34,1,'{\"advantage\": 23, \"trustworthy\": 37, \"frustrating\": 77, \"confusing\": 13, \"experience\": 66}','2025-04-02 23:03:13.455009','{\"location\": \"Madrid, Espa\\u00f1a\", \"startDate\": \"2025-09-12T22:48:57.000Z\", \"endDate\": \"2025-09-15T22:48:57.000Z\", \"vehicle\": {\"name\": \"Standard\", \"type\": \"sedan\", \"capType\": \"Sedan\", \"description\": \"VW Jetta\", \"capacity\": 5, \"price\": 32.99, \"img\": \"https://sitios-dp.okd.lifia.info.unlp.edu.ar/assets/standard-e51a82b7.webp\"}, \"protection\": null, \"total\": \"98.97\"}',142,'2025-04-02 23:03:09.000000','2025-04-02 22:48:56.000000'),
(908,39,0,'{\"advantage\": 100, \"trustworthy\": 75, \"frustrating\": 12, \"confusing\": 0, \"experience\": 100}','2025-04-02 23:05:14.065467','{}',142,'2025-04-02 23:05:09.000000','2025-04-02 23:03:23.000000'),
(909,36,0,'{\"advantage\": 57, \"trustworthy\": 75, \"frustrating\": 24, \"confusing\": 24, \"experience\": 80}','2025-04-02 23:10:17.677854','{\"nights\": 3, \"price\": 224.49, \"taxes\": 61.650000000000006, \"city\": \"Madrid, Espa\\u00f1a\"}',142,'2025-04-02 23:10:13.000000','2025-04-02 23:05:12.000000'),
(910,37,1,'{\"advantage\": 0, \"trustworthy\": 23, \"frustrating\": 81, \"confusing\": 78, \"experience\": 34}','2025-04-02 23:13:00.919718','{\"code\": \"AAA123\", \"passenger\": \"Mat\\u00edas Alfredo Adorno\", \"seat\": null}',142,'2025-04-02 23:12:57.000000','2025-04-02 23:10:16.000000'),
(911,39,0,'{\"advantage\": 100, \"trustworthy\": 100, \"frustrating\": 0, \"confusing\": 0, \"experience\": 100}','2025-04-03 20:14:10.434908','{}',265,'2025-04-03 20:14:09.000000','2025-04-03 20:13:07.000000'),
(912,38,0,'{\"advantage\": 72, \"trustworthy\": 85, \"frustrating\": 36, \"confusing\": 44, \"experience\": 28}','2025-04-03 20:20:40.633662','{\"location\": \"Madrid, Espa\\u00f1a\", \"startDate\": \"2025-09-12T20:17:23.000Z\", \"endDate\": \"2025-09-15T20:17:23.000Z\", \"vehicle\": {\"name\": \"Standard\", \"type\": \"sedan\", \"capType\": \"Sedan\", \"description\": \"VW Jetta\", \"capacity\": 5, \"price\": 32.99, \"img\": \"https://sitios-dp.okd.lifia.info.unlp.edu.ar/assets/standard-e51a82b7.webp\"}, \"protection\": null, \"total\": \"98.97\"}',265,'2025-04-03 20:20:39.000000','2025-04-03 20:16:17.000000'),
(913,33,0,'{\"advantage\": 100, \"trustworthy\": 97, \"frustrating\": 20, \"confusing\": 40, \"experience\": 67}','2025-04-04 00:01:26.946498','{\"code\": \"AAA123\", \"passenger\": \"Juan Perez Gomez\", \"seat\": null}',58,'2025-04-04 00:01:29.000000','2025-04-03 23:59:58.000000'),
(914,36,0,'{\"advantage\": 45, \"trustworthy\": 31, \"frustrating\": 86, \"confusing\": 31, \"experience\": 24}','2025-04-04 00:04:34.732803','{\"nights\": 3, \"price\": 224.49, \"taxes\": 61.650000000000006, \"city\": \"Madrid, Espa\\u00f1a\"}',58,'2025-04-04 00:04:37.000000','2025-04-04 00:01:46.000000'),
(915,34,1,'{\"advantage\": 30, \"trustworthy\": 43, \"frustrating\": 100, \"confusing\": 66, \"experience\": 31}','2025-04-04 00:08:04.684570','{\"location\": \"Madrid, Espa\\u00f1a\", \"startDate\": \"2025-09-13T00:04:51.000Z\", \"endDate\": \"2025-09-16T00:04:51.000Z\", \"vehicle\": {\"name\": \"Standard\", \"type\": \"sedan\", \"capType\": \"Sedan\", \"description\": \"VW Jetta\", \"capacity\": 5, \"price\": 32.99, \"img\": \"https://sitios-dp.okd.lifia.info.unlp.edu.ar/assets/standard-e51a82b7.webp\"}, \"protection\": null, \"total\": \"98.97\"}',58,'2025-04-04 00:08:07.000000','2025-04-04 00:04:51.000000'),
(916,39,0,'{\"advantage\": 100, \"trustworthy\": 100, \"frustrating\": 0, \"confusing\": 0, \"experience\": 100}','2025-04-04 01:03:04.425050','{}',73,'2025-04-04 01:03:03.000000','2025-04-04 01:01:53.000000'),
(917,37,1,'{\"advantage\": 100, \"trustworthy\": 100, \"frustrating\": 0, \"confusing\": 0, \"experience\": 100}','2025-04-04 01:04:19.978619','{\"code\": \"aaa123\", \"passenger\": \"Mara\", \"seat\": null}',73,'2025-04-04 01:04:18.000000','2025-04-04 01:03:14.000000'),
(918,38,0,'{\"advantage\": 100, \"trustworthy\": 100, \"frustrating\": 23, \"confusing\": 81, \"experience\": 81}','2025-04-04 01:07:00.687269','{\"location\": \"Madrid, Espa\\u00f1a\", \"startDate\": \"2025-09-13T01:04:32.000Z\", \"endDate\": \"2025-09-16T01:04:32.000Z\", \"vehicle\": {\"name\": \"Standard\", \"type\": \"sedan\", \"capType\": \"Sedan\", \"description\": \"VW Jetta\", \"capacity\": 5, \"price\": 32.99, \"img\": \"https://sitios-dp.okd.lifia.info.unlp.edu.ar/assets/standard-e51a82b7.webp\"}, \"protection\": {\"title\": \"Cobertura B\\u00e1sica\", \"price\": 9.99}, \"total\": \"128.94\"}',73,'2025-04-04 01:06:59.000000','2025-04-04 01:04:31.000000'),
(919,38,0,'{\"advantage\": 72, \"trustworthy\": 40, \"frustrating\": 82, \"confusing\": 77, \"experience\": 20}','2025-04-04 11:33:14.566807','{\"location\": \"Madrid, Espa\\u00f1a\", \"startDate\": \"2025-09-05T11:32:22.000Z\", \"endDate\": \"2025-09-08T11:32:22.000Z\", \"vehicle\": {\"name\": \"Standard\", \"type\": \"sedan\", \"capType\": \"Sedan\", \"description\": \"VW Jetta\", \"capacity\": 5, \"price\": 32.99, \"img\": \"https://sitios-dp.okd.lifia.info.unlp.edu.ar/assets/standard-e51a82b7.webp\"}, \"protection\": null, \"total\": \"98.97\"}',87,'2025-04-04 11:33:13.000000','2025-04-04 11:32:21.000000'),
(920,34,1,'{\"advantage\": 25, \"trustworthy\": 28, \"frustrating\": 40, \"confusing\": 0, \"experience\": 50}','2025-04-04 11:34:22.074939','{\"location\": \"Madrid, Espa\\u00f1a\", \"startDate\": \"2025-09-12T11:32:14.000Z\", \"endDate\": \"2025-09-15T11:32:14.000Z\", \"vehicle\": {\"name\": \"Standard\", \"type\": \"sedan\", \"capType\": \"Sedan\", \"description\": \"VW Jetta\", \"capacity\": 5, \"price\": 32.99, \"img\": \"https://sitios-dp.okd.lifia.info.unlp.edu.ar/assets/standard-e51a82b7.webp\"}, \"protection\": null, \"total\": \"98.97\"}',49,'2025-04-04 11:34:21.000000','2025-04-04 11:32:13.000000'),
(921,35,1,'{\"advantage\": 67, \"trustworthy\": 72, \"frustrating\": 6, \"confusing\": 3, \"experience\": 75}','2025-04-04 11:34:23.734394','{}',87,'2025-04-04 11:34:22.000000','2025-04-04 11:33:24.000000'),
(922,39,0,'{\"advantage\": 95, \"trustworthy\": 65, \"frustrating\": 14, \"confusing\": 0, \"experience\": 84}','2025-04-04 11:35:17.296955','{}',49,'2025-04-04 11:35:17.000000','2025-04-04 11:34:29.000000'),
(923,36,0,'{\"advantage\": 97, \"trustworthy\": 88, \"frustrating\": 0, \"confusing\": 0, \"experience\": 100}','2025-04-04 11:36:37.793284','{\"nights\": 3, \"price\": 224.49, \"taxes\": 61.650000000000006, \"city\": \"Madrid, Espa\\u00f1a\"}',49,'2025-04-04 11:36:37.000000','2025-04-04 11:35:26.000000'),
(924,40,1,'{\"advantage\": 60, \"trustworthy\": 63, \"frustrating\": 45, \"confusing\": 30, \"experience\": 51}','2025-04-04 11:36:42.215876','{\"nights\": 3, \"price\": 224.49, \"taxes\": 61.650000000000006, \"city\": \"Madrid, Espa\\u00f1a\"}',87,'2025-04-04 11:36:41.000000','2025-04-04 11:34:52.000000'),
(925,37,1,'{\"advantage\": 74, \"trustworthy\": 74, \"frustrating\": 73, \"confusing\": 61, \"experience\": 0}','2025-04-04 11:37:47.061983','{\"code\": \"AAA123\", \"passenger\": \"Towers\", \"seat\": null}',49,'2025-04-04 11:37:46.000000','2025-04-04 11:36:49.000000'),
(926,33,0,'{\"advantage\": 45, \"trustworthy\": 66, \"frustrating\": 46, \"confusing\": 43, \"experience\": 63}','2025-04-04 11:37:53.403089','{\"code\": \"AAA123\", \"passenger\": \"Test\", \"seat\": null}',87,'2025-04-04 11:37:52.000000','2025-04-04 11:36:50.000000'),
(927,34,1,'{\"advantage\": 100, \"trustworthy\": 50, \"frustrating\": 0, \"confusing\": 50, \"experience\": 50}','2025-04-05 09:05:25.312663','{\"location\": \"Madrid, Espa\\u00f1a\", \"startDate\": \"2025-09-12T09:03:36.000Z\", \"endDate\": \"2025-09-15T09:03:36.000Z\", \"vehicle\": {\"name\": \"Standard\", \"type\": \"sedan\", \"capType\": \"Sedan\", \"description\": \"VW Jetta\", \"capacity\": 5, \"price\": 32.99, \"img\": \"https://sitios-dp.okd.lifia.info.unlp.edu.ar/assets/standard-e51a82b7.webp\"}, \"protection\": null, \"total\": \"98.97\"}',126,'2025-04-05 09:05:23.000000','2025-04-05 09:03:34.000000'),
(928,39,0,'{\"advantage\": 100, \"trustworthy\": 100, \"frustrating\": 0, \"confusing\": 0, \"experience\": 100}','2025-04-05 09:07:09.950255','{}',126,'2025-04-05 09:07:08.000000','2025-04-05 09:05:46.000000'),
(929,36,0,'{\"advantage\": 100, \"trustworthy\": 100, \"frustrating\": 0, \"confusing\": 0, \"experience\": 50}','2025-04-05 09:08:44.563423','{\"nights\": 3, \"price\": 224.49, \"taxes\": 61.650000000000006, \"city\": \"Madrid, Espa\\u00f1a\"}',126,'2025-04-05 09:08:43.000000','2025-04-05 09:07:19.000000'),
(930,37,1,'{\"advantage\": 100, \"trustworthy\": 50, \"frustrating\": 50, \"confusing\": 0, \"experience\": 50}','2025-04-05 09:09:49.282423','{\"code\": \"AAA123\", \"passenger\": \"Sergio\", \"seat\": null}',126,'2025-04-05 09:09:47.000000','2025-04-05 09:09:06.000000'),
(931,37,1,'{\"advantage\": 36, \"trustworthy\": 36, \"frustrating\": 15, \"confusing\": 0, \"experience\": 71}','2025-04-06 19:22:30.784909','{\"code\": \"AA123\", \"passenger\": \"test 123\", \"seat\": null}',84,'2025-04-06 19:22:29.000000','2025-04-06 19:21:45.000000'),
(932,38,0,'{\"advantage\": 32, \"trustworthy\": 32, \"frustrating\": 50, \"confusing\": 15, \"experience\": 44}','2025-04-06 19:24:36.856675','{\"location\": \"Madrid, Espa\\u00f1a\", \"startDate\": \"2025-09-12T19:22:42.000Z\", \"endDate\": \"2025-09-15T19:22:42.000Z\", \"vehicle\": {\"name\": \"Standard\", \"type\": \"sedan\", \"capType\": \"Sedan\", \"description\": \"VW Jetta\", \"capacity\": 5, \"price\": 32.99, \"img\": \"https://sitios-dp.okd.lifia.info.unlp.edu.ar/assets/standard-e51a82b7.webp\"}, \"protection\": null, \"total\": \"98.97\"}',84,'2025-04-06 19:24:35.000000','2025-04-06 19:22:40.000000'),
(933,39,0,'{\"advantage\": 40, \"trustworthy\": 40, \"frustrating\": 8, \"confusing\": 9, \"experience\": 55}','2025-04-06 19:25:52.432360','{}',84,'2025-04-06 19:25:51.000000','2025-04-06 19:25:30.000000'),
(934,40,1,'{\"advantage\": 39, \"trustworthy\": 39, \"frustrating\": 61, \"confusing\": 10, \"experience\": 29}','2025-04-06 19:28:00.651572','{\"nights\": 3, \"price\": 224.49, \"taxes\": 61.650000000000006, \"city\": \"Madrid, Espa\\u00f1a\"}',84,'2025-04-06 19:27:58.000000','2025-04-06 19:26:00.000000'),
(935,40,1,'{\"advantage\": 27, \"trustworthy\": 44, \"frustrating\": 50, \"confusing\": 50, \"experience\": 47}','2025-04-07 14:06:46.755063','{\"nights\": 3, \"price\": 224.49, \"taxes\": 61.650000000000006, \"city\": \"Madrid, Espa\\u00f1a\"}',66,'2025-04-07 14:06:45.000000','2025-04-07 14:03:41.000000'),
(936,38,0,'{\"advantage\": 53, \"trustworthy\": 44, \"frustrating\": 22, \"confusing\": 23, \"experience\": 56}','2025-04-07 14:10:00.385041','{\"location\": \"Madrid, Espa\\u00f1a\", \"startDate\": \"2025-09-12T14:06:58.000Z\", \"endDate\": \"2025-09-15T14:06:58.000Z\", \"vehicle\": {\"name\": \"Standard\", \"type\": \"sedan\", \"capType\": \"Sedan\", \"description\": \"VW Jetta\", \"capacity\": 5, \"price\": 32.99, \"img\": \"https://sitios-dp.okd.lifia.info.unlp.edu.ar/assets/standard-e51a82b7.webp\"}, \"protection\": null, \"total\": \"98.97\"}',66,'2025-04-07 14:09:59.000000','2025-04-07 14:06:58.000000'),
(937,33,0,'{\"advantage\": 36, \"trustworthy\": 45, \"frustrating\": 55, \"confusing\": 42, \"experience\": 43}','2025-04-07 14:12:46.592406','{\"code\": \"AAA123\", \"passenger\": \"Martin Urbieta\", \"seat\": null}',66,'2025-04-07 14:12:45.000000','2025-04-07 14:10:01.000000'),
(938,35,1,'{\"advantage\": 33, \"trustworthy\": 33, \"frustrating\": 13, \"confusing\": 18, \"experience\": 61}','2025-04-07 14:14:33.505342','{}',66,'2025-04-07 14:14:32.000000','2025-04-07 14:12:49.000000'),
(939,37,1,'{\"advantage\": 100, \"trustworthy\": 100, \"frustrating\": 7, \"confusing\": 17, \"experience\": 89}','2025-04-07 15:34:41.484875','{\"code\": \"AAA123\", \"passenger\": \"Virginia Bertuzzi\", \"seat\": null}',180,'2025-04-07 15:34:41.000000','2025-04-07 15:33:20.000000'),
(940,38,0,'{\"advantage\": 100, \"trustworthy\": 100, \"frustrating\": 4, \"confusing\": 12, \"experience\": 92}','2025-04-07 15:37:05.903194','{\"location\": \"Madrid, Espa\\u00f1a\", \"startDate\": \"2025-09-12T15:34:57.000Z\", \"endDate\": \"2025-09-15T15:34:57.000Z\", \"vehicle\": {\"name\": \"Standard\", \"type\": \"sedan\", \"capType\": \"Sedan\", \"description\": \"VW Jetta\", \"capacity\": 5, \"price\": 32.99, \"img\": \"https://sitios-dp.okd.lifia.info.unlp.edu.ar/assets/standard-e51a82b7.webp\"}, \"protection\": null, \"total\": \"98.97\"}',180,'2025-04-07 15:37:05.000000','2025-04-07 15:34:57.000000'),
(941,39,0,'{\"advantage\": 100, \"trustworthy\": 100, \"frustrating\": 3, \"confusing\": 4, \"experience\": 98}','2025-04-07 15:37:50.461103','{}',180,'2025-04-07 15:37:50.000000','2025-04-07 15:37:14.000000'),
(942,40,1,'{\"advantage\": 100, \"trustworthy\": 100, \"frustrating\": 3, \"confusing\": 3, \"experience\": 95}','2025-04-07 15:38:58.949414','{\"nights\": 3, \"price\": 224.49, \"taxes\": 61.650000000000006, \"city\": \"Madrid, Espa\\u00f1a\"}',180,'2025-04-07 15:38:58.000000','2025-04-07 15:38:03.000000'),
(943,38,0,'{\"advantage\": 82, \"trustworthy\": 82, \"frustrating\": 14, \"confusing\": 78, \"experience\": 88}','2025-04-07 15:40:46.590354','{\"location\": \"Madrid, Espa\\u00f1a\", \"startDate\": \"2025-09-12T15:38:19.000Z\", \"endDate\": \"2025-09-15T15:38:19.000Z\", \"vehicle\": {\"name\": \"Standard\", \"type\": \"sedan\", \"capType\": \"Sedan\", \"description\": \"VW Jetta\", \"capacity\": 5, \"price\": 32.99, \"img\": \"https://sitios-dp.okd.lifia.info.unlp.edu.ar/assets/standard-e51a82b7.webp\"}, \"protection\": null, \"total\": \"98.97\"}',183,'2025-04-07 15:40:46.000000','2025-04-07 15:38:19.000000'),
(944,35,1,'{\"advantage\": 88, \"trustworthy\": 64, \"frustrating\": 93, \"confusing\": 11, \"experience\": 84}','2025-04-07 15:42:05.098109','{}',183,'2025-04-07 15:42:04.000000','2025-04-07 15:41:05.000000'),
(945,40,1,'{\"advantage\": 89, \"trustworthy\": 90, \"frustrating\": 1, \"confusing\": 4, \"experience\": 94}','2025-04-07 15:44:03.368749','{\"nights\": 3, \"price\": 224.49, \"taxes\": 61.650000000000006, \"city\": \"Madrid, Espa\\u00f1a\"}',183,'2025-04-07 15:44:02.000000','2025-04-07 15:42:11.000000'),
(946,33,0,'{\"advantage\": 86, \"trustworthy\": 91, \"frustrating\": 7, \"confusing\": 6, \"experience\": 92}','2025-04-07 15:45:07.311406','{\"code\": \"AAA123\", \"passenger\": \"Mariano\", \"seat\": null}',183,'2025-04-07 15:45:06.000000','2025-04-07 15:44:22.000000'),
(947,33,0,'{\"advantage\": 88, \"trustworthy\": 90, \"frustrating\": 9, \"confusing\": 74, \"experience\": 86}','2025-04-07 16:08:44.216129','{\"code\": \"AAA123\", \"passenger\": \"ARIEL\", \"seat\": null}',184,'2025-04-07 16:08:43.000000','2025-04-07 16:06:43.000000'),
(948,36,0,'{\"advantage\": 99, \"trustworthy\": 94, \"frustrating\": 0, \"confusing\": 77, \"experience\": 96}','2025-04-07 16:12:59.192026','{\"nights\": 3, \"price\": 224.49, \"taxes\": 61.650000000000006, \"city\": \"Madrid, Espa\\u00f1a\"}',184,'2025-04-07 16:12:58.000000','2025-04-07 16:10:48.000000'),
(949,34,1,'{\"advantage\": 92, \"trustworthy\": 93, \"frustrating\": 1, \"confusing\": 13, \"experience\": 97}','2025-04-07 16:14:21.886393','{\"location\": \"Madrid, Espa\\u00f1a\", \"startDate\": \"2025-09-12T16:13:10.000Z\", \"endDate\": \"2025-09-15T16:13:10.000Z\", \"vehicle\": {\"name\": \"Standard\", \"type\": \"sedan\", \"capType\": \"Sedan\", \"description\": \"VW Jetta\", \"capacity\": 5, \"price\": 32.99, \"img\": \"https://sitios-dp.okd.lifia.info.unlp.edu.ar/assets/standard-e51a82b7.webp\"}, \"protection\": null, \"total\": \"98.97\"}',184,'2025-04-07 16:14:21.000000','2025-04-07 16:13:10.000000'),
(950,33,0,'{\"advantage\": 78, \"trustworthy\": 75, \"frustrating\": 12, \"confusing\": 15, \"experience\": 77}','2025-04-08 14:28:10.802750','{\"code\": \"AAA123\", \"passenger\": \"PM\", \"seat\": {\"value\": \"8B\", \"isVIP\": false, \"save\": true}}',152,'2025-04-08 14:28:11.000000','2025-04-08 14:26:55.000000'),
(951,40,1,'{\"advantage\": 0, \"trustworthy\": 0, \"frustrating\": 100, \"confusing\": 100, \"experience\": 50}','2025-04-09 17:34:55.765102','{\"nights\": 3, \"price\": 224.49, \"taxes\": 61.650000000000006, \"city\": \"Madrid, Espa\\u00f1a\"}',146,'2025-04-09 17:34:55.000000','2025-04-09 17:26:06.000000'),
(952,38,0,'{\"advantage\": 0, \"trustworthy\": 100, \"frustrating\": 0, \"confusing\": 0, \"experience\": 82}','2025-04-09 17:37:09.469045','{\"location\": \"Madrid, Espa\\u00f1a\", \"startDate\": \"2025-09-12T17:35:04.000Z\", \"endDate\": \"2025-09-15T17:35:04.000Z\", \"vehicle\": {\"name\": \"Standard\", \"type\": \"sedan\", \"capType\": \"Sedan\", \"description\": \"VW Jetta\", \"capacity\": 5, \"price\": 32.99, \"img\": \"https://sitios-dp.okd.lifia.info.unlp.edu.ar/assets/standard-e51a82b7.webp\"}, \"protection\": null, \"total\": \"98.97\"}',146,'2025-04-09 17:37:09.000000','2025-04-09 17:35:04.000000'),
(953,33,0,'{\"advantage\": 0, \"trustworthy\": 100, \"frustrating\": 0, \"confusing\": 0, \"experience\": 100}','2025-04-09 17:38:35.915301','{\"code\": \"AAA123\", \"passenger\": \"Verena Olsowy\", \"seat\": null}',146,'2025-04-09 17:38:35.000000','2025-04-09 17:37:24.000000'),
(954,35,1,'{\"advantage\": 0, \"trustworthy\": 100, \"frustrating\": 25, \"confusing\": 25, \"experience\": 50}','2025-04-09 17:40:07.135170','{}',146,'2025-04-09 17:40:07.000000','2025-04-09 17:38:44.000000'),
(955,33,0,'{\"advantage\": 75, \"trustworthy\": 75, \"frustrating\": 14, \"confusing\": 14, \"experience\": 75}','2025-04-11 11:06:07.893698','{\"code\": \"AAA123\", \"passenger\": \"AMEY RAJESH SHALIGRAM\", \"seat\": null}',104,'2025-04-11 11:05:59.000000','2025-04-11 11:04:44.000000'),
(956,36,0,'{\"advantage\": 44, \"trustworthy\": 44, \"frustrating\": 9, \"confusing\": 9, \"experience\": 89}','2025-04-11 11:08:43.357820','{\"nights\": 3, \"price\": 224.49, \"taxes\": 61.650000000000006, \"city\": \"Madrid, Espa\\u00f1a\"}',104,'2025-04-11 11:08:34.000000','2025-04-11 11:06:12.000000'),
(957,34,1,'{\"advantage\": 31, \"trustworthy\": 32, \"frustrating\": 11, \"confusing\": 10, \"experience\": 71}','2025-04-11 11:11:38.302116','{\"location\": \"Madrid, Espa\\u00f1a\", \"startDate\": \"2025-09-12T11:10:53.000Z\", \"endDate\": \"2025-09-15T11:10:53.000Z\", \"vehicle\": {\"name\": \"Standard\", \"type\": \"sedan\", \"capType\": \"Sedan\", \"description\": \"VW Jetta\", \"capacity\": 5, \"price\": 32.99, \"img\": \"https://sitios-dp.okd.lifia.info.unlp.edu.ar/assets/standard-e51a82b7.webp\"}, \"protection\": null, \"total\": \"98.97\"}',104,'2025-04-11 11:11:30.000000','2025-04-11 11:10:52.000000'),
(958,40,1,'{\"advantage\": 62, \"trustworthy\": 69, \"frustrating\": 65, \"confusing\": 54, \"experience\": 52}','2025-04-22 10:33:26.169301','{\"nights\": 3, \"price\": 224.49, \"taxes\": 61.650000000000006, \"city\": \"Madrid, Espa\\u00f1a\"}',98,'2025-04-22 10:33:23.000000','2025-04-22 10:30:40.000000'),
(959,38,0,'{\"advantage\": 80, \"trustworthy\": 44, \"frustrating\": 61, \"confusing\": 62, \"experience\": 47}','2025-04-22 10:36:59.321383','{\"location\": \"Madrid, Espa\\u00f1a\", \"startDate\": \"2025-09-12T10:33:40.000Z\", \"endDate\": \"2025-09-15T10:33:40.000Z\", \"vehicle\": {\"name\": \"Standard\", \"type\": \"sedan\", \"capType\": \"Sedan\", \"description\": \"VW Jetta\", \"capacity\": 5, \"price\": 32.99, \"img\": \"https://sitios-dp.okd.lifia.info.unlp.edu.ar/assets/standard-e51a82b7.webp\"}, \"protection\": null, \"total\": \"98.97\"}',98,'2025-04-22 10:36:57.000000','2025-04-22 10:33:38.000000'),
(960,33,0,'{\"advantage\": 57, \"trustworthy\": 46, \"frustrating\": 69, \"confusing\": 64, \"experience\": 44}','2025-04-22 10:38:14.507359','{\"code\": \"AAA123\", \"passenger\": \"Andrea Paz\", \"seat\": null}',98,'2025-04-22 10:38:12.000000','2025-04-22 10:37:13.000000'),
(961,35,1,'{\"advantage\": 47, \"trustworthy\": 52, \"frustrating\": 50, \"confusing\": 48, \"experience\": 52}','2025-04-22 10:39:20.941704','{}',98,'2025-04-22 10:39:19.000000','2025-04-22 10:38:20.000000');
/*!40000 ALTER TABLE `samples_sample` ENABLE KEYS */;
UNLOCK TABLES;

--
-- Table structure for table `user_sessions_usersession`
--

DROP TABLE IF EXISTS `user_sessions_usersession`;
/*!40101 SET @saved_cs_client     = @@character_set_client */;
/*!40101 SET character_set_client = utf8 */;
CREATE TABLE `user_sessions_usersession` (
  `id` bigint(20) NOT NULL AUTO_INCREMENT,
  `email` varchar(254) NOT NULL,
  `country` varchar(255) NOT NULL,
  `website_group_id` bigint(20) DEFAULT NULL,
  `age` int(10) unsigned DEFAULT NULL CHECK (`age` >= 0),
  `gender` varchar(6) NOT NULL,
  `purchases` varchar(6) NOT NULL,
  `date` datetime(6) DEFAULT NULL,
  `follow_up_group_id` bigint(20) DEFAULT NULL,
  PRIMARY KEY (`id`),
  KEY `user_sessions_userse_website_group_id_b6c7148d_fk_websites_` (`website_group_id`),
  KEY `user_sessions_userse_follow_up_group_id_0dbb5ed1_fk_websites_` (`follow_up_group_id`),
  CONSTRAINT `user_sessions_userse_follow_up_group_id_0dbb5ed1_fk_websites_` FOREIGN KEY (`follow_up_group_id`) REFERENCES `websites_websitegroup` (`id`),
  CONSTRAINT `user_sessions_userse_website_group_id_b6c7148d_fk_websites_` FOREIGN KEY (`website_group_id`) REFERENCES `websites_websitegroup` (`id`)
) ENGINE=InnoDB AUTO_INCREMENT=301 DEFAULT CHARSET=utf8mb4 COLLATE=utf8mb4_general_ci;
/*!40101 SET character_set_client = @saved_cs_client */;

--
-- Dumping data for table `user_sessions_usersession`
--

LOCK TABLES `user_sessions_usersession` WRITE;
/*!40000 ALTER TABLE `user_sessions_usersession` DISABLE KEYS */;
INSERT INTO `user_sessions_usersession` VALUES
(26,'rnazarre@gmail.com','Argentina',9,44,'female','4-6','2024-05-14 15:15:36.318111',10),
(37,'','Argentina',14,34,'male','1-3','2024-07-12 19:13:35.561959',NULL),
(38,'j_delg17@hotmail.com','Ecuador',15,39,'male','none','2024-07-12 19:31:38.113602',16),
(39,'brunotraversaro@gmail.com','Argentina',16,34,'male','4-6','2024-07-12 20:07:32.468480',15),
(41,'augustosaldivar86@gmail.com','Argentina',10,28,'male','>6','2024-07-12 22:55:33.994947',9),
(42,'hugodionisioramon@gmail.com','Argentina',11,60,'male','1-3','2024-07-13 13:35:03.052872',12),
(44,'francisco.gindre@gmail.com','Argentina',13,39,'male','>6','2024-07-14 00:56:49.875941',14),
(45,'juliangrigera@gmail.com','Argentina',12,43,'male','1-3','2024-07-17 18:23:37.117080',11),
(47,'009.paulasfernandez@gmail.com','Argentina',9,34,'female','>6','2024-07-17 18:39:08.827852',10),
(48,'','Argentina',10,41,'female','1-3','2024-07-17 18:39:26.718025',NULL),
(49,'diego.torres@lifia.info.unlp.edu.ar','Argentina',11,44,'male','none','2024-07-17 18:48:53.871410',12),
(50,'','Argentina',12,35,'male','1-3','2024-07-17 19:07:24.472053',NULL),
(54,'jdelleville@lifia.info.unlp.edu.ar','Argentina',16,25,'female','>6','2024-07-17 19:42:15.606222',15),
(56,'federico.balaguer@gmail.com','Argentina',10,55,'male','4-6','2024-07-17 20:32:04.221268',9),
(58,'juani.balaguer@gmail.com','Argentina',13,23,'male','1-3','2024-07-17 23:32:59.537968',14),
(59,'moschettonimartin@gmail.com','Argentina',14,25,'male','4-6','2024-07-18 00:43:10.225944',13),
(60,'fdioguardi@lifia.info.unlp.edu.ar','Argentina',9,24,'male','1-3','2024-07-18 10:57:56.829484',10),
(61,'denisetorres3042@gmail.com','Argentina',11,48,'female','1-3','2024-07-18 11:19:15.945058',12),
(62,'MANUEL.BALABALAGUER@GMAIL.COM','Argentina',15,20,'male','none','2024-07-18 15:31:01.172720',16),
(63,'jbzara@lifia.info.unlp.edu.ar','Argentina',12,21,'female','4-6','2024-07-18 16:19:23.667347',11),
(64,'baum.gabriel@gmail.com','Argentina',13,70,'male','1-3','2024-07-18 16:54:21.307598',14),
(65,'nicolasrodriguezdcv@gmail.com','Argentina',14,33,'male','4-6','2024-07-18 18:05:19.546670',13),
(66,'martin@urbieta.com.ar','Argentina',15,41,'male','>6','2024-07-18 21:35:39.971583',16),
(67,'','Argentina',16,68,'female','none','2024-07-19 13:22:56.521387',NULL),
(68,'','Argentina',9,31,'female','>6','2024-07-19 17:32:38.433223',NULL),
(69,'','Argentina',10,33,'male','4-6','2024-07-19 19:57:19.245116',NULL),
(70,'lopezcastromb@gmail.com','Argentina',11,34,'female','>6','2024-07-19 20:41:34.981880',12),
(71,'silviagordillo@gmail.com','Argentina',12,65,'female','4-6','2024-07-20 15:32:20.383330',11),
(72,'','Argentina',13,22,'male','1-3','2024-07-20 22:01:05.030071',NULL),
(73,'maradalponte@protonmail.com','Argentina',14,43,'female','1-3','2024-07-22 13:30:59.238364',13),
(74,'to.muench@muench-its.de','Germany',15,36,'male','4-6','2024-07-22 13:33:27.337088',16),
(75,'','Germany',16,30,'male','1-3','2024-07-22 13:42:01.665397',NULL),
(76,'','Bulgaria',9,39,'female','>6','2024-07-22 13:43:16.934799',NULL),
(77,'msk.vitaly@gmail.com','Germany',10,22,'male','1-3','2024-07-22 14:03:39.932372',9),
(78,'sumeratauheed1@yahoo.com','Germany',11,40,'female','>6','2024-07-22 14:18:44.209028',12),
(79,'florencia.riva@gmail.com','Argentina',12,33,'female','4-6','2024-07-22 14:36:51.216650',11),
(80,'mariajuliafrangella@alegramed.com','Argentina',13,41,'female','>6','2024-07-22 15:23:31.187090',14),
(81,'','Germany',14,25,'female','1-3','2024-07-22 18:18:09.639076',NULL),
(82,'xhamxhiu.bukuroshe@gmail.com','Germany',15,25,'female','1-3','2024-07-22 18:19:33.497614',16),
(83,'jsuarez@lifia.info.unlp.edu.ar','Argentina',16,37,'male','1-3','2024-07-22 20:53:15.537097',15),
(84,'liusnandoc@gmail.com','Indonesia',9,24,'male','>6','2024-07-22 21:10:56.795901',10),
(85,'flavio_s87@hotmail.com','Argentina',10,37,'male','1-3','2024-07-22 21:26:50.451792',NULL),
(86,'','Nepal',11,27,'male','>6','2024-07-23 08:24:16.270496',NULL),
(87,'nleschke@icloud.com','Austria',12,27,'female','4-6','2024-07-23 08:38:16.661090',11),
(88,'narges.mehran@plus.ac.at','Austria',13,36,'female','>6','2024-07-23 09:35:57.480855',14),
(89,'narges.mehran@plus.ac.at','Austria',14,36,'female','>6','2024-07-23 09:37:56.255357',13),
(90,'nithinvaliyaveedu@gmail.com','India',15,25,'male','4-6','2024-07-23 14:24:06.475776',16),
(91,'luciagw13@gmail.com','Argentina',16,43,'female','1-3','2024-07-23 14:58:51.003181',15),
(92,'vidal.juanignacio@gmail.com','Argentina',9,42,'male','>6','2024-07-23 17:22:07.496050',10),
(93,'saleemsultani93j@gmail.com','Germany',10,26,'male','>6','2024-07-24 06:47:02.629982',9),
(94,'alejandro.wurts-santos@informatik.tu-chemnitz.de','Mexico',11,28,'male','4-6','2024-07-24 09:58:01.649057',12),
(95,'','Germany',12,23,'male','4-6','2024-07-24 10:09:29.176118',NULL),
(96,'lucas.schroeder@s2017.tu-chemnitz.de','Germany',13,25,'male','1-3','2024-07-24 10:23:38.624642',14),
(97,'','Germany',14,33,'female','1-3','2024-07-24 12:21:15.804115',NULL),
(98,'verena.traubinger@informatik.tu-chemnitz.de','Germany',15,32,'female','1-3','2024-07-24 12:56:26.443210',16),
(99,'','Germany',16,35,'female','none','2024-07-24 13:22:47.309315',NULL),
(100,'','Turkey',9,34,'male','1-3','2024-07-24 15:10:43.113129',NULL),
(101,'','Turkey',10,34,'male','1-3','2024-07-24 15:10:43.980171',NULL),
(102,'iammdiego@gmail.com','Mexico',11,28,'male','1-3','2024-07-24 17:34:51.770225',12),
(103,'christoph.goepfert@informatik.tu-chemnitz.de','Germany',12,30,'male','>6','2024-07-24 17:42:15.229819',11),
(104,'ameyrs.de@gmail.com','Germany',13,25,'male','1-3','2024-07-24 23:38:20.029768',14),
(105,'maxis81@gmail.com','Russian Federation',14,43,'male','4-6','2024-07-25 04:28:12.700423',NULL),
(106,'','Germany',15,32,'male','1-3','2024-07-25 07:25:57.563881',NULL),
(107,'','Austria',16,41,'female','1-3','2024-07-25 12:40:20.962851',NULL),
(108,'juliangrigera@gmail.com','Argentina',9,43,'male','1-3','2024-07-25 12:58:38.565102',NULL),
(109,'juliangrigera@gmail.com','Argentina',10,43,'male','1-3','2024-07-25 13:02:36.753239',NULL),
(110,'juliangrigera@gmail.com','Argentina',11,43,'male','1-3','2024-07-25 13:05:46.757963',NULL),
(111,'surajtrsugathan@hotmail.com','Germany',12,30,'male','4-6','2024-07-25 16:34:34.112336',11),
(112,'maxis81@gmail.com','Russian Federation',13,43,'male','4-6','2024-07-26 07:59:12.278934',14),
(113,'','Germany',14,29,'male','none','2024-07-26 08:51:47.213919',NULL),
(114,'','Germany',15,29,'male','none','2024-07-26 12:15:59.837343',NULL),
(115,'silviaizelaya@gmail.com','Argentina',16,49,'female','1-3','2024-07-26 17:00:33.994245',15),
(116,'','Australia',9,41,'female','1-3','2024-07-28 08:03:52.621619',NULL),
(117,'','Germany',10,18,'male','1-3','2024-07-28 19:52:39.898600',NULL),
(118,'casco@lifia.info.unlp.edu.ar','Argentina',11,51,'male','>6','2024-07-29 12:07:20.959282',12),
(119,'juliangrigera@gmail.com','Afghanistan',12,43,'male','1-3','2024-07-29 12:18:21.103546',NULL),
(120,'juliangrigera@gmail.com','Afghanistan',13,43,'male','1-3','2024-07-29 12:23:15.366677',NULL),
(121,'juliangrigera@gmail.com','Afghanistan',14,43,'male','1-3','2024-07-29 12:29:40.811310',NULL),
(122,'','Czech Republic',15,26,'male','>6','2024-07-29 14:12:49.047545',NULL),
(123,'juliangrigera@gmail.com','Afghanistan',16,43,'male','4-6','2024-07-30 11:51:02.899106',NULL),
(124,'maikschoesau@gmx.de','Germany',9,32,'male','1-3','2024-07-30 13:50:59.442621',10),
(125,'','Germany',10,34,'male','none','2024-08-02 09:24:57.277113',NULL),
(126,'sergio.firmenich@gmail.com','Argentina',11,39,'male','>6','2024-08-02 11:50:52.917047',12),
(127,'','Germany',12,26,'female','1-3','2024-08-02 12:07:32.681750',NULL),
(128,'','Andorra',13,31,'male','1-3','2024-08-02 19:07:24.554198',NULL),
(129,'deliti1986@gmail.com','Argentina',14,51,'female','>6','2024-08-06 21:58:23.729782',13),
(130,'','Argentina',15,20,'female','none','2024-08-06 22:08:37.453399',NULL),
(131,'','Argentina',16,26,'male','none','2024-08-07 00:20:32.146529',NULL),
(132,'hansamaleewalpola@gmail.com','Germany',9,33,'female','>6','2024-08-07 09:11:27.024728',10),
(133,'','Argentina',10,29,'male','1-3','2024-08-07 17:17:57.848704',NULL),
(134,'','Argentina',11,63,'female','1-3','2024-08-07 17:40:01.836607',NULL),
(135,'','Argentina',12,24,'male','1-3','2024-08-08 00:47:28.821033',NULL),
(136,'','Argentina',13,24,'male','1-3','2024-08-08 00:59:22.111235',NULL),
(137,'','Germany',14,26,'female','4-6','2024-08-08 06:12:32.415216',NULL),
(138,'','Argentina',15,23,'male','none','2024-08-09 18:36:42.324883',NULL),
(139,'','Germany',16,31,'male','1-3','2024-08-16 13:26:51.491590',NULL),
(140,'martirevictoria@gmail.com','Argentina',9,37,'female','1-3','2024-08-19 17:11:02.142952',10),
(141,'catazuppa@gmail.com','Argentina',10,21,'female','1-3','2024-08-22 11:40:33.438070',9),
(142,'matiasadorno14@gmail.com','Argentina',11,22,'male','1-3','2024-08-28 20:50:05.248093',12),
(143,'','Argentina',12,35,'female','>6','2024-09-02 16:31:38.346830',NULL),
(144,'','Argentina',13,27,'male','4-6','2024-09-02 17:55:58.067945',NULL),
(145,'ljr.argentina@gmail.com','Argentina',14,54,'male','1-3','2024-09-02 18:05:06.500113',13),
(146,'olsowyverena@gmail.com','Argentina',15,32,'female','1-3','2024-09-02 18:12:56.327765',16),
(147,'juliscrep@outlook.com','Argentina',16,30,'female','1-3','2024-09-02 18:20:45.800941',15),
(148,'','Paraguay',9,43,'female','1-3','2024-09-02 18:27:31.418161',NULL),
(149,'','Argentina',10,53,'female','1-3','2024-09-02 18:40:25.334957',NULL),
(150,'danielholgado@hotmail.com','Argentina',11,54,'male','1-3','2024-09-02 18:43:52.427132',12),
(151,'ivan_2003sr@hotmail.com','Argentina',12,36,'male','>6','2024-09-02 19:21:22.066418',11),
(152,'pmartos@fi.uba.ar','Argentina',13,49,'male','>6','2024-09-02 19:28:56.105611',14),
(153,'mortizo@hotmail.com','Ecuador',14,42,'male','1-3','2024-09-02 19:50:37.171699',NULL),
(154,'mortizo@hotmail.com','Ecuador',15,42,'male','1-3','2024-09-02 19:50:37.460602',16),
(155,'','Argentina',16,40,'male','>6','2024-09-02 19:53:46.090931',NULL),
(156,'','Argentina',9,44,'male','4-6','2024-09-02 20:18:15.753817',NULL),
(157,'gonzalo@prebi.unlp.edu.ar','Argentina',10,43,'male','>6','2024-09-02 21:00:28.601270',9),
(158,'serginho61@gmail.com','Bolivia',11,63,'male','1-3','2024-09-02 22:43:05.086187',12),
(159,'plpedrazzini@gmail.com','Argentina',12,47,'female','1-3','2024-09-02 23:01:15.213901',11),
(160,'pablosaso80@gmail.com','Argentina',13,43,'male','1-3','2024-09-03 09:32:06.852423',14),
(161,'jezemoyano@gmail.com','Argentina',14,50,'male','none','2024-09-03 11:08:27.017066',13),
(162,'alejandrasebastian@hotmail.com','Argentina',15,40,'female','>6','2024-09-03 11:31:56.457497',16),
(163,'','Argentina',16,64,'male','1-3','2024-09-03 11:34:12.813097',NULL),
(164,'','Argentina',9,40,'female','>6','2024-09-03 13:24:28.047278',NULL),
(165,'ricardo.leonardo.torres@gmail.com','Argentina',10,50,'male','1-3','2024-09-03 14:27:17.344733',9),
(166,'','Argentina',11,50,'male','1-3','2024-09-03 17:43:58.894490',NULL),
(167,'enriquearamayo@gmail.com','Argentina',12,45,'male','>6','2024-09-03 19:07:40.293047',11),
(168,'fdurgam@gmail.com','Argentina',13,46,'male','>6','2024-09-03 20:10:00.851599',NULL),
(169,'fdurgam@gmail.com','Argentina',14,46,'male','>6','2024-09-03 20:10:00.924269',NULL),
(170,'mariste83@gmail.com','Argentina',15,41,'female','1-3','2024-09-04 12:36:38.246760',16),
(171,'','Argentina',16,54,'female','4-6','2024-09-04 14:18:45.372269',NULL),
(172,'','Argentina',9,30,'male','4-6','2024-09-04 14:57:39.129864',NULL),
(173,'jromero@unex.es','Spain',10,26,'male','>6','2024-09-04 17:45:15.865116',9),
(174,'','Argentina',11,30,'male','4-6','2024-09-04 21:27:15.240342',NULL),
(175,'Juliangrigera@gmail.com','Afghanistan',12,44,'male','none','2024-09-05 14:23:50.142549',NULL),
(176,'','Argentina',13,23,'male','none','2024-09-05 16:45:08.830547',NULL),
(177,'alexiselunicompartidas@gmail.com','Argentina',14,23,'male','none','2024-09-05 17:03:28.278279',13),
(178,'','Argentina',15,50,'male','4-6','2024-09-05 22:22:15.804624',NULL),
(179,'fdurgam@gmail.com','Argentina',16,46,'male','>6','2024-09-06 00:20:43.340616',15),
(180,'virgibertuzzi@gmail.com','Argentina',9,29,'female','1-3','2024-09-06 14:33:21.709434',10),
(181,'','Argentina',10,58,'male','1-3','2024-09-06 15:24:54.729804',NULL),
(182,'aantonin@fedpat.com.ar','Argentina',11,56,'male','1-3','2024-09-06 16:24:28.783265',NULL),
(183,'melunasco@gmail.com','Argentina',12,37,'male','>6','2024-09-06 16:32:35.189353',11),
(184,'aantonin@fedpat.com.ar','Argentina',13,56,'male','1-3','2024-09-06 17:23:15.567911',14),
(185,'','Argentina',14,25,'female','1-3','2024-09-06 20:24:32.803591',NULL),
(186,'','Paraguay',15,43,'female','1-3','2024-09-07 19:59:23.122891',NULL),
(187,'','Argentina',16,41,'male','>6','2024-09-08 14:42:37.182763',NULL),
(188,'','Argentina',9,35,'female','1-3','2024-09-08 20:16:08.023296',NULL),
(189,'','Argentina',10,51,'female','1-3','2024-09-09 00:44:22.275381',NULL),
(190,'','Argentina',11,47,'male','>6','2024-09-09 12:28:46.581708',NULL),
(191,'','Argentina',12,29,'male','>6','2024-09-09 16:43:30.696718',NULL),
(192,'','Argentina',13,29,'male','>6','2024-09-09 16:49:03.250755',NULL),
(193,'juliangrigera@gmail.com','Argentina',14,43,'male','1-3','2024-09-10 12:17:20.831347',NULL),
(194,'mechiscatt@gmail.com','Argentina',15,24,'female','1-3','2024-09-10 12:33:36.043249',16),
(195,'sebaez14@gmail.com','Argentina',16,25,'male','4-6','2024-09-10 12:49:46.312324',15),
(196,'','Argentina',9,22,'male','>6','2024-09-10 13:13:35.551720',NULL),
(197,'earbeletche@hotmail.com','Argentina',10,36,'male','>6','2024-09-10 13:21:45.700306',9),
(198,'','Argentina',11,30,'female','none','2024-09-10 14:37:45.609426',NULL),
(199,'yoselie21@gmail.com','Argentina',12,36,'female','4-6','2024-09-10 20:17:21.008347',11),
(200,'','Argentina',13,45,'female','4-6','2024-09-10 20:27:10.583251',NULL),
(201,'','Argentina',14,46,'male','4-6','2024-09-10 20:36:55.350254',NULL),
(202,'carrizocarolina@gmail.com','Argentina',15,38,'female','4-6','2024-09-10 20:46:15.702266',16),
(203,'stoverjuliana@gmail.com','Argentina',16,41,'female','>6','2024-09-10 21:19:30.963246',15),
(204,'draanadanna@gmail.com','Argentina',9,53,'female','>6','2024-09-10 21:24:01.709387',10),
(205,'LUBERTERREIX@GMAIL.COM','Argentina',10,28,'female','1-3','2024-09-10 21:26:20.576332',9),
(206,'','Argentina',11,36,'male','1-3','2024-09-10 21:47:01.123816',NULL),
(207,'jlrodriguezmas@yahoo.com.ar','Argentina',12,59,'male','1-3','2024-09-10 22:46:52.013111',11),
(208,'','Argentina',13,23,'female','4-6','2024-09-10 23:03:19.924694',NULL),
(209,'federico.orlando@info.unlp.edu.ar','Argentina',14,42,'male','4-6','2024-09-10 23:14:05.796657',13),
(210,'willywonka@gmail.com','Argentina',15,23,'male','1-3','2024-09-10 23:15:00.287271',16),
(211,'inessempe@gmail.com','Argentina',16,23,'female','1-3','2024-09-10 23:17:11.813702',15),
(212,'','Argentina',9,52,'male','>6','2024-09-10 23:19:29.199877',NULL),
(213,'taumartin@gmail.com','Afghanistan',10,37,'male','none','2024-09-11 01:21:53.224532',9),
(214,'','Argentina',11,23,'female','>6','2024-09-11 01:22:45.596482',NULL),
(215,'','Argentina',12,21,'female','1-3','2024-09-11 01:53:39.009974',NULL),
(216,'jlrodriguezmas@yahoo.com.ar','Argentina',13,59,'male','1-3','2024-09-11 10:54:43.745230',14),
(217,'joakospinelli@gmail.com','Argentina',14,23,'male','4-6','2024-09-11 12:22:08.557268',13),
(218,'','Argentina',15,23,'male','1-3','2024-09-11 13:08:44.573875',NULL),
(219,'selvapas@gmail.com','Argentina',16,46,'female','4-6','2024-09-11 14:09:38.274673',15),
(220,'ronny.santana.ec@gmail.com','Ecuador',9,36,'male','1-3','2024-09-11 14:17:39.422344',10),
(221,'ronny.santana.ec@gmail.com','Ecuador',10,36,'male','1-3','2024-09-11 14:17:39.723658',9),
(222,'juan.miceli@gmail.com','Afghanistan',11,53,'male','none','2024-09-11 14:22:16.182676',12),
(223,'dsolalinde@gmail.com','Argentina',12,47,'male','1-3','2024-09-11 16:15:39.684990',11),
(224,'sabrinaserrafulles@gmail.com','Argentina',13,36,'female','>6','2024-09-11 16:49:26.247323',14),
(225,'','Argentina',14,58,'female','>6','2024-09-11 17:10:20.286032',NULL),
(226,'','Argentina',15,25,'male','>6','2024-09-11 20:37:59.270532',NULL),
(227,'carla.lunagennari@gmail.com','Argentina',16,32,'female','>6','2024-09-11 20:37:59.822745',15),
(228,'','Argentina',9,21,'female','1-3','2024-09-11 21:11:36.750472',NULL),
(229,'','Uruguay',10,54,'male','1-3','2024-09-11 21:17:15.488366',NULL),
(230,'nicojaure@gmail.com','Argentina',11,43,'male','>6','2024-09-12 01:03:36.692754',12),
(231,'ltorchia@novakorp.io','Argentina',12,23,'male','4-6','2024-09-12 11:45:44.528421',11),
(232,'adrian.lado@gmail.com','Argentina',13,45,'male','>6','2024-09-12 11:55:05.179977',14),
(233,'anahi@linti.unlp.edu.ar','Argentina',14,45,'female','1-3','2024-09-12 12:24:35.627703',13),
(234,'nataliadortu@gmail.com','Argentina',15,28,'female','>6','2024-09-12 14:05:10.423589',16),
(235,'','Argentina',16,22,'male','4-6','2024-09-13 14:25:11.628096',NULL),
(236,'','Argentina',9,22,'male','>6','2024-09-13 17:54:55.712272',NULL),
(237,'interfazinversa@gmail.com','Argentina',10,53,'male','none','2024-09-16 17:33:46.456341',9),
(238,'','Argentina',11,30,'female','1-3','2024-09-18 12:46:56.112595',NULL),
(239,'gastonalonso92@hotmail.com','Argentina',12,32,'male','>6','2024-09-18 15:01:19.142456',11),
(240,'danielbonhaure@gmail.com','Paraguay',13,37,'male','>6','2024-09-18 20:13:40.929058',14),
(241,'','Argentina',14,25,'male','none','2024-09-24 13:11:59.597698',NULL),
(242,'martmauri29@hotmail.com','Argentina',15,24,'male','none','2024-09-24 13:14:40.586941',16),
(243,'irinalamboglia@gmail.com','Argentina',16,22,'female','none','2024-09-24 13:49:34.801129',15),
(244,'laura.cuenca1@gmail.com','Argentina',9,30,'female','1-3','2024-09-24 14:04:44.397571',10),
(245,'','Argentina',10,26,'male','none','2024-09-24 14:11:07.234576',NULL),
(246,'','Argentina',11,30,'female','none','2024-09-24 14:41:26.280287',NULL),
(247,'','Argentina',12,24,'female','none','2024-09-24 15:09:07.238773',NULL),
(248,'mrestebannoe@gmail.com','Argentina',13,20,'male','4-6','2024-09-24 15:57:42.780520',14),
(249,'gabrielagcantero@gmail.com','Argentina',14,37,'female','>6','2024-09-24 16:50:37.189005',13),
(250,'','Argentina',15,20,'male','4-6','2024-09-24 17:03:25.238804',NULL),
(251,'','Argentina',16,23,'male','1-3','2024-09-24 17:07:52.329255',NULL),
(252,'','Argentina',9,20,'male','1-3','2024-09-24 17:48:48.405041',NULL),
(253,'','Argentina',10,25,'female','4-6','2024-09-24 18:21:03.741969',NULL),
(254,'njoaquina50@gmail.com','Argentina',11,24,'female','4-6','2024-09-24 18:28:22.565826',12),
(255,'Messi@gmail.com','Burkina Faso',12,20,'male','>6','2024-09-24 18:51:07.030362',NULL),
(256,'','Argentina',13,21,'male','4-6','2024-09-24 19:10:35.990092',NULL),
(257,'','Argentina',14,22,'male','none','2024-09-24 20:09:26.582317',NULL),
(258,'','Argentina',15,36,'male','none','2024-09-24 20:27:37.916583',NULL),
(259,'','Argentina',16,22,'male','1-3','2024-09-24 22:49:27.810400',NULL),
(260,'','Argentina',9,28,'male','1-3','2024-09-24 23:43:32.887586',NULL),
(261,'','Argentina',10,23,'male','none','2024-09-25 12:24:50.216345',NULL),
(262,'guillermohelfer@gmail.com','Argentina',11,21,'male','1-3','2024-09-25 16:55:13.918745',12),
(263,'','Argentina',12,20,'male','1-3','2024-09-25 21:01:32.505719',NULL),
(264,'','Argentina',13,22,'male','1-3','2024-09-26 20:03:35.002394',NULL),
(265,'diegodesogos@gmail.com','Argentina',14,47,'male','4-6','2024-09-26 22:04:49.859688',13),
(266,'patricioserres@gmail.com','Argentina',15,21,'male','>6','2024-09-27 22:15:32.925114',16),
(267,'','Argentina',16,21,'male','1-3','2024-09-30 12:10:23.878361',NULL),
(268,'jcgardey@lifia.info.unlp.edu.ar','Argentina',9,29,'male','1-3','2024-10-01 23:05:59.969718',10),
(269,'','Argentina',10,22,'male','1-3','2024-10-02 14:40:04.292498',NULL),
(270,'','Argentina',11,25,'female','1-3','2024-10-02 23:42:18.521435',NULL),
(271,'arielmiglio@gmail.com','Argentina',12,43,'male','4-6','2024-11-05 12:41:22.256494',11),
(272,'','Argentina',13,47,'male','>6','2024-11-21 12:56:13.858301',NULL),
(273,'','Argentina',14,23,'female','>6','2025-03-20 23:21:57.139224',NULL),
(274,'','Bolivia',15,54,'male','4-6','2025-03-20 23:22:14.848609',NULL),
(275,'','Argentina',16,21,'male','4-6','2025-03-21 00:17:39.417347',NULL),
(276,'gabo-15@hotmail.com','Argentina',9,30,'male','1-3','2025-03-21 08:55:35.002629',NULL),
(277,'facundopujolsc@gmail.com','Argentina',10,22,'male','1-3','2025-03-21 20:09:43.702839',NULL),
(278,'analiaspardo@gmail.com','Argentina',11,57,'female','1-3','2025-03-21 20:44:37.184013',NULL),
(279,'analiaspardo@gmail.com','Argentina',12,57,'female','1-3','2025-03-21 20:51:13.790723',NULL),
(280,'franciscopasero5@gmail.com','Argentina',13,21,'male','1-3','2025-03-22 02:04:22.259741',NULL),
(281,'sofiarodrigueztec@gmail.com','Argentina',14,23,'female','1-3','2025-03-22 13:24:37.142085',NULL),
(282,'','Argentina',15,22,'female','none','2025-03-22 21:20:28.927126',NULL),
(283,'juliana.mattei177126@alumnos.info.unlp.edu.ar','Argentina',16,32,'female','4-6','2025-03-23 11:23:39.320281',NULL),
(284,'juliana.mattei177126@alumnos.info.unlp.edu.ar','Argentina',9,32,'female','4-6','2025-03-23 11:31:56.281065',NULL),
(285,'','Argentina',10,25,'male','1-3','2025-03-24 01:51:19.379698',NULL),
(286,'','Argentina',11,30,'male','1-3','2025-03-24 15:40:02.233073',NULL),
(287,'jonyariel17@gmail.com','Argentina',12,17,'male','none','2025-03-24 17:00:42.063493',NULL),
(288,'','Argentina',13,30,'female','4-6','2025-03-24 20:41:02.595231',NULL),
(289,'ramos.apablaza@gmail.com','Argentina',14,31,'male','1-3','2025-03-24 22:17:35.803837',NULL),
(290,'juanignacioglassman@gmail.com','Argentina',15,21,'female','1-3','2025-03-24 22:40:05.726240',NULL),
(291,'bitacoranoob@gmail.com','Argentina',16,25,'male','>6','2025-03-24 22:43:26.275310',NULL),
(292,'Fiammapalazzo99@gmail.com','Argentina',9,25,'female','1-3','2025-03-24 22:48:09.924633',NULL),
(293,'lucia.nowell.2002@gmail.com','Argentina',10,22,'female','4-6','2025-03-24 23:20:58.492825',NULL),
(294,'elizondoflorencia5@gmail.com','Argentina',11,30,'female','1-3','2025-03-24 23:34:17.026625',NULL),
(295,'katherinevaleska00@gmail.com','Argentina',12,24,'female','>6','2025-03-25 00:38:08.274573',NULL),
(296,'','Argentina',13,51,'female','>6','2025-03-25 00:40:04.473690',NULL),
(297,'foureslabones@gmail.com','Argentina',14,62,'male','1-3','2025-03-25 00:40:06.964694',NULL),
(298,'','Argentina',15,27,'male','>6','2025-03-25 02:39:59.211390',NULL),
(299,'mauriaplafi@gmail.com','Argentina',16,21,'male','4-6','2025-03-25 13:01:17.918244',NULL),
(300,'','Afghanistan',9,4,'male','none','2025-12-01 09:19:39.723860',NULL);
/*!40000 ALTER TABLE `user_sessions_usersession` ENABLE KEYS */;
UNLOCK TABLES;

--
-- Table structure for table `websites_website`
--

DROP TABLE IF EXISTS `websites_website`;
/*!40101 SET @saved_cs_client     = @@character_set_client */;
/*!40101 SET character_set_client = utf8 */;
CREATE TABLE `websites_website` (
  `id` bigint(20) NOT NULL AUTO_INCREMENT,
  `name` varchar(255) NOT NULL,
  `url` varchar(200) NOT NULL,
  `instructions` longtext NOT NULL,
  `ux_analyzer_token` varchar(255) DEFAULT NULL,
  PRIMARY KEY (`id`)
) ENGINE=InnoDB AUTO_INCREMENT=65 DEFAULT CHARSET=utf8mb4 COLLATE=utf8mb4_general_ci;
/*!40101 SET character_set_client = @saved_cs_client */;

--
-- Dumping data for table `websites_website`
--

LOCK TABLES `websites_website` WRITE;
/*!40000 ALTER TABLE `websites_website` DISABLE KEYS */;
INSERT INTO `websites_website` VALUES
(33,'Air Somewhere','/check_in?enabled=false','Common.TaskCheckin','5pglpt0n00p3u7h8'),
(34,'Car Rental','/car_rental?enabled=true','Common.TaskCar','r05gzgf7vsehgx45'),
(35,'EBook','/ebook?enabled=true','Common.TaskEBook','5xkw5o922adtihkq'),
(36,'Roomio','/roomio?enabled=false','Common.TaskRoomio','584a2z9ch8g0et43'),
(37,'Air Somewhere','/check_in?enabled=true','Common.TaskCheckin','vxm9bs6jeajg28dy'),
(38,'Car Rental','/car_rental?enabled=false','Common.TaskCar','kl3nmr1pw5whdm6h'),
(39,'EBook','/ebook?enabled=false','Common.TaskEBook','ej1rvlp6ogqent8z'),
(40,'Roomio','/roomio?enabled=true','Common.TaskRoomio','lq28rkweb4pmjlzz');
/*!40000 ALTER TABLE `websites_website` ENABLE KEYS */;
UNLOCK TABLES;

--
-- Table structure for table `websites_websitegroup`
--

DROP TABLE IF EXISTS `websites_websitegroup`;
/*!40101 SET @saved_cs_client     = @@character_set_client */;
/*!40101 SET character_set_client = utf8 */;
CREATE TABLE `websites_websitegroup` (
  `id` bigint(20) NOT NULL AUTO_INCREMENT,
  `name` varchar(255) NOT NULL,
  `order` smallint(6) NOT NULL,
  PRIMARY KEY (`id`)
) ENGINE=InnoDB AUTO_INCREMENT=17 DEFAULT CHARSET=utf8mb4 COLLATE=utf8mb4_general_ci;
/*!40101 SET character_set_client = @saved_cs_client */;

--
-- Dumping data for table `websites_websitegroup`
--

LOCK TABLES `websites_websitegroup` WRITE;
/*!40000 ALTER TABLE `websites_websitegroup` DISABLE KEYS */;
INSERT INTO `websites_websitegroup` VALUES
(9,'Vuelos NDP - Autos DP - Libros DP - Hotel NDP',1),
(10,'Vuelos DP - Autos NDP - Libros NDP - Hotel DP',2),
(11,'Autos NDP - Libros DP - Hotel DP - Vuelos NDP',3),
(12,'Autos DP - Libros NDP - Hotel NDP - Vuelos DP',4),
(13,'Libros NDP - Vuelos DP - Hotel DP - Autos NDP',5),
(14,'Libros DP - Vuelos NDP - Hotel NDP - Autos DP',6),
(15,'Hotel NDP - Autos DP - Vuelos DP - Libros NDP',7),
(16,'Hotel DP - Autos NDP - Vuelos NDP - Libros DP',8);
/*!40000 ALTER TABLE `websites_websitegroup` ENABLE KEYS */;
UNLOCK TABLES;

--
-- Table structure for table `websites_websiteingroup`
--

DROP TABLE IF EXISTS `websites_websiteingroup`;
/*!40101 SET @saved_cs_client     = @@character_set_client */;
/*!40101 SET character_set_client = utf8 */;
CREATE TABLE `websites_websiteingroup` (
  `id` bigint(20) NOT NULL AUTO_INCREMENT,
  `order` smallint(6) NOT NULL,
  `group_id` bigint(20) NOT NULL,
  `website_id` bigint(20) NOT NULL,
  PRIMARY KEY (`id`),
  KEY `websites_websiteingr_group_id_353304cf_fk_websites_` (`group_id`),
  KEY `websites_websiteingr_website_id_d00b8032_fk_websites_` (`website_id`),
  CONSTRAINT `websites_websiteingr_group_id_353304cf_fk_websites_` FOREIGN KEY (`group_id`) REFERENCES `websites_websitegroup` (`id`),
  CONSTRAINT `websites_websiteingr_website_id_d00b8032_fk_websites_` FOREIGN KEY (`website_id`) REFERENCES `websites_website` (`id`)
) ENGINE=InnoDB AUTO_INCREMENT=35 DEFAULT CHARSET=utf8mb4 COLLATE=utf8mb4_general_ci;
/*!40101 SET character_set_client = @saved_cs_client */;

--
-- Dumping data for table `websites_websiteingroup`
--

LOCK TABLES `websites_websiteingroup` WRITE;
/*!40000 ALTER TABLE `websites_websiteingroup` DISABLE KEYS */;
INSERT INTO `websites_websiteingroup` VALUES
(1,1,9,33),
(2,2,9,34),
(3,3,9,35),
(4,4,9,36),
(5,1,10,37),
(6,2,10,38),
(7,3,10,39),
(8,4,10,40),
(9,1,11,38),
(10,2,11,35),
(11,3,11,40),
(12,4,11,33),
(13,1,12,34),
(14,2,12,39),
(15,3,12,36),
(16,4,12,37),
(17,1,13,39),
(18,2,13,37),
(19,3,13,40),
(20,4,13,38),
(21,1,14,40),
(22,2,14,33),
(23,3,14,36),
(24,4,14,34),
(27,1,15,36),
(28,2,15,34),
(29,3,15,37),
(30,4,15,39),
(31,1,16,40),
(32,2,16,38),
(33,3,16,33),
(34,4,16,35);
/*!40000 ALTER TABLE `websites_websiteingroup` ENABLE KEYS */;
UNLOCK TABLES;
/*!40103 SET TIME_ZONE=@OLD_TIME_ZONE */;

/*!40101 SET SQL_MODE=@OLD_SQL_MODE */;
/*!40014 SET FOREIGN_KEY_CHECKS=@OLD_FOREIGN_KEY_CHECKS */;
/*!40014 SET UNIQUE_CHECKS=@OLD_UNIQUE_CHECKS */;
/*!40101 SET CHARACTER_SET_CLIENT=@OLD_CHARACTER_SET_CLIENT */;
/*!40101 SET CHARACTER_SET_RESULTS=@OLD_CHARACTER_SET_RESULTS */;
/*!40101 SET COLLATION_CONNECTION=@OLD_COLLATION_CONNECTION */;
/*!40111 SET SQL_NOTES=@OLD_SQL_NOTES */;

-- Dump completed on 2026-04-13 13:33:19
